review_id,platform,type,tokenized_text
IMDB_0001,imdb,film,back definitive version pride prejudice brought everyone know saw agrees simply best much acting having colin firth darcy isn bad biggest reason adore made version long long allows story unfold slowly never rushed unfortunately every movie version seen too rushed hard shove wonderful story two hour time slot matter good movie quite good cannot hope equal mini series shame actually much like keira knightly version music great locations top notch bennett girls actually look proper ages example mgm version actual ages actresses mid almost bennetts supposed teenagers advice ahead watch film really lovely yourself favor find version thankful believe
IMDB_0002,imdb,film,book wonderful jane austen definitely better film dealing consequences love social differences late century film certainly handsome looking some truly beautiful locations costumes nice script some excellent performances keira knightly lizzie particular judi dench lady catherine donald sutherland yeah saw right quite charming bennett put awkward accent aside liked matthew macfadyen darcy handsome looks say prefer colin firth interpretation sublime mini series firth seemed adopt likable sympathetic approach character liked way film dealt period look social differences while lot pride liked seen little prejudice anything film done being twenty minutes longer felt wasn quite enough content book again long time since read
IMDB_0003,imdb,film,before start like say can read read book read title movie before watching quite disappointed pompous idiots filled prejudice movie know another version well mined jane austen classic need brilliant indeed such diverse beautifully written characters such delightful plot deeply rooted profound understanding human nature timelessly attractive directors actors audiences alike give them break couldn any better lets start darcy darcys embodied olivier firth now matthew mcfadyen bring differently significance enjoy proud socially awkward leading male role where olivier firth gave aloof arrogant darcy encased rigidly shell impenetrable almost impossible believe moved lizzie sardonic criticisms attracted spirited independence mcfadyen shows accessible darcy vulnerable even fragile behind stiff manners aloofness believably social inadequacy arrogance yet believably constrained social standing regard decorum
IMDB_0004,imdb,film,jane austen tale love economics reaches once energy thorough novelty pride prejudice favorite novel mine since first read seen laurence olivier greer garson colin firth jennifer ehle now matthew macfadyen kiera knightly amazingly enough never disappointed material seems full proof colin firth darcy many ways darcy always imagined actor followed feverishly since glorious adrian leduc apartment zero matthew macfadyen totally new managed create sense longing makes final pay off satisfying kiera knightly ravishing revelation must confess didn remotely imagined capable powerful range brilliantly shows here other big surprise joe wright director feature film debut promising extraordinary photography art direction spectacular supporting cast particular donald sutherland brenda blethyn makes new version perennial classic memorable evening movies
IMDB_0005,imdb,film,modernised version jane austen classic novel compared unfavourably hollywood olivier garson version nor several bbc serials culminating most acclaimed series version colin firth jennifer ehle personal favourite film clocks minutes europe minutes usa canada extended version allowing audiences share timeless love story main characters elizabeth bennet darcy director joe wright plus screenwriters oscar winner emma thompson contributed final screenplay chosen emphasise elizabeth bennet darcy plus jane bennet bingley story lines reduce wickman charlotte collins supporting characters austen famous witsatire humour forms basis enduring appeal pride prejudice finally published continues annual bestseller sidelined open version emotional drama modern audiences open newer interpretation can avoid comparisons nearly hour version allowed greater depth detail telling characters story lines accept some new film rushed story lines treat new british star keira knightley elizabeth bennet excels first real leading actress role ably supported fellow brit rosamund pike jane bennet sisters supportive each other bennett family problems knightley right age characterthis allows elizabeth girlish personality plus character pride misjudgements loving nature shine through great star turns brenda blethyn mother mrs bennet plus oscar winner judi dench fearsome lady bourgh darcy aunt add depth film version claudie blakley elizabeths wise friend charlotte lucas simon wood amusing bingley delightful supporting performers major surprise canadian actor donald sutherland touching performance bennet capturing both humour living female household five daughters look after poignancy seeing eldest children difficult relationships develop easily best acting performance years difficult role darcy rising british star matthew macfadyen bbc spy series spooks award winning new zealand film father den rises occasion short running time enough time allow darcy repressed prejudiced personality fully represented macfadyen perfectly displays darcy social class problems unfortunate attempts gaining eliabeth bennet interest painful adjustments achieve personal love story macfayden knightley objectionable first dancetheir embarrassingly moving collins house meetingthe unexpected pemberley encounter plus two proposal scenes highlights film engaging acting performances wondrous film photographyfilm locations some united kingdom most famous stately homes marvellous film sets costumes plus best original music scores add greatly new film version better films perfect film making intended subtle austen novel wonderful surprise some changes present modern version pride prejudice current audiences see film released worldwide after seeing film visiting bbc series read original novel classic storyline memorable characters austen brilliant writing style
IMDB_0006,imdb,film,pride prejudice began pride prejudice attempt well regarded five hour classic colin firth bbc mini series poorly filmed visually utterly recreating text austen original ends being awkward sort awful movie know sacriledge some switched after hour seen before two minutes sucked think biggest first point true austen must find way put make feel text facts truth translation film effect final truth movie manages short two hours yes filmic film gorgeous thoughtful handles scenes light movement camera capturing space wonderful film physical level particular scenes middle especially party where camera follows action character character through several rooms glorious long take fills sensation being beautifully might say keira knightly movie
IMDB_0007,imdb,film,atonement tendancy dramatic ambiance given mention anna karenina starring knightley works kind dramatization purists probably hate makes original take classic own dignity beauty add knightly filming shows amazing depth young actress recommended
IMDB_0008,imdb,film,pride prejudice always favourite books any screen incarnation live certain personal expectations character style etc course gold standard bbc series other reviewers pointed luxury several episodes cover story here takes two hours truly delighted enjoy movie much lot live first thing must say exquisitely photographed atmosphere set beautiful cinematography perfect film deserves nominated oscar basis alone awe technical crew director find such unspoiled vistas such perfect weather england say brit used live close some eastern england locations sat right through end credits see where shot because assumed must filmed some remote rural continental european locale felt quite ashamed doubted ability native land still provide such delightful scenery mist rising off early morning fields geese perfect farm pond
IMDB_0009,imdb,film,fantastic romantic world jane austen again makes way silver screen joe wright new adaptation classic novel pride prejudice first feature film adapted years believe say does disappoint adaptation lack better word brilliant achievement keeps actively involved first scene last scene consuming aching romance sprinkled humour intelligence still taking place late still interweaving story timeless emotion pride narrow mindedness love pride prejudice zooms bennet household class conscious stuck england household follow five spirited sisters under idealism overbearing mother superbly neurotic brenda blethlyn providing comic relief desperately wants them marry thereby secure future family estate standout sister protagonist film lizzie keira knightley clever enough other ideas alas too romantic carry them sigh reviewing period films such often focuses setting costume design believe done because often better crafted actual story pride prejudice
IMDB_0010,imdb,film,outstanding macfadyen worthy darcy darned good actor boot scenery backgrounds country folk much realistic previous versions costumes hairdos seemed keeping times another great addition priceless donald sutherland perfect world scenes judy densch those two can chew scenery nobody can finally keira knightly jewel beauty apparent almost detracts fact good actress can hold own any room delight only wish hours long
IMDB_0011,imdb,film,while say first off movie production ever made ever equal novel especially magnitude movie well done read many reviews going either way must say enjoyed film much many quick criticize mac performance saying didn good job thought fine believe colin keira knightley absolutely incredible film far say breakout performance donald sutherland amazing can expected him judi like always incredible role lady catherine complete avid fan book may may like only complaint fact short again quite hard make page novel two hour movie easily phenomenal display acting entire cast score perfect warning though movie concentrates love story austen satire society
IMDB_0012,imdb,film,years waited pride prejudice perfectly captured wit intelligence passion romance jane austen classic mini fabulous watched many times always frustrated while got much dialogue detail right somehow fell flat some subtle dynamics novel finally movie adaption captured before missing true took license regarding some verbiage detail novel ultimately completely captured characters transformations strengths vulnerabilities passions simply cannot definitive work pride prejudice two hours film doesn try does attempt capture story characters does beautifully well acted well directed connects book connected while rush skimp scenes characters
IMDB_0013,imdb,film,absolutely enjoyed movie point near feel like need see good period drama movie found cinematography romantic yet realistic performances keira matthew where beautiful full attraction tension due movie now turned hopeless romantic period drama fanatic liked movie invested watching other period dramas highly recommend anne series persuasion sense sensibility outlander series
IMDB_0014,imdb,film,quintessentially english film utterly charming traditional interpretation jane austen novel manages entertain amuse even move first time director joe wright worked television playwright deborah moggach script wonderful collection mainly british actors delight versatile camera work luscious countryside grand settings period costumes atmospheric music evidence work much love lavished heart triumph delightful year old keira knightley assured sharp elizabeth bennett second five daughters looking married off anxious mother knightley rise thespian firmament meteoric best performance date role perfectly cast matthew macfadyen suitably brooding gauche darcy cast list enlivened splendid british character actors including brenda blethyn lizzie irascible mother tom hollander diminutive cleric seeking wife judi dench formidable lady catherine plus canadian donald sutherland lizzie wise father georgian world social conventions present veritable minefield indiscretions misunderstandings formal dance can intricate occasion international diplomacy pride prejudice only two obstacles overcome before inevitably true love brings lizzie dark knight nose nose don even see kiss passionate stuff indeed
IMDB_0015,imdb,film,felt distracted realism film jane austen gone detail farm chickens hogs etc portrayed film jane austen world gentle bennets despite pretensions middle class television series got right film new film deviated too far book author intent dealing manners aspiring middle class early nineteenth century although costumes appeared authentic makeup too heavy eyebrows women too sculptured men beard too unshaven characteristic good feature variety clothing styles form current early outdated judi dench donald sutherland remember david maclean saying film zhivago forgot hairstyles here forgot makeup
IMDB_0016,imdb,film,complaints some reviews here mystifying except those obvious pretentions elitism chemistry between leads unparalleled other iterations magic brilliant unlike olivier macfayden skill subtlety reserve modern version far superior version depicting nuance romance complexity instead oddly idealized previous versions simplistic flat caracitures stunningly perfect performances directing writing
IMDB_0017,imdb,film,really nothing negative say film actors perfectly cast direction subtle well realized even shade cinematic expected needed moment early film elizabeth darcy arguing while dancing look each other everyone else room disappears emotional cinematic brilliant soft little touches like throughout film make work far better some dry bbc version any jane austen book yes yes male
IMDB_0018,imdb,film,keira knightley brings magic screen first frame film reads book slowly walks back brick home bennet family while ducks waddle clothes flap wind thus setting romantic location beautiful english country side magnificence great english homes create visual background pride prejudice development characters follow cast really superb brenda blethyn donald sutherland performances cast true essence bennet mother father provide strong contrast aristocracy represented always strong performance judy dench matthew macfadyen wonderful darcy scenes lovely keira knightly build build development romance scene between them rain under colonnade truly remember cherish pride prejudice stay forever romance tale lovely bennet handsome darcy timeless setting dialog romance
IMDB_0019,imdb,film,pride prejudice absolutely fantastic film great cast keira knightly excellent job matthew macfadyen wonderful role darcy cinematography ridiculously good some fantastic shots costumes fantastic script fairly good true classic jane austen wickam made appearance striking resemblance orlando bloom movie moved fairly fast trying fit such novel two hours hard anyway say well done involved such beloved book can hard project take after watching really can wait until see again
IMDB_0020,imdb,film,amazed many people think books being encompassed stories story appears film relatively unaltered purists rejoice silly stories frames meaningful stuff draped after jane austen invented novel way idea appears effect idea itself images well jane two great inventions first building two parallel narratives individuals bumping each other other grander forces life society two interact times much made these turning points usually two layered top other shifting dominance other great invention devising narrative style sometimes centered people sometimes containing world using poke sly fun other converting austen film challenge indeed only want capture austen magic past projects used merchant ivory approach takes people alone context only provide lushness decoration fate become known noir challenge comes handle layers already many ways folding films mostly require structure story itself introduce notion second flowing layer without changing story why cinematically here don know director teevee obviously inexperienced these matters credit producers specifying technique glorious excess nearly every shot structured least two layers things happening both foreground background opening scene introduces wonderful sequence worthy welles
IMDB_0021,imdb,film,some trepidation went see film believing enjoy way compare book adaptation however floated cinema lavish production lots giggles thought brilliant performances keira knightley matthew mcfadyen romance believable somewhat rushed having squash lots happenings hour film think see again big screen production works however suspect die hard austen fans may object differences film book see judge yourselves
IMDB_0022,imdb,film,having attended regional charity premiere last night can safely say actors chosen succeeded bringing characters life adaptation hit perfect note every time terms humour romance warmth keira knightley plays wonderfully spirited lizzie macfayden really hits spot dour yet shy darcy whole cast throw themselves roles gusto overall film left viewer charmed delighted obviously going tough time proving itself those loved bbc adaptation seems become many adaptation novel give chance those don missing sorry keep brief don want accused giving anything away
IMDB_0023,imdb,film,adaptation jane austen classic novel keira knightley plays elizabeth bennett rebellious young woman refuses marry wealthy man mother brenda blethyn picked although save family poverty meanwhile four sisters deal own suitors including mysterious darcy admit never read novel period pieces don really interest wasn expecting much movie however pride prejudice solid film engaging romance strong characters best part film probably cinematography whole film looks fantastic engaging hook please eyes director joe wright does good job behind camera captures romance nicely moves film nice pace sometimes film moves slowly actors get rough patches entire cast say donald sutherland gives best performance seemed little simple still pretty nice keira knightley gives good performance though don agree oscar nomination character portrayed different girl giggles everything beginning film keira too giggly didn fit character though gets better film progresses rosamund pike gives good performance even character little dull jena malone gives annoying performance fits character say good job brenda blethyn gives funny performance elizabeth mother some memorable scenes donald sutherland matthew macfadyen gives strong performance great chemistry keira two them make predictable story engaging times thanks performances couple things didn like movie though few cheesy scenes kind unnecessary example end film darcy elizabeth kissing huge yellow sunset background felt little too much course some things unavoidable chick flicks screenplay pretty good though don know faithful compared book score pretty good easy tell why got nominated oscar most film top notch defiantly film both girls guys end wonderful surprise worth checking rating
IMDB_0024,imdb,film,seen movie wanna say million times darcy social ineptitude always little bit charming know outcome hard can pick subtle digs elizabethan english once movie hilarious well well worth watch haven already
IMDB_0025,imdb,film,new pride prejudice pleasant enough stunning photography locations definitely less polished adaptation bbc series action moved back yearsto jane auste started writing book rather published costumes period details usual imagery jane austen work bennet girls presented true country girls unkempt hair modest clothing house looks worn messy chickens walking courtyard everything some charm afraid serious let downs first compress rich book like pride prejudice two hours inevitably lead cuts didn allow sufficiently develop many different characters particular wickham mere passing figure
IMDB_0026,imdb,film,film favorite version classic acting top notch beautifully filmed too long must girls night
IMDB_0027,imdb,film,makes angry reading some reviews here say jane austin turning grave snobbish say least these sort people shocked someone eats banana wrong way wonderful modern part important adaptation beautiful cinematography characters charming real most importantly relatable performances convincing music scenery mesmerising dialogue strong once two hours stopped thought boring yes let your hair down enjoy movie
IMDB_0028,imdb,film,really hated modify scenes book change spirit completely too much change jane austen witty dialogue some dross especially early piece definitely improvement loud grubby group idea bennetts friends bennetts may poor may well lived shabby house class lot proposition darcy aloofness because shy confident seemed pathetic darcy certainly pathetic except scene where gave lovely smile mathew macfadyen wore same expression pretty much throughout surprising darcy such boring character kiera knightly seemed much flighty lizzy seemed like lydia benny hill version subtlety little wit almost slapstick thank god bbc
IMDB_0029,imdb,film,overall pride prejudice novel well portrayed through use film pride prejudice movie used frames unique manner making intriguing entertaining cinematography characters collins mrs bennet annoying however viewed accurate portrayal character possibly even better portrayed novel feel though novel rather poor job depicting sheer disturbance others caused collins bennet contrasted movie another thing found intriguing movie use dark color especially used outfits darcy example frequently wore vampire esc clothing helped portray mysterious character contrasted colonel fitzwilliam frequently wore light colors can get good sense importance color film overall jane austin extraordinarily overrated mediocre author
IMDB_0030,imdb,film,movie beautifully shot supporting cast does well limited time screen leads refreshingly young passionate knightley fiery expressive macfadyen says much pause look those yet see open mind enjoy read some many harsh comments written movie quite frankly don understand need bash amounts rather good interpretation book austen purists come droves nitpick every aspect hail miniseries definitive adaptation loved miniseries gathers dust dvd collection why close minded different view beloved characters does new movie take liberties absolutely only hours fill surprising however found quite refreshing see characters new light example knightley youthful matronly lizzy made sparkle
IMDB_0031,imdb,film,although rarely give excellent scores movies pride prejudice seems demand whatever flaws exist film aren even noticeable once swept magic story spell broken moment until television turned off true surprise movie anyway matthew macfadyen excellent portrayal fitzwilliam darcy huge fan jane austen book colin firth darcy although momentous own ways never quite seemed match written account macfadyen triumphs bringing vulnerability feeds shell pride awkward shyness lurks beyond disdainful haughty brow hesitation comes sharing feelings lizzie bennet exactly pictured book almost boyful youthful embarrassment paired desire strength man truly shone keira knightley superb believed career stereotyped work pirates carribbean glance film prove wrong incredible talent play many different roles bring many different moves happy carefree elizabeth shades overcome sorrow regret wonderfully brought life knightley other actresses actors movie quite excellent especially simon woods whom heard before something makes pride prejudice treat eye delightful filming whirls throughout ballrooms across entry halls conversation conversation dance dance without even noticing aren yourself raw desire makes ending satisfactory something rarely found movie
IMDB_0032,imdb,film,well mounted adaptation jane austen novel little too hollywoodised entire cast picked looks rather acting talents certainly looks nice ring authenticity why bother bbc miniseries exists much depth heartfelt
IMDB_0033,imdb,film,can stop watching taken back time period don want leave amazing relationship between darcy elizabeth bennett believe honest another conversations everything need order get heart jane austen intended absolutely nothing don need probably best dialogue world film couldn done perfectly big part cinematography incredibly beautiful far different anything seen before example see darcy mirror drops off letter looking directly through eyes elizabeth mention breathtaking landscapes hundreds examples can possibly describe them well movie can show them never read book after being captivated film don see can possibly avoid now went bought today everything movie enchanting refreshing truth judge each other start honesty confront each other keira knightly brings elegance character elizabeth along down earth manner living approaching people matthew macfadyen simply sublime doesn even need lines facial expressions get whole meaning across whenever watch every scene cannot help stare him entire time else feel like missing something important hate blinking scene donald sutherland everyone else well basically want say film absolutely hands down
IMDB_0034,imdb,film,heard controversy non canonical ending went fully prepared hate version wonderful note perfect throughout hard see casting improved jane mrs bennett perfect knightley surprisingly good suspected pull off role elizabeth bennett sutherland born play bennett interiors set decoration costumes looked perfect dances astonishing outdoor scenes everything credit digital effects presume helped landscapes look good poor darcy impossible job following firth definitive performance succeeds bringing credible interpretation role found much better version reviews suggest pleasant surprise
IMDB_0035,imdb,film,after good friend handed pride prejudice eighth grade implored read entered world bennet each year wondering movie going made capture austen characters knew well book bit skeptical first due some casting glad say wrong prejudice wish tell director himself much enjoyed interpretation outstanding story witty breath taking acting realistic cannot help drawn story matthew mcfadyen outstanding job showing complexities darcy character while keira knightley brought independent clever subtleties elizabeth bennet ensemble actors screenwriters set designers others worked film truly superior job jane austen fan favorite brought life screen
IMDB_0036,imdb,film,although seen new version twice still give advantage firth ehle version because mini series time develop characters yes keira knightley lovely modern look isn suited play character doesn convey elizabeth maturity intellectual strength macfadyen darcy doesn convey painful stiffness upperclass snobbery instead macfadyen acts like sullen tortured heathcliff romantic yes darcy new version much less true manners day such bingley visits jane sickbed darcy walks house leaves letter elizabeth elizabeth wanders outside nightgown barefoot why dress keira such unattractive costumes brown homespun elizabeth wasn adolescent tomboy look given finally
IMDB_0037,imdb,film,thoroughly enjoyed film much thought going huge fan period drama love historical films general wanted give haven read book too many want read seen version considering film own right adaptation acting brilliant nearly concerned particularly keira knightley donald sutherland film keeps good pace slow dragging stories usually concern type film let down maybe sisters sorry can remember name incredibly annoying may meant way cinematography stunning combined outfits cast make pride prejudice visual treat
IMDB_0038,imdb,film,read book seen bbc version went expecting much got completely written off first things first difficult task reduce book two hour film really shall return point later cast mrs bennett nowhere near good alison steadman version two star performances bbc version steadman accused being caricature bbc version indeed austin book commands mrs bennett second other star bbc version collins enough said new collins better surely isn man girl wish marry annoying where ends much further utterly repulsive bbc version third bingley drab too silly forth sisters silly enough annoying lydia particular fails mary better bbc version general like bennett where film does better bbc version final scene between bennett elizabeth here better scripted acted dudy dench
IMDB_0039,imdb,film,believe keira knightley best film gives spirited rendering lizzie bennett heart soul every scene charismatic performance does dim matter often watch film joe wright direction equally crucial making such delightful watch three favourite scenes two knightley work dance darcy sparks fly confrontation darcy rejects proposal marvelous third wright passage time rotates swing changing farmyard through seasons lovingly created
IMDB_0040,imdb,film,see netflix advertising pride prejudice adaptation earthy sensual bottom collection pride prejudice movies starts romantic laurence olivier greer garson version where everyone worries far civility behavior delicacy feelings anything else lives including napoleonic wars darcy elizabeth consumed passion motivated lust actually farthest production some heavy breathing remember however reviewer claiming ridiculously darcy motivated consuming lust elizabeth netflix doesn understand those respected adored novel several centuries actually read absolutely get pretty sure austen fainted thought sensual elizabeth much exposed naked ankle any male whom married related okay older mortally tired pushing envelope label some productions entirely suitable those long replace traditional standards art beauty pound naked female twerkers claiming new standard female beauty
IMDB_0041,imdb,film,saw toronto inter film festival first thought why yet another pride prejudice quickly changed mind yes version wonderful yes can develop characters lot miniseries let judge own terms version set earlier director explained thought empire dresses too ugly justified earlier date because date first draft looks bit different realistic ask bennetts live real estate pigs mud around chatsworth jane austen visited fills pemberley exception ball scenes scene town little epic period piece needed keira makes wonderful elizabeth right age vivacious silly does great job donald sutherland bennett first idea seems preposterous once again
IMDB_0042,imdb,film,pride prejudice far greatest love stories ever written far away most developed story jane austen wrote movie wonderful breathtaking script fairly faithful story line indeed faithful portrayal characters dramatized differently those jane book said portrayal beautiful well worth attention austen lovers every where give removing point only basis took liberties style jane austen portrayed book other magnificent
IMDB_0043,imdb,film,wanted say those weren already aware version pride prejudice mostly art film went see expecting them focus things like telling story using witty dialouge utmost shocked discover wasn story story backdrop case used give visual imagery art film going expecting something different hopefully help disappointed comparing version pride prejudice any other because entirely different creature actors cannot compared other actors because version going entirely different feel keira matthew even attempting imitate jennifer colin performance comparison moot version supposed able become attached characters amazed witty dialouge sounds enchanted story these rushed glossed over feeling because main thing here visual medium art film called pride prejudice other resemblance jane austen book previous adaptations non existent being said keira knightly beautiful collins painfully amusing creepy lot beautiful camera work lot awkward moments worth seeing form your own opinion prepared expect
IMDB_0044,imdb,film,pride prejudice directed joe wright honest effective attempt bring jane austen novel screen plot novel film boils down love hate relationship between elizabeth bennet keira knightley darcy matthew macfadyen thought macfayden adequate darcy although possibly somewhat coarse appearance manners darcy snob portrayed elegant snob keira knightley obviously works hard portraying elizabeth bennet fine actor much century woman trouble accepting period piece unfortunately never caught any true chemistry between two lead actors without nothing else can really work well simon woods miscast misdirected role bingley bingley may strength character darcy shouldn portrayed callow fool other actors competent job especially rosamund pike luminous jane bennet elizabeth older sister
IMDB_0045,imdb,film,beautiful pride prejudice ones seen portrayed book most accurate made believed actually read years ago made think really happened casting good believe didn like some cast like guy played collins wholeheartedly job keira knightley born role don believe read pride prejudice abridged version though seen versions movie before saw best matthew macfayden perfect darcy chemistry between him keira knightley brilliant scenes made wanted wanted feel sunlight everything them loved movie see again anything clothes wonderful directing wonderful scenery wonderful props wonderful special effects wonderful everything wonderful
IMDB_0046,imdb,film,believe pride prejudice most transported english novels film television seen adaptation each merits problems however generally agreed miniseries most perfect canonical film good like several problems quite acceptable positive notes retain here story already know well takes place final years century saw director wanted avoid fashion regency period doesn like taking advantage fact austen wrote early version book around time well can say share thoughts director joe wright comes dresses regency first french empire period aesthetically much less interesting bridal cakes pre french revolution period
IMDB_0047,imdb,film,beautiful landscape natural lighting fit tone plot lost undone unclear dense dialogue motivations character development seemingly inexplicable overly theatrical beautiful landscape natural lighting fit tone plot lost undone unclear dense dialogue motivations character development seemingly inexplicable overly theatrical beautiful landscape natural lighting fit tone plot lost undone unclear dense dialogue motivations character development seemingly inexplicable overly theatrical
IMDB_0048,imdb,film,deeply dumbed down version austen every hairstyle wrong bennett family look behave like californian hippies prone spouting occasional bits austen dialogue give key indicator badly researched produced film point lady catherine burgh great snobs english literature handed cup tea servant says thank fact bennetts live same house herberts inhabited draughtsman contract surreal touch any greenaway fan
IMDB_0049,imdb,film,went see degree scepticism fond memories series colin firth darcy need worry believe met challenge every english female watched series scene maybe even surpassed took breath away version filmed sensitivity emotional insight telling glance here look thousand words can say having said vocal sparring between lizzie darcy both intelligent witty whole picture house joined journey sighing laughing gasping same places felt completely home characters keira wonderful elizabeth mathew macfadyen tremendous darcy brenda blethyn outstanding mrs bennet donald sutherland joy watch always nobody disappoints ensemble spent most uplifting hours time long while left feeling happy content tear eye spring step
IMDB_0050,imdb,film,film both visually pleasing entertaining never seen such excellent adaptation classic film truly captivating directing perfect visually pleasing really helped convey story immensely well successful conveying emotion audience utterly captivated throughout movie because acting absolutely amazing includes kiera well actors minor characters real alive watched film twice still felt first watched film wonderful every aspect must watch film least definitely enjoy watching
IMDB_0051,imdb,film,saw film last weekend some trepidation english teacher ardent jane austen fan didn think anything come close equaling bbc mini series starred colin firth jennifer ehle opinion film surpasses like laurence olivier greer garson adaptation does strictly adhere novel captures essence austen story film never clearly class distinction between darcy elizabeth shown bennet meant poor respectable longbourn home after farm previous incarnations shown class distinction through size respected homes bennet longbourn estate still grand many indisputably small comparison darcy home pemberly lyme park bbc series chatworth house here fashions distinction rank preserved feel catch someone like darcy friend bingley serious achievement acting wonderful dame judi dench nasty lady catherine tom hollander comedic collins keira knightley again shines many may disappointed matthew macfadyen darcy simply because isn colin firth love firth coming lake too macfadyen performance sterling those seen him series spooks surprised far austen darcy predecessors previous interpretations though excellent themselves believe corrupted darcy true nature austen darcy moody shy makes him seem arrogant rude those know him some excellent scenes take some liberties book such where darcy helps friend practice important speech these reveal truth these characters really while some sub plots glossed over such fate squeezing much hours main elements story conveyed convincingly film wonderful adaptation encompasses real essence novel made pick miss austen once again page enjoy
IMDB_0052,imdb,film,sublime film livre une histoire amour magique
IMDB_0053,imdb,film,die hard pride prejudice fan both reading book watching mini series either via own copy dvd movie version keira knightly entertaining can help continuously comparing bbc mini series scenery cast characters adapted book always prefer bbc version although prefer bbc version found version added humor story therefore giving added twist keeping entertaining convinced keira elizabeth bennett rosamund pike good jane additionally tom hollander great bumbling collins wouldn rush buy dvd entertaining long movie
IMDB_0054,imdb,film,goodness movie wasn bad side note seen production favorite movie time watch least once week minutes think lot people went movie expecting like last purpose making same disappointed good grief only hours surely wouldn expect them get every last detail unless want them run tape double triple speed personally liked picture perfect take movie different looking
IMDB_0055,imdb,film,must admit went theatre almost completely biased determined dislike movie matthew macfadyen darcy because earth live colin firth gorgeously arrogant aristocratic portrayal fitzwilliam tried dislike tried find fault damn blast wretch urgh right right good good keira knightley think better choice playing lizzy because while jennifer ehle good actress fairly attractive keira shows lizzy rough edges unconventional beauty victorian era know sounds weird keira body type fits lizzy better think jennifer gorgeous flawless smooth white skin barely plump ish perfect curls does seem like lizzy bennett now keira knightley slightly almost ruddy complexion slightly messy hair
IMDB_0056,imdb,film,story well known seems superfluous over again haven read loved book greats english literature shame knowing story well leaves viewer full liberty pick many holes film like here goes keira knightley find captivating infuriating turns times dark beauty eclipses everything else screen small wonder huge star jollyhockeysticks accent gummy toothy isn fun smile drive completely insane however overall makes pretty good lizzie does material herself justice carrying film well enough matthew mcfadyen darcy problematic revised former opinion wet darcy isn fair delivery wrong really must part direction fault really engaging material lizzie clipped rushed lines almost comical racing churn them asks lizzie plumiest tone good trip burst laughing ridiculous trevor howard celia johnson brief encounter over again good looking man cinematographer director ought able find latent beauty him maximise think happens only rarely example during rainy first proposal face luminosity show really cares lizzie
IMDB_0057,imdb,film,sake starting something positive let throw biggest problems like historical placement accuracy can get stupid enough ignore boat load adaptation problems might least admit movie beautifully designed well shot watch monstrosity sound off enjoy some remarkable cinematography lavish castles livid sunrises can rescue such mess first cut off head beast terms raw materials leadership screenplay borders jabberwocky honoring only most banal austen dialog despite being consummate romance director joe wright isn able coax anything lukewarm shrug any key players speaking key players let look casting keira knightley pirates caribbean king arthur reduces smart self possessed elizabeth little teen petulance strides triumphant through movie always armed some well worn leather bound tome can safely assume stanislavski looking ways disarm people aplomb unfortunately knightley limited number tools construct facade frightening toothsome grin laugh thing turns rankin bass villain burgermeister bumble
IMDB_0058,imdb,film,favorite version favorite books love aura got both main characters matthew wonderful darcy almost felt compelled want hug him myself really seemed sad forgot acting times donald sutherland wonderful father wit came thru well actually can think any character wasn well played tom hollander deserved snaps portrayal collins cringed thought marrying him too lol jane austin fan love version seemed little modern yet british only character couldn get passed rupert friend playing nasty wickham hes cute sweet looking
IMDB_0059,imdb,film,over top first thing comes mind within first minutes film too many giggles too much exaggeration supersaturation color movement loyalty dialog subtlety makes characters storyline novel unforgettable times seemed though willy wonka wizard much motion chatter elaborate expression keira knightley ineptly cast elizabeth barrett too pretty misses engaging nuances lizzie come know love barrett overly relaxed donald sutherland seems henpecked state lethargy overbearing wife sophistication characters admired story completely lost attempts force laugh two audience complete disappointment
IMDB_0060,imdb,film,prepared film watching again bbc version perhaps mistake still film started heartened opening scenes bennett home family assembly netherfield ball terrific gradually found myself getting bored plot development faltered nil screen chemistry between knightly mcfadden lydia wickham subplot came went only sentence explain significance rest girls futures costumes settings began jar instead enjoying film kept wondering accuracy bennett really keep farm animals really hugged mary after piano incident quite such modern dad sort way knightly looks good too good couldn see lizzie several times voice tone inflection exactly mirrored ehle mcfadden convincing music excellent humming servant girl lovely touch scenery settings beautiful again didn seem quite right austen much dialogue dull couldn settle film
IMDB_0061,imdb,film,pride prejudice best movie seen long timeif best ever seen captured essence jane austen brilliant novel fact enjoyed movie book itself everything movie perfect soundtrack exquisite complements emotional plot sets delicate simple elegant acting simply superb knightley proved lovely elizabeth bennet darcy exactly envisioned him rarely author reader director visions coincide advance nature human communication movie particularly remember darcy first confession love rain timeless moment movie work art emotional masterpiece watching movie actually life changing experience
IMDB_0062,imdb,film,avid fan book adaptation film always going shorter less detail incredibly important play words however overall impression story rushed protagonists convincing some key parts story yanked most important scenes story changed underplayed therefore ruined darcy slighting elisabeth ball falling him pemberley saying beautifully shot amazing music makes your heart flutter flesh energy compared bbc version still matthew mcfadden nothing colin firth darcy fans see judge yourself fear may disappointed
IMDB_0063,imdb,film,after hard day office taken girlfriend see new pride prejudice keira knightley lined see big screen first came several months ago both liked dvd jane austen sense sensibility emma thompson kate winslet must say firm believer jennifer ehle colin firth version however yesterday spent time director joe wright pride prejudice film again dvd home first time liked seeing again intimacy home learned new details new feeling listened director commentary keira knightley mathew macfadyen version excellent romantic special moments closing sequence sunrise revelation other directors note extremely sensitive orchestral piece reminiscent delius ravel closes credits talented direction young man joe wright insightful does much experience national trust locations including burghley house chatsworth derbyshire totally immersed enthralled donald sutherland
IMDB_0064,imdb,film,went saw today dad remarked bbc version starring colin firth jennifer ehle sets gold standard every compared think main problems movie some characters dreadfully miscast limited time bbc version hours only two time wasted unnecessary scenes instead character building bingley instance absolutely hopeless can string two words together pathetic really wonder why jane falls him even bewildered fact earning year doesn seem intelligent bbc mini series bingley well cast didn seem mentally retarded like keira knightley good same mum jane angel darcy surprisingly good however found these characters didn standard bbc version unfortunately lot characters left leaving huge gap lot time wasted scenes didn really lot dancing watching elizabeth walk dream like scenes replaced character building wasn evident lizzie father close lot main points incident wickham hardly main wickham hardly gets any air time think too miscast certainly bad bingly another problem think tried modernize version little appeal people probably people don know single thing
IMDB_0065,imdb,film,wonderful adaptation classic fan bbc series arrived expecting disappointed imagine matthew macfadyen darcy after great role spooks must say sceptical casting keira knightley elizabeth bennet rosamund pike jane bennet wrong casting spot cinematography visual feast loved contrast between slightly down heel bennet house great houses music wonderful throughout immersive pulsating scenes balls story remained faithful book far can remember editing along lines readers digest condensed book contraction rather wholesale writing few liberties taken here thankfully those quite acceptable interests fitting feature length music acting production great see new entry favourite movies list
IMDB_0066,imdb,film,favorite films date pride prejudice film stunning several levels performances excellent soundtrack amazing cinematography beyond comparison things love much movie atmosphere many movies people remark felt like actually witnessing story pride prejudice felt only observer world too beautiful camera work draw right performances stellar entire cast great interesting note among stars made cast several lesser known actors first movie credit both carey mulligan kitty tamzin merchant georgiana however important note movie entirely like book any spoilers follow minor relate book
IMDB_0067,imdb,film,though exactly like novel still beautifully adapted script stellar performances brenda blethyn delivers heart warming times funny performance mrs bennet mother frets cares much our future matthew macfadyen offers most moving performance darcy yet seen any performance story seen them darcy human does play arrogant aristocrat still show audience such glimpses vulnerability darcy imagined read novel bravo bennet family bennet family wonderful visit bennet family homestead movie offers views family life perfect imperfections laughter tears jewel movie
IMDB_0068,imdb,film,huge fan bbc mini series specifically middle aged woman completely obsessed colin firth darcy get absurdly angry prospect anyone else attempting fill role shouldn watch film guessing bad reviews movie received site come women watched bbc version times disgusted poor husband boyfriend because like firth darcy ugh get chills thinking happen dating woman learn loves bbc version suggest run quickly never live expectations man stay doomed version gorgeously shot scored film backgrounds lovely colors tones music soft alluring even transitions between scenes often surprisingly well thought example scene ends elizabeth blowing candle cuts directly shot whipping piece fabric two sounds almost identical clever script does stray book
IMDB_0069,imdb,film,new screen version universally loved favourite jane austen book always bound hard time critics pride prejudice heroine lizzie bennet played keira knightley compared book early bbc adaption makers tried hard pride prejudice good colin firth bbc series despite being well adapted fit fairly long novel two hour production film lacks dynamics feelings evoked tale chemistry between lizzie darcy matthew macfadyen believable darcy version seen often enough screen therefore character developed loved viewers darcy portrayed wooden instead shy other characters wonderfully portrayed such collins played such empathy disastrous little man vying lizzie affections keira knightley good film honestly played lizzie modern twist character film donald sutherland playing bennet however disappointment whose character developed seem well cast now actual film mentioned before
IMDB_0070,imdb,film,small gem film extremely well written delight start finish perfectly cast particular leads keira knightly matthew macfadyen superb macfadyen made character darcy far sympathetic previous portrayals addition lead actors closer age lizzie darcy book although austen purists criticize editing condensation book screen adaptation essence classic remains intact highly recommend film watching careers both leads closely brilliant
IMDB_0071,imdb,film,difficult grasp anyone planet dislike beautiful movie truly loved watching romantic movie matthew macfadyen keira knightley perfect match movie movie filled funny scary sad happy crazy moment movie can watch over over regardless time only annoying part movie brenda blethyn played mrs bennet bit over top movie donald sutherland perfect part bennet beautiful movie touch our souls movie came watched first time today year foolish watched earlier totally recommend romantic amazing movie
IMDB_0072,imdb,film,basic plot boy meets girl boy thinks girls family beneath him girl thinks boy snot girl makes some assumptions further boy character based information questionable source boy falls love girl boy confesses love rejected girl goes off contemplates may allowed prejudice sway before facts boy goes off contemplates too full pride plain full himself boy girl meet again girl sisters become obstacle relationship developing further eventually resolved finer details really want know read book performances matthew macfayden kiera knightley brenda blethyn judi dench donald sutherland tom hollanderand rosamund pike especially good liked jenna malone rupert friend set standard roles pleased some changes made terms portraying characters feel movie sympathetic towards some austen characters often easily written off caricatures like seeing elizabeth portrayed somewhat adolescent temper like added scene between mary father ball like mrs bennet telling lizzy five daughters see think appreciated realism cast liked film showed mrs bennet having some relationship between them forgive them consolidating scenes even forgave them alteration critical final disclosure scene between elizabeth darcy forgive them cutting some smaller charactersi think expected think story boils down growth two people challenge each other view point consequently become catalysts change within each other want add scene between them rosing estate rain
IMDB_0073,imdb,film,film bad words justice film done most beloved work greatest english authors start film cannot seem decide set see scenes costumes plethora different historical periods especially ballroom scenes nothing dialogue however cannot decide wants modern self consciously antiquated apparently using austen dialogue too easy characters manners wouldn fit any period see georgianna darcy particular scene darcy second proposal appears stolen mills boon novel can only imagine makers film never read book having laugh even acting doesn redeem even great performers collapse under absurd script two leads particularly bad attempt smoulder please see film giving them money only serve encourage sort thing
IMDB_0074,imdb,film,beautifully shot music acting excellent kiera knightly incredible totally absorbed beginning end loved
IMDB_0075,imdb,film,must say movie deserves handsome appreciation perfectly deals different aspects human nature well society same time first depicts portrait middleclass family consisting husband wife five daughters portrayal family signifies dominant plight society shows burdensome gets middle classed parents find suitable matches daughters especially society flagrantly polarized divided classes mother family almost always seen striving get daughters married reasonable men indeed only whish while being alive love potency another important subject aptly touched movie darcy finds himself head over heel love elizabeth instantly gets ready sacrifice even much cherished ego well remarkable reticence under influence love darcy seems unbothered family comparatively higher social status elizabeth wants nothing elizabeth life partner even possible stake everything else family status self respect anything else sum
IMDB_0076,imdb,film,most unique love story ever seen directed beautifully perfect casting specially kiera knightley most attractive person movie adorable character undeniably great acting performances music relaxing great movie yet underrated must watch ending great layers where get diverted plot best part movie way bring back track romancing experience loving feature film unique story wonderfully acted characters powerful visuals warm piano tunes want good drama movie get romance drama
IMDB_0077,imdb,film,really wanted like movie even dragged husband along afternoon really mood disappointed pride prejudice resonates today think because most worthy girl gets best man most beautiful girl know rich powerful men love beautiful women canada prime minister trudeau used walk room pick most beautiful woman airhead talk night fantasy like because lizzy only tolerable mind superior makes perfect match darcy because like himself like darbyshire perfect balance animal energy civility hard being atistocrat wife see kennedy wife believe lizzy darcy make perfect couple knightley lizzie too beautiful too impetuous even rude both parents lizzie darcy disaster once hormones cooled down can see dancing naked rain permberly being locked wing darcy rest life like margaret trudeau free spirit beautiful wife trudeau lost under pressure dumbed down dialogue eek knightley does utter classic lines
IMDB_0078,imdb,film,looking forward adaption jane austen masterpiece bbc series absolutely perfect went reasonable pace episodes felt didn miss anything adaptation takes made austen work intriguing social study subject wrecks modernising portrays society like back century keira knightly does seemingly good job though lacks intelligence jennifer ehle women act bubbly allowed time example darcy sister meeting elizabeth worst scenes film stay true character predicament personality difficult adapt pride prejudice big screen roughly two hours say modest job however elopment lydia done way too quickly feel any remorse bennett family situation however feel film art direction casting quite well done whole pace tone film does match well surrounding environment can say jane austen saw sure pointing some things during screening
IMDB_0079,imdb,film,film watchable watched times see again great casting acting wonderful cinematography well done job bringing classic tale film
IMDB_0080,imdb,film,movie bad isn jane austen pride prejudice bridget jones isn same plot line characters different aim movie different book jane austen comments social etiquette pokes fun those too full self importance movie entirely falling love modern attitudes morals lizzie bennet movie smart socially adept elizabeth bennet book nor sister jane willing forget book film good fun let down some fairly wooden acting espeically matthew mcfadden sadly places some rather strange choices fashion caroline bennet wearing decor some houses fairly obvious matthew mcfadden hadn read book interpretation darcy odd much arrogant lost little boy closing scene rated par raining hadn noticed cheese four weddings funeral laugh right places good time watching
IMDB_0081,imdb,film,think love keira knightley lol really good always great love story sappy must see prefer version previous certain
IMDB_0082,imdb,film,someone doesn really like these kind olden day film truly surprised much enjoyed film storyline wow honestly looking back storyline bad blow away good together acting cinematography music makes heart warming film
IMDB_0083,imdb,film,fan original bbc drama thought poor cousin splendid bbc version only went because got free tickets national trust supplied access many buildings used shooting thought excellent adaptation indeed hard fit nuances classic novel two hours thought exceptionally well hard task thought nearly actors fine job kiera excelled expectations take notice previous comments matthew mcfadden role thought handled aplomb brenda donalds pairing inspired both revelled respective roles took wife see gave ten ten certainly wake romantic woken recommended
IMDB_0084,imdb,film,come movie without flaws doesn exist some minor ones too beyond thousand words reminder true delicacy love dream belief romantic love quite undertaking these days where spoiled having seen everything already another praise excellent choice music sometimes gently layered piano soundtrack someone humming playing different tune piano feel overused often nor replaces blows anything illustrates inner landscapes another array colours matching those photography fun
IMDB_0085,imdb,film,jane austen pride prejudice favorite books due fact crucial see worthy work side filmmakers think particular demonstrated perfectly mood characters saw real emotions feelings darcy actor greatly demonstrated darcy stiffness cold blooded mostly liked part told feelings elizabeth moment felt nervousness help eye play want talk actress played role elisabeth mother admired throughout film course know characteristics gooiest really cannot understand mother way acted daughters nevertheless actress played role perfectly fitted role believed thus think movie worth watching
IMDB_0086,imdb,film,adaptation jane austen classic simply gorgeous look spread over canvas beautiful late early century images colours mention lush shots mysterious countryside only way describe production design fabulous because however ground production values themselves such acting plot seem bit hindered grandness visuals whilst fine own right seem somewhat lame compared lush displays thus harming experience beautiful exterior almost destroying adequate interior needless say still recommended generally seems good effort probably enjoyed those like period pieces
IMDB_0087,imdb,film,love pride prejudice authentic genuine entertaining film adapted interesting classic novel great female author jane austen characters interesting female protagonist strong smart great trait protagonist recommend amazing masterpiece anyone wants give movie try
IMDB_0088,imdb,film,experience watching movie comparable watching moon landing least think because alive sure enjoyed moom landing much enjoyed movie
IMDB_0089,imdb,film,see pride prejudice most wretched boring miserable movie seen year keira knightley does look act part note chooses act chin every time gets emphatic sold lumber charismatic interesting man plays darcy many shots ever see someone stare candle foreground entire shot while having conversation blow scene change door slamming shut dull resounding crash directly camera may scream darcy boring collins boring bingley looks like woman mrs bennett funny bbc version merely irritating giggling horrid horrid giggling think good minutes movie comprised giggling another goes moving shots beautiful landscape while lizzie stares pensively distance offer especial warning anyone read novel doing themselves horrible disservice seeing movie before reading book watching delightful colin firth bbc version every imaginable way superior film sack sugary rubbish thank felt good get system please take advice your sakes
IMDB_0090,imdb,film,well known tale jane austen back early century society where only thing anybody seems think finding good suitor children mrs bennet busy five daughters stress lucky them five lizzie keira knightley good enough grasp own independence figure things herself can understand british lilt accompanying archaic repartee used throughout much film power luckily doesn hinder ability comprehend main story problem lies lighthearted banter picks mood between dramatic ambits some things may get lost translation gets point across matthew macfadyen does well famed darcy first see him screen cold idea man capable love any kind knightley chemistry grows characters does lizzie being middle class family darcy wealthy personage significance
IMDB_0091,imdb,film,exception tom hollander absurdly silly collins characterization every character flawless exception overly fluffy stuffy period pieces first act joe wright captured spirit jane austen classic novel astonishingly austen biting sarcastic yet delicate humour runs through vein film love most jane austen strong control over characters develops them throughout novel exquisitely can change reader perception them gracefully course biggest concern film doubted such thing can done screen convincingly daresay moggach screenplay managed pay justice characters development way never thought possible besides aforementioned nitpicks some other quibbles think lydia elopement turning point story film laid stress think same applied darcy revealing letters lizzy other think astonishing adaptation truly benefits being condensed think novel gets bit monotonous some point actors actresses perfect roles never thought say rosamund pike having seen gone girl first perfect most innocent persuasively ideal character jane bennet keira knightley delievered best performance career far
IMDB_0092,imdb,film,holy cow movie good haven seen while remember perfectly
IMDB_0093,imdb,film,fan novel say little trepidation went see enjoyable movie keira knightley superb elizabeth right mix liveliness impudence without losing sense propriety dear jane austen heart thought donald sutherland quite impressive accent convincing whole although slip bit once twice thought really carried off role bennett well adding strong edge him dame judi dench course scene stealer lady catherine bourgh never fails disappoint brenda blethyn truly brings mrs bennet alive female leads presented robust enjoyable characters disappointment lay male leads other bennet darcy instead being arrogant proud comes across bit wet frankly looks lost miserable most movie bingley seems almost silly number occasions difficult flesh characters novel like pride prejudice movie male characters shallow dimensional wickham almost invisible perhaps disappointing dialogue jane austen wrote some fabulous dialogue novel seems shame little used why used some great lines already
IMDB_0094,imdb,film,can tell beautiful funny heartbreaking version leaves aching see again again again distributors rather patronisingly imo decided give brits sure most intelligent yanks call hollywood ending much enjoy seeing deleted scenes part dvd glad our edit lucky enough see where joe keira both agreed version felt right even went trouble shooting ending see make hollywood work still satisfied hope too much info joe wright deborah moggach truly understood medium film opposed serial drama distilled wonderful story running over two hours richly textured book such way stuns belief know tons things left really don miss them joe said sad couldn afford cover any jane trip london doesn spoil story feels totally complete cinematography beautiful both colour texture point view intimacy close ups long lenses some shots immensely complicated make them look easy sure read much concentrating view elizabeth bennet eyes actually gives rise enormous humour observational often find costume drama personal intimate keira fan does lend herself character beautifully remind myself young still really does give performance shows experience maturity technique saying appears too old part matthew macfadyen wonderful way directed clever first third film lizzie dismissed him mind always focus wandering around background stealing glances turning away soon looks like might see him sure matthew dialogue condensed pages script way few actors able coveys pages few moves facial muscle something gait say per cent storyline communicated without words where matthew incredible leaves aching help him darcy vulnerable confused inadequate task unravelling emotions really does know himself such huge responsibilities takes seriously yet bewitched woman lacks experience cope sadness matthew eyes struggles work can next win over even contrive look five seconds heart wrenching way voice catches does chance talk enormous great man both stature standing seems tiny presence can finish without giving huge mention pitch perfect performance lot alliteration anxious anchorwoman name film tom hollander almost steals film uncontrollable shoulder shaking giggles scenes tell best bits real spoilers envy anyone looking forward seeing first time keep telling people reservations seeing film exactly funny immediately think mean unintentionally funny intentionally funny like regular costume drama tactile enveloping
IMDB_0095,imdb,film,understand fit lot content movie feel many characters developed mrs bennet tiresome portrayed book wickham seemed kind hardly deceitful lydia tolerable even lizzy wasn quick liked felt many lines delivered without reaction other actors scene mrs bennet made statement bennet started comeback before even finished statement movie rushed through important character building details yet took lengthy latitude unimportant details particularly nauseating moment lizzy sat swing circled around full minute lady catherine collins only truly convincing actors disappointed wished passion tension between actors give kiss end cruel after sitting through hours courtship enjoyed funny moments however scenery beautiful believable give
IMDB_0096,imdb,film,beautiful movie receive attention screen time deserved extremely limited release early november followed only slightly expanded release couple weeks later here phoenix arizona release short lived can now only seen few remaining screens own watch regularly version knew comparisons sorry film wins hands down chemistry between characters cinematography second none soundtrack awesome hunt high low here worth effort honestly believe prejudice pun intended here country films produced look phantom opera received here wish express adequately kudos people obviously worked hard film definitive answer question whether needed another version pride prejudice yes thousand times yes
IMDB_0097,imdb,film,austen speak can hope circumstances found myself during film nothing bring ill favour upon good opinion blue rinse brigade talk cinema your average teenage hoody cousin look dress pig least can threaten kids any filmmaker wants make great octogenarian chainsaw massacre get ticket stub turned plenty irritate film own account main curiosity seeing again whether possibly live favourite scenes beeb production liz bennet blistering refusal darcy proposal lady catherine bourg incendiary assault apple orchard former darcy opening words drowned thunderclaps let bother dialogue important austen production tempest inner feelings director baby latter let cut lady catherine classic punchline needs version curiously under populated use passing light shadow mirror reflections window blurrings suggests love waking dream anticipation uncertainty surprise darcy big scene occurs daybreak although austen said comedy manners love moral force
IMDB_0098,imdb,film,avid admirer jane austen long time lover pride prejudice really nervous keira knightly version turn read book dozens times seen version many new version definitely surprised expected want run theater instead enjoyed stayed through end course compare version completely unfair two hour film can cover everything six hour mini series can some events way happen changed sake keeping audience entertained biggest problem film presented modern interpretation took itself too seriously jane austen wit satirical view society lived didn come across instead film aimed modern sensibilities lost true essence austen say good summary want accurate portrayal turn version read book
IMDB_0099,imdb,film,think saying something bollywood bride prejudice stayed faithful source material hollywood version laughed bollywood version kholi priceless read book seen bbc version liked them nasty surprise going film friend however seen neither mildly amused film jane austen purist though even film goer dislikes historical inaccuracies painful sit through ugh script script biggest problem imagine actors wouldn fared half badly decent script perhaps penned somebody actually loved austen work travesties committed well forced endure such incredulous lines don dare judge lizzy leave alone once your lives only such lines far anything come jane austen eloquent pen can anyone honestly believe words like spilling mouth genteel young lady regency era usage modern colloquialisms many irritating ways screenwriter butchers book writer decided give characters lines book said completely different characters apparent purpose worse
IMDB_0100,imdb,film,love bbc version movie own watched over over skeptical new version pleasantly surprised find wonderful lead phenomenal well darcy too entirely different firth make version fresh brilliant filming spectacular breathtaking views english countryside well grit poorer folks homes barns livestock actors compliment each other well although goofy cousin better bbc version newer version actor quite odd strange although plays part well see movie won regret chick flick husband thought well worth ticket price
IMDB_0101,imdb,film,first time saw movie because roger ebert highly recommended loved characters photography since hadn read book little lost some story details red headed woman related darcy bingley etc immediately afterward purchased paperback read same weekend saying now get several times went back saw second time next weekend third weekend convinced adult daughter loved too can hardly wait dvd come keira knightley matthew macfayden splendid enough screen time two them opinion actually true book need movies like less profanity filled trash prevalent theaters now
IMDB_0102,imdb,film,first let say best movie seen long time looked some comments others left wonder movie get such low remarks granted read book seen earlier movie perhaps influenced either way some ways glad didn because going particular movie expectations film let say beautiful funny sweet definitely worth seeing honest say majority audience female perhaps few men audience ones see moved tears few scenes whats wrong men shedding few tears good them said please want entertained couple hours
IMDB_0103,imdb,film,bought myself pride prejudice staring keira knightley well disappointed cinematography astounding musical score great location shots breath taking actors beautiful look yes costumes well done realize bennett family lived country lease way wrong while some things well portrayed far regency society some things horribly wrong ruined movie several minutes while ranted wrong movie got nominations praise wazoo let down because love jane bbc miniseries production pride prejudice really spoiled realized new movie edited isn over hour miniseries yet story adaptation itself pretty good however dialog portions needed serious help sorry
IMDB_0104,imdb,film,really enjoyed movie like most austen interpretations moments cause wince classic ehle firth miniseries less half running time result entertaining plusses film better job show don say earlier versions main complaint garvie rintoul bbc version characters too often mouthed austen words visual portrayal instead film cut letter reading time low related above version drew sharp visual distinction between costly gentility cleanliness netherfield shabbiness bennets longbourne bennets cleaned nice needed didn live spotless splendor tendency move scenes dramatic settings like portico rainswept mausoleum both good bad film brought character father bit donald sutherland terrific judi densch lady catherine liked script compressed early action drew final resolution again opportunity donald sutherland kiera knightley lovely treat watch screen minuses unlike other films elizabeth shown only slightly competent piano making clear darcy only like liveliness mind interesting difference sure good bad
IMDB_0105,imdb,film,liked movie excessively almost elements great movie minus action suspense romance humor wit british accents cinematography beautiful movie excellently cast sometimes kiera knightly mouth gets bit annoying big teeth jutting chin delivers lines elizabeth bennett can forgive affectation love jane austen movies emma sense sensibility mansfield park etc far best yet movie inspired read book good movie mostly spot makes like movie even integrity highly recommend catch big screen can
IMDB_0106,imdb,film,yes definitely get impression lizzie darcy thinkers reason why confounded emotional responses pride prejudice version eloquently displays different personalities bennet sisters way position themselves mating purposes sure rosamund pike right choice jane really beautiful play ignorance beauty don think here keira performance bit mixed harm surely makes most authentic role judi dench absolutely superb lady catherine conveys little time difficulty young lizzie after commits darcy fabulous brenda donald work dream much tried parents laughed loud several times fine story well told
IMDB_0107,imdb,film,having seen bbc mini series shot years ago really hoping adaptation good better don get wrong mini series wonderful acting great cinematography hours long someone wants watch needs really interested switch off half way through story happy new adaptation managed capture flavour book without giving too much sure everyone complains scenes cut else supposed adapt novel without making hours long main points story although agree some wickham lydia story made point why such scandal clear successfully adapted hours means newcomers jane austen wonderful novel won bored tears end many people can handle much period once besides wonderful acting everyone part movie exquisitely shot especially liked shots where camera wanders around ball house made seem less like movie like intimate look life like needless say costumes wonderfully designed beautifully made thought dialogue stayed true book witty
IMDB_0108,imdb,film,course best adaptation jane austen novel watched couldn believe incredible job crew art direction amazing well adapted age xviii century keira knightley shown here best performance ever hope wins oscar other actors great job specialty mathew mcfyden jena malone screenplay absolutely perfect alike original book movie truly deserves every award nominated best movies ever made loved everything movie perfect believe even better emma thompson sense sensibility
IMDB_0109,imdb,film,pride prejudice beautiful movie absolutely better version best version seen far keira knightly elizabeth bennet incredible radiates simple beauty classy acting subtle confidence matthew macfayden darcy fell love him because looks even personality because portrayed love sick high class man honor absolutely phenomenal can watch movie fall love him kelly reilly simon woods bingleys face lit whenever took screen fantastic casting costumes scenery movie work art recommend anyone search well crafted love movie cheesy rip offs love story common today
IMDB_0110,imdb,film,absolutely love movie way better book greatest love story put movie great chick flick kiera knightley brings elizabeth bennet life awesome movie watched again again matthew macfadyen conveys darcy well exactly think jane austen thought him donald sutherland plays bennet incredibly funny lady catherine only needed black white hair passed another cruella devil mean offense judi dench played mean lady well other actors actresses marvelous job prospective rolls well get chance see movie don let opinion sued
IMDB_0111,imdb,film,music industry some records never covered say sung another artist because first earlier version too good many seen firth ehle version pride prejudice thought difficult version matched especially less half time maybe myself dare say prejudiced however can say read book here where film lacks consistently version excellent language turn phrase brought forth jane austen missing some phrases said order some said wrong character sake time some characters book missing version although diminish story some strange reason knightley version added character own truth hill why put some food table assume because time sub plots developed example wickhams true naturelydia flirtations hatred bennett family towards darcy having said above believe actors worked well material work dare say person read book seen version found film quite diverting
IMDB_0112,imdb,film,returned seeing say rarely seen film scale give ride exhilarating actually winded think actually experienced most romantic movie ever seen speaking romance full blown love sense used writing ecstatic praise film perfect cannot help myself seen jane austen film adaptations big fan many them particularly persuasion film tremendous because put moment living time those people sounds spaces colors light begin
IMDB_0113,imdb,film,devoted fan both book bbc adaptation went see new version feeling before trash actual belief good say pleasantly surprised despite personal dislike kiera knightly pull off good performance share audience elizabeth emotions jennifer ehrle perhaps went little too far brenda blethyn judi dench lovely dare say better bbc castings mrs bennet lay catherine jenna malonwas good though accent perfect menit poorer showing matthew macfaydon sadly disappointing loved him spooks hoping make convincing perhaps stick thrillers neither bingly nor wickham really managed capture part bingly especially came off too silly believable wickham looked far like orlando bloom really catch eye directing cinematography loved creative way camera used convey time passing significant devlopments people emotions worth seeing film sum ever going good version purists among two hours enough time austen justice some subtleties class emotion expanded make clearer happening why therefore accessible pride prejudice virgin bbc version like said purists
IMDB_0114,imdb,film,film first shot keira knightley elizabeth bennet wandering reading through field dawn thus invoking cinema developed address phenomenon strong minded rebellious female character period drama knew something make want kill myself joe wright seemed only read book under regrettable misapprehension filming fact jane austen subtle nuanced comedy manners conducted through sparkling delicate social interaction eighteenth century english drawing rooms sort certificate wuthering heights thus treated every scene between elizabeth darcy taking place outside apparent reason inappropriately rugged scenery often pouring rain mention jane austen particular passion sexual tension love different strategies negotiating stultification eighteenth century society completely ignored bennets house rambunctious chaotic place where everybody shouts once runs around
IMDB_0115,imdb,film,people please quit sniping movie isn true enough book doesn match miniseries certainly admirer miniseries film six hours tell story isn going same thing two hour film book never read think movie absolutely obligation loyal source material only strong movie can movie overly romantic passionate compared book perhaps romantic film superb knightley mesmerizing screen beauty life brings whole movie hope receives oscar nomination supporting players fantastic particularly sutherland whose final scene knightley warm happy scene can think while invoking similar scene denholm elliot helena bonham carter scene near end room view whole movie happiness happiness characters goal make care them happiness
IMDB_0116,imdb,film,thoroughly pleased version story moves along much quickly bbc jennifer ehle colin firth version while both excellent really enjoyed atmosphere class distinction much pronounced bbc version never feeling poverty displayed interestingly movie most comments covered previous posts only complaint lydia kitty much time screeching giggling masked dialogue particularly enjoyed brenda blethyn version mrs bennet understood motivation much better bbc seemed flittered loved matthew macfayden shy interpretation fitzwilliam darcy although truly loved colin firth interpretation rarely glimpse softer side stiff performance opinion believe matthew macfayden gave subtle yet provocative view multi faceted darcy dame judi dench always impeccable although keira knightly good lizzie don think ideal yet gave different view rather haughty interpretation jennifer ehle
IMDB_0117,imdb,film,still can believe impact movie left maybe reasons because such big fan jane austen novels believe only small part affection towards movie cast amazing locations beautiful atmosphere entire movie simply wonderful love way everything seems natural seems someone camera traveled back time shot things years ago although movie considered long only normal novel adaptation personally wished movie never end although romantic story classical chick flick strongly recommend movie simply everyone love
IMDB_0118,imdb,film,georgian england mrs bennet brenda blethyn raises five daughters jane rosamund pike elizabeth keira knightley mary talulah riley kitty carey mulligan lydia jena malone purpose getting married rich husband can support family upper class house hartfordshire inherited distant cousin bennet dies wealthy bachelor bingley best friend darcy arrive town spend summer mansion nearby property shy beautiful jane falls love bingley lizzie finds darcy snobbish proud man swears loathe him forever beginning wonderful love story cover dvd pride prejudice highlighted best film year dare say movie most delightful romances ever seen perfect movie every aspect story intense picturing period england history strong fight classes rules society people being categorized different categories trying climb upper classes through marriage screenplay well written shows period consistent way direction joe wright simply stunning long sequence ball most perfect ever seen movie top notch performance cast amazing
IMDB_0119,imdb,film,jane auston pride prejudice never favourite novel movie certainly marvellous make movie well read book quite difficult task producer director fulfill expectations reader other words film depict characters locations reader book expected them quiet task usually don see movies based great novels dramas generally depict something different concept character movie them movie gave features blurry concempt characters locations enhanced rather confirmed imagination characters nearlly every actor movies quite suitable character cinematography charming kiera brilliant character lizzy mathew convincing darcy though sometimes felt script bit sketchy know cannot bundle every detail novel movie minutes now thinking change opinion films based novel must see lovers classics give
IMDB_0120,imdb,film,start janeite read pride prejudice least half dozen times enjoyed every time may disqualification viewing movie because delightful isn really jane agree almost comments regarding casting acting highly praised combination edgy beauty intelligence make kiera knightly almost only choice elizabeth bennet sutherland blethyn mrs bennet superb both actually better austen originals sutherland suggests weariness remoteness despair father blethyn grounds vulgar eagerness mother real social economic hope despair three youngest sisters fill roles well being nearly insufferable screen real life bingley jane well portrayed amiable doofus
IMDB_0121,imdb,film,alright well seen some other people given really harsh reviews movie long going sit critically analyze whether everything perfectly historically accurate love movie read novel see some parts left damaging story line matthew macfadyen does great job playing darcy think really portrayed character correctly those movies time get end movie can help grinning went limb randomly bought movie because read novel worth every single penny definitely must see now favorite movies
IMDB_0122,imdb,film,admit seen bbc famous colin firth darcy wet shirt scene everyone seems rave respect went cinema fresh eyes perspective however read novel twice loved eyes film lot live insome respects pride prejudice excellent truly feel good film loved realism beauty captured breathtaking notably opening scenes where elizabeth stood cliff cape billowing around cinema became immersed story opposed ennui mansfield park another austen adaptation most part wright excellent job translating book big screen after can argue ball scene between elizabeth bennet darcy where intertwine others disappear isn wonderfully done some cast full justice characters such tom hollander collins brenda blethyn mrs bennet latter performance good inspired read novel third time really made role own such performances really make film however only give such glowing account two leads keira knightley mistake misinterpreted wit
IMDB_0123,imdb,film,admit skeptical movie turn book much rich material hours minutes demands lot adaptation cover essence story problems arise between people pre judge others jump conclusions proceed characterize everything comes later bad light tangled mess becomes great story watching emotional growth lead characters thought casting absolutely wonderful hooked colin firth since seeing series certain like macfadyen character much wrong task brought new dimension darcy proud man socially bit inept due taking huge burden early age keira knightly excellent lizzie bennet actually liked pairing knightly macfadyen better ehle firth although jennifer ehle excellent actress version appeared too old years old too matronly some dresses give credibility restrained passion story guess preferred youthful casting seemed like book music score outstanding version dance scenes opening assembly terrific highly recommend version addition your library course still watch hour bbc version want see entire story characters plus get refueled firth addition
IMDB_0124,imdb,film,greetings again darkness get ready guys theater filled fantastical women cinderella story always fascinated tortured probably accurate woman think handsome rich prince rescue them falling love glance begging them live giant castle much romantic efficient actually getting know someone said jane austen master creating love story dialog light years ahead time first lovers books must understand probably disappointed comparing book movie two hours short time cram details subtlety austen writing secondly casting key film surprises keira knightley selected amidst protests dedicates novel many know knightley breakout role bend like beckham few saw years domino couldn help surprised ability handle demanding role miss elizabeth bennett question eyes smile handle first half film effectiveness second half debated relative unknown actor least matthew macfadyen wins lottery casting darcy necessary ability stand tall smile fails bit romantic moments most women viewers swallowed hook even notice screen veterans brenda blethyn donald sutherland really brit fine paternal roles always nice see underused jena malone even cast slightly off center sister course actor spews venom fierceness dame judy densch sure joe wright selected director spot film does admirable job filming beauty countryside capturing pageantry parties those familiar times may bit surprised lack color clothes wright went accuracy screen film versions classical works always disappoint those seeking perfection
IMDB_0125,imdb,film,many including prominent professional critics commend adaptation pride prejudice realistic portrayal dirt unkempt clothes hair farm animals wallowing living room etc fact only historically unauthentic false jane austen such scenes squalor included novel contrary austen wrote passage elizabeth bennet sets long walk after rain storm visit ailing sister during soils hem skirt mud slight soiling results small amount embarrassment elizabeth tries let down outer garment hide great amount derision behind back two nasty female residents house visiting dirt shabbiness norm households like elizabeth time depicted unlikely little mud edge skirt attracted anyone notice rude commentary
IMDB_0126,imdb,film,low expectations movie after measure mini series however pleasantly surprised movie retains wit austen whilst brining story forward todays audience mcfadyen brought entirely different meaning character darcy making audience believe character trapped personality own feels must portray society knightly best ever seen sparkled youthful headstrong elizabeth inquisitive every look intelligent every word compared fantastic mini series adaptation beautifully acted directed entirely new refreshing fashion
IMDB_0127,imdb,film,thing can deny movie almost perfect cast brilliant acting put together make movie present movie watch keira knightley does deliver great performance much bargain feels really good finally able see really good romantic movie after hard nowadays directing cinematography bit strange every shot photography flames work fine dialogue beautiful casting brilliant think movie written really well pace movie quite soft charming throughout movie making great flow despite many characters seem great balance among them recommendation brilliant acting best romantic movie long while rating grade
IMDB_0128,imdb,film,jane austen classic novel young poor woman falls love rich man masterfully crafted best love stories hit cinema long time story crosses boundaries victorian england ever pertinent today society portrays relationships among different classes keira knightly gives finest performance career portraying strong willed elizabeth bennet outstanding performances resonate throughout film most notably matthew macfadyen donald sutherland brenda blethyn beautiful honest love story film making most breathtaking cinematography roman oshin lavish throughout continuous shots meticulously choreographed dialogue screenplay taken almost directly austen book fine representation era even musical score dario marianelli adds greatness moving comical love story finely directed joe wright year most delightful film
IMDB_0129,imdb,film,elizabeth bennett keira knightley second five daughters single young new man moves neighborhood girls take notice bingley quite rich handsome enough after first large party area folks bingley comes festivity sister proud darcy toe bingley eye elizabeth beautiful sister jane while darcy neither dances talks anyone although unacknowledged however darcy transfixed elizabeth strangely drawn him through series town meetings country visits elizabeth darcy meet again again something stirring disgust love classic story presented better film utterly lovely every aspect every way performers outstanding knightley giving elizabeth fire mind
IMDB_0130,imdb,film,first must say seen oldest production pride prejudice only firth rather torn two better first length spoken first saw previews movie instantly excited quickly realized normal length feature films way cover good ground least long titanic pearl harbor hours even touch important points realize oldest two luxury episodes most people gone see hour long movie however found times movie wasted time sat thinking stop much ground cover keep moving though know reason thought insufficient order balance found spoke way too fast moved too quickly scene scene hardly getting point past scene before headed next pace thought considered next casting say most part casting excellent fact little criticism didn like wickam thought looked too much like backstreet boy something opinion matthew keira beautifully even like matthew bit warmer firth played shy socially awkward type instead cold arrogant donald sutherland genius
IMDB_0131,imdb,film,really enjoyed setting costumes actors film fact setting seem contrived added believability film atmosphere landscape wonderfully captured photographer admit lower rating gave film due occasional confusion took place trying figure many characters being discussed length film allowed preferred slightly longer film order fully develop characters occasional tension between some characters seemed too short believable some film outcome predictable perhaps seen original film criticism less
IMDB_0132,imdb,film,movie fairly good interpretation jane austen novel however elizabeth played knightley terrible mistake while think terrific actress represent intelligent bright thoughtful elizabeth bennet come admire pride prejudice like sisters giggling smiling too much licking fingers jane austen movie displayed harshness mean disposition against mother captain completely against character novel where elizabeth practical genuine different other women consumed need wealthy husband precisely why darcy falls love darcy perfect jane perfect bennet
IMDB_0133,imdb,film,pride prejudice quite easily most pleasant cinematic surprise ages easily most romantic film year may best brits often complain repetitive nature hollywood formula pictures make valid point despite obscenely hypocritical tone tends accompany see brits seem churn same seven movies over over again shakespeare adaptation elizabethan drama wwii drama literary biopic british gangster flick python esquire silliness comedian jour austen adaptation now don get wrong make some truly wonderful films range isn too daring failed match american independent scene terms originality daring experimentation yet another jane austen adaptation comes down pike forgive tend roll eyes let weary sigh only thing peaked interest recent version pride prejudice inclusion keira knightley beloved elizabeth bennet rosamund pike eldest bennet sister jane knightley pike two loveliest most talented young actresses generation curious see them try hands poetic material trepidation tact fully expecting see respectable nonetheless uninspired british period piece sat down watch director joe wright version classic tale within thirty seconds opening knew something unexpectedly refreshing smile face next two hours fully enthralled witty trials tribulations bennet family struggle marry off five daughters respectable husbands austen prose shines through each every pore film keira knightley company wrap skills around every meaningful word subtle glance ways attentive literate fans bursting delight delicate complex intricate script leave witless behind wake confusion warning next bit gushing make heterosexual critic sound gay wyoming cowboy heat version pride prejudice made heart soar wanted hug kiss everyone audience except fat guy third row keira knightley firecracker performance doesn cheering perhaps heartbreaking strings rolling piano scales dario marianelli wonderfully romantic score tears perhaps bingley eventual drop knee send shivers down your spine maybe darcy strolling majestically through morning mist toward true love weak knees maybe anguish mrs bennet nerves resonate kindly recognition donald sutherland bennet leave warm inside playful interaction elizabeth jane under covers wistfully dream true love touch your heart elizabeth journey edge cliff spinning solitude barnyard swing your heart aching resolution don know touch most rest assured
IMDB_0134,imdb,film,movie reasonably enjoyable often attractive look leading lady keira knightley charming lovely frequently bewitching elizabeth bennett miss bennett quite jane austen miss bennett nor pride prejudice quite miss austen pride prejudice thing humor leached whole story taken seriously indeed effect making austen affectionately caricatured folks such mrs bennett collins even lady catherine somewhat monstrous characters instead seeming silly seem almost malevolent whole picture realistically depicted assembly ball feels claustrophobic hot stuffy bennetts live working farm plenty messy livestock whole emotional tone picture serious indeed elizabeth final interview lady catherine brutal played heightened emotion far mannerly cleverly hostile scene written austen judi dench dowager duchess mode lady catherine effective too little used treat nevertheless matthew mcfayden rather hangdog darcy passes muster
IMDB_0135,imdb,film,pride prejudice realistic actors truly seen characters movie immaculate full suspense classic ancient yet young view family life movie gives justice era set watched movie several times each time watched movie fascinated those love movies guns blazing pride pejudice movie watch howeverfor those love movies filled social emotional conflict drama pride prejudice keep edge your seats wanting overall movie stellar
IMDB_0136,imdb,film,while visiting bath jane austen festival pleasure seeing new only once second time cannot wait view many times concept film based book allows additional visual information conveyed facial expressions body language camera angles always wondered darcy elizabeth bennett first feelings each other after each viewing earlier versions both television series earlier film gone back book see jane austen really wanted believe book full dialogue little explanation inner feelings think movie excellent job conveying real people know story jane especially well done easy interesting person nice even lovely look movie gave life character mother portrayed much reasonable fashion series sympathetic character now eagerly await arrival
IMDB_0137,imdb,film,thousands other fans mini series went movie telling myself open mind left theater some remnants happy tears eyes realized felt during movie mini series course nothing ever compare look mini series interaction between version elizabeth darcy really made feel longing especially part fantastic movie showed realistic view bennett life think pigs back mud showing level society bit better wonderful movie
IMDB_0138,imdb,film,now surprised anyone know general plot outlines pride prejudice won try summarize story quick point plus side movie some stunning cinematography wonderful music incomparable brenda blethyn mrs bennet rest felt like cliff notes version story too much attempted too short time top seemed though director actually never read book director screenwriter somehow missed title book pride prejudice elizabeth darcy every character homogenized mass consumption service central love story judy dench does most can character whose stinger plucked tom hollander actually makes collins sympathetic character even tallulah riley pedantic sister mary screen moment where audience feels sympathy short stripped story bite wit context leaving poor keira knightly matthew mcfadyen nothing look beautiful both manage well
IMDB_0139,imdb,film,seems like every time turn around these days some filmmaker hard work producing yet another adaptation jane austen most beloved novel pride prejudice even though some versions quite good actually can still wonder glut really necessary book two most recent incarnations came form miniseries produced bbc first second however since straight set proper time period version pride prejudice designed specifically big screen well now written deborah moggach directed joe wright starring keira knightley lead role latest version distinguished earlier efforts primarily grittier grimier grungier depiction life early century rural england peeling paint dusty furnishings film certainly less prettified lived look accustomed seeing movies based austen works yet perhaps because spoiled marathon lengths those earlier miniseries film mere two hours seven minutes
IMDB_0140,imdb,film,huge fan austen books never ever tire reading them watching mini series films them frankly thought long way find better darcy colin firth darcy smooth matthew macfayden darcy bit rough girls crave sometimes scene where declares love elizabeth gasping don worry ruin anyone remember where read first whole think darcy lot less insipid colin firth another reviewer noted act part well seeming disinterested whole thing can say acts eyes mirrors soul tell struck dumb elizabeth steadily falling love show confusion rosings seen again helplessness feels lydia runs away wickham pleasure seeing elizabeth pemberley top class indeed kiera knightly different elizabeth jennifer ehle good nevertheless gives right amount spirit couples smile big miserable half derbyshire worried brenda blethyn mrs bennet
IMDB_0141,imdb,film,understand trying film provide modern interpretation austen famous book fell short because hacked elizabeth dialog instead being witty sharp playful comes off slightly shrewish spoiled elizabeth talent shared creator jane austen ability put pompous down without them understanding doing saying didn take herself too seriously disagree reviewer said chill only little dialog changed lot dialog tampered good reason few examples why lady catherine make comment using piano servants quarters charlotte instead elizabeth written sets tone relationship first proposal scene removing much dialog between darcy elizabeth humor outrage dimmed hard appreciate why elizabeth insulted other mad role bingley jane affair reunion pemberly why wandering around poking doors where housekeeper allowing darcy elizabeth see each other face face shock both feel lost where gardners play important part scene first time elizabeth sees reformed darcy being civil companions final proposal scene problem elizabeth going nightgown running darcy however why fabio like slow darcy swelling music like affection between bennets thought final scene bennet elizabeth really nice liked collins mho movie worked
IMDB_0142,imdb,film,think movie excellent loved way characters came together end found beautifully landscaped voices clear follow along other movies like like jane austen jane eyre love dramas moving stories characters made feel them made laugh cry root them enjoyed writer took story ended different way other directors done past hope these type stories come full bad language sex hope see these soon hope comes dvd lot sooner
IMDB_0143,imdb,film,pride prejudice captures essence jane austen book paying great attention both characters detail create emotional screen adaption film uses cinematography advantage capturing lush landscapes enhancing feelings characters appropriate camera angles shots representing period history through costume rich rural landscape expect everyone sees film blown away cinematography used major way tell story elizabeth family darcy screen adaption succeeds attracting audience through familiar faces timeless classic regarded solely great love story regarded timeless classic portraying social history class system film potential enjoyed many different types individual conclusion pride prejudice succeeds screen adaption through excellent cinematography enhances characters emotions while representing class structure good job
IMDB_0144,imdb,film,great lover austen works especially pride prejudice miniseries faithful novel astounding actors well chosen isn modernized language thrown each emotion handled well can help having your heart skip beat elizabeth darcy finally realize both love each other hate caroline bingley mrs hurst latest adaption hard swallow mrs hurst bennett family look much poorer elizabeth walks dresses acts manner against women time yes elizabeth bennet unconventional fact afraid express opinions however socially capable proper way carries herself dresses etc keira walks around cruddy clothes acts though down farm midwestern usa scene where elizabeth darcy can sleep drove insane never walk scene where bingley enters jane room well never done haven read novel seen adaption
IMDB_0145,imdb,film,watched movie because another imdb poster told horrible didn expect like loved pride prejudice beautiful beautiful again beautiful colors artfully juxtaposed formal painting shots composed beautifully wanted freeze frame least dozen times beauty here static extends treatment material third fourth pride prejudice seen first darcy came across human life form rather insect trapped human body less hidebound other versions macfadyen managed convey man somewhere didn fall love colin firth darcy further find austen writing cold dry snotty shoot negative reviews here claim adaptation true austen style good say negative reviews object bennets living agricultural setting gotta tell ruin digestion see pig hindquarters adaptation austen work further
IMDB_0146,imdb,film,jane austen best english writers times novels endured passage time pride prejudice perhaps masterpiece captured exquisitely joe wright adapter deborah moggach created beautiful film live forever much said forum movie some people feel new version austen novel compares other screen treatment most notably mini series comparisons unfair new installment because stand own merits fact credit given wright exquisite treatment cinematographer roman osin given finished product atmospheric musical score dario marianelli enhances film editing paul toehill great only recommendation anyone film without any preconceived ideas take glorious colors exploding big screen fall love bennets austen characters come alive under direction wright keira knightly best excuse going see pride prejudice young actress doing amazing job portrayal elizabeth bennet matthew macfayden cuts quite figure dashing darcy two stars right chemistry make film winner because love know feel another start brenda blethyn calculating silly mrs bennet some good moments donald sutherland underplays bennet give man place among bennet women conflicts judi dench seen lady catherine bourg
IMDB_0147,imdb,film,watch movie over over never get bored haven watched yet
IMDB_0148,imdb,film,general enjoyable movie true book far outshines any movie made why still read enjoyed foreseeable future keira knightley smart delight watch some things kept slapping face detracting experience greatly director goes placing movie specified period austen works take care true period matters difficulty new ladies run fine show lydia little sisters running indoors show wildness lizzie herself does run believe balls done ladies appear public hair properly dressed lizzie appear netherfield hair hanging loose appear nightclothes speaking nightclothes ladies leave bedrooms nightclothes except middle night emergencies marianne ill come down breakfast nightgowns lizzie once don remember exact scene dress supposed nightgown well gripe costume designer ladies certainly sit tailor fashion lizzie shown doing mrs darcy scene end era ladies rode sidesaddle rode legs kept rigorously together director completely missed restrictions women use bodies
IMDB_0149,imdb,film,love book love movie appeal modern audience though die hard book fans expect direct adaptation tell otherwise watch
IMDB_0150,imdb,film,went last night wife see pride prejudice because wanted see badly listed summary above different opinions well acted movie thought story good acting keira knightley main love interest mother brenda blethyn outstanding thought acting matthew mac fadyen stiff body ever other hand wife thought acting good liked story much know help making decision see film honest opinion two different people good luck ever way
IMDB_0151,imdb,film,excellence ability courage dare excellent luck meet people can appreciate same women ancient modern china moved most elizabeth never wronged excellence transcends time excellence jan austin good same reason necessary hold hate zhang ailing because kind luck meet others although cannot compared sister lin ling must know common people own qing jiayun road must imitate fairyland really like elizabeth sturdy figure lake thoughtful waiting patronizing worry free fearless father words true worry world can match words right don worry world can match
IMDB_0152,imdb,film,saw twice first time went realized started internal dialog comparing hour plus mini series comparison continued throughout entire picture went second time put colin firth jennifer ehle mind sat back thoroughly enjoyed over two hours film fun comedy silliness ups downs bennett family great romp through jane austen england surprised read directorial debut joe wright everyone sparkled film although collins seemed step behind keira talks too fast cuts off words certain scenes background music sometimes overwhelms spoken lines actors hats off new darcy excellent seductive voice looks better better camera closes him chemistry palpable cinematography locations good film satisfy those incurably romantic feeling jane austen few chuckles watching masterpiece come life
IMDB_0153,imdb,film,going start cast macfadyen darcy unbelievable really captured essence character arrogance asociable person same time someone able love macfyden best darcy seen dare say now keira knightly jewel undoubtedly shes such amazing actress part elizabeth bennet made beauty apparent movie many ways lizzies personality little bit too funn lovely same arrogant prejudiced keira completly showed those sides way everybody completly loved elizabeth bennet chemistry between them inside outside movie completly loveable makes actually fill tense passion atraction between them completly loved rain escene
IMDB_0154,imdb,film,romantic costume production design cinematography beautiful music score wonderful
IMDB_0155,imdb,film,nowadays world full books movies greater love destroys stereotypes strict society rules however immortal world known love stories truly favourite recently released wonderful movie pride prejudice movie based old classic book jane ostin unbelievable love nineteenth century plot build around relationship between man arcy woman elizabeth bennet strict rules english society cannot together during first meeting thought too arrogant while behaviour relatives completely ruined good attitude towards however over time elizabeth changes opinion realizes behind mask arrogance actually kind noble man love survived through misunderstandings social stereotypes arrogance film worthy adaptation book especially want mention excellent play cast director managed accurately capture only atmosphere century subtle flutter main characters souls keeps viewers interested whole time film correctly reveals main twists plot
IMDB_0156,imdb,film,don get bad reviews movie cinematic masterpiece fresh interpretation austen classic flair romantic elements subtle contemporary perspective much creative bold thematic stylistic choices competent uninspired show everything direction cinematography musical score acting costume design art direction art house symbolism great chemistry between two leads palpable supporting cast excellent best romantic movie seen life
IMDB_0157,imdb,film,like someone took jane austen novel tried wring movement movement movement every inch whole movie sumptuous gallery comings goings approaches retreats foregrounds backgrounds works glad somebody tried way
IMDB_0158,imdb,film,matthew macfadyen dream favorite film time
IMDB_0159,imdb,film,pride prejudice old drama directed joe wright starring keira knightley matthew mcfadien five maidens marriage family bennett small nobleman jane elizabeth lizzie mary kitty lydia poor longbourn estate where live inherited through male line after death bennett distant relative collins can simply put women door therefore mrs bennett devotes time looking suitors daughters liked acting main character camera work bad good presentation interesting story expected interesting story film described beautiful cinema language loved film recommend watching movie
IMDB_0160,imdb,film,loved reading book back high school such rich story memorable characters found times adapting such books films can result compressed brief run through key points story detracts fleshed comfortable pace story told film suffers bit though overall does great justice novel great casting set designs recommend fans great book period romances
IMDB_0161,imdb,film,where begin first writing idiot wrote screenplay thought himself superior writing jane austen decided replace austen superb economy words own ramblings second whole story completely lacks understanding social interactions mores governed early century british society time woman expected fully run household gentlewoman expected handle many servants well kira knightly plays elizabeth giggling airhead home main shopping drags paris london los angeles now century british countryside add travesty donald sutherland playing bennet british eccentric like hippie sutherland channeling character kelly heroes other characters darcy forgettable wonders why anyone love him judy densch too much bearing play foolish lady catherine finally mrs bennet oaf jane austen makes having said main problem movie romantic movie true sense word heart values those associated romantic movement mid century however pride prejudice book decidedly unromantic rationalistic while romanticism based rebellion against convention pride prejudice rather celebration social convention people romantic heroes other novels wickham lydia treated fools knaves other hand elizabeth jane fall love within conventions day given full rewards happy endings movie contrary spirit
IMDB_0162,imdb,film,having seen every version jane austen classic say far best much credit goes keira knightley addition being prettiest young woman movies today marvelous actress may prettier elizabeth intended can complain keira screen almost constantly runs through full range emotions dealings silly mother brenda blythen gruff loving father donald sutherland sisters self satisfied fool clergyman seeks hand marriage tom hollander terrible lady bourg judi dench course prideful darcy whom eventually comes love matthew macfayden every these roles perfectly cast brilliantly performed macfayden new face certainly future star
IMDB_0163,imdb,film,movie good thoroughly enjoyed understand harsh comments film read novel may slightly disappointed movie many people trying compare movie miniseries well well good must remember keep mind cannot get story hours worth time unless divide miniseries sure important story lines shortened left entirely however think scriptwriters excellent job condensing story highlights know people can complain much script because most taken directly text novel acting movie pretty good picked better elizabeth bennet keira knightley captured essence character beautifully matthew macfadyen good darcy however think based portrayal novel rather scripted seemed like shy schoolboy rather arrogant prejudiced aristocrat secondary characters casted well brenda blethyn wonderful mrs bennet even obnoxious ask tom hollander perfect collins made want squirm exactly effect needed character always judi dench superb lady catherine cinematography film excellent settings costumes movie lush longed them felt music good movie fit well story helped feel emotions meant felt during specific parts movie overall liked film lot think disappointment jane austen like others said doesn capture novel movies rarely can accept movie able fully justice every part book suggest give movie try
IMDB_0164,imdb,film,wonderful production full colour character humour emotion clearly abridged version mainly focused relationship between lizzie darcy don expect everything book enjoy see acting superb actors involved almost hysterical laughter times between sisters manages capture sheer excitement first love while dedication point nervous exhaustion mrs bennett securing suitable marriage daughters shows love another kind bennett too almost surprises depth feelings actors cannot please everyone left feeling involved moved happy only wish longer word congratulations scenery lavish moody
IMDB_0165,imdb,film,often compared swiss watch few novels intricately woven together numerous love stories successful unsuccessful fortune hunters both sexes embarrassing wilful parents each impinging another each bringing two principle lovers elizabeth darcy closer together driving them further apart beginning characters grouped according fortunes status end novel rearranged themselves according sense ability intelligence take screws mechanism complex never get back together again andrew davies version six hours screen time left them where neither required cut essential characters miss essential plot items downside putting much austen dialogue screen own attempts such scenes inn lambton pemberley stick unattractively austen crisp satirical work sometimes especially trying irony
IMDB_0166,imdb,film,adaptation pride prejudice seems though characters taking lines straight text without any context feel though some actors even read book before starring important roles such bingley darcy believe some great moments movie terms acting staging soon darcy comes screen falls apart book darcy appears cold man character taken too far film elizabeth proposed rain feels though extra hastily cast reading teleprompter cue cards placed offset bingley turned charming man every woman after nitwit does know arm leg attempt breathe new life character managed simply turn him character frankly thought able play better turned fool rather man novel believe best performance movie came tom hollander collins managed bring character life portrayed exactly seemed novel somehow character less screen time some minor characters better actor both lead males film honestly shameful believe only reason watching film educational purposes acting academies punishment failing live role cast least some minor background characters tried show some understanding jane austen original novel ashamed lived another years see
IMDB_0167,imdb,film,seen film three times already adore adorable version stands other well known versions keira knightley wonderful lizzy brought sympathy feistiness spunk loyalty confusion role while matthew macfadyen equally wonderful role our new darcy lot live didn disappoint playing own way instead portraying him like other versions brought something new role well hope see lot him future roles matthew keira such lovely chemistry darcy lizzt almost believe them falling inlove both stars shone roles must best yet supporting characters equally well performed excellent actors storyline remained same different touchingly lovely only complaint first time easily watched far film these characters can wait dvd watch many times like
IMDB_0168,imdb,film,unarguably scenery location important story while feel like lots scenery locations book well represented movie feel like some locations didn quite match book house bennet family represented much poorer feel described jane austen feel like many scenes took place different location mentioned book along differences scenery some scenes events occurred movie anywhere book felt many scenes within book rushed movie
IMDB_0169,imdb,film,extremely disappointed version producers really couldn picked worse actress play role lizzy elizabeth bennett most sensible sisters yet keira attempted play does other characters cute silly work even costumes seemed place anorexic frame least given wonder bra even some socks darcy came across sulky teenager english gentleman macfadyen does possess same air dignity grace colin firth true story elizabeth love darcy developed gradually yet here progressed too quickly therefore spoilt whole general feeling suspense story film altogether rushed through alarming pace without viewer ever really getting know character whole lydia saga seemed resolved forgotten matter hours language jumped interchanged original script modern english even during same conversations resulting confusing mess especially apparent first proposal darcy cringe worthy barely stop myself covering ears running cinema film cast produced directed poorly
IMDB_0170,imdb,film,stumbled onto adaptation famous novel only few weeks after having viewed greer garson lawrence olivier version admit honestly prepared enjoy much after seeing keira knightley ahem acting various pirates caribbean films expected something along lines demi moore scarlett letter great surprise quite good movie definitely modern feel version expected much formality stripped away emotions better revealed knightley gives fine performance proud girl whose head easily turned refuses let family trifled anger resentment learns darcy interference jane romance rudely rebuffing proposal much genuine garson lizzie matthew macfadyen does well playing darcy olivier arrogant fop young man wishes right thing sometimes seems constrained almost point stuttering shyness smaller roles well cast somewhat surprising choice donald sutherland bennet pleasure every scene brenda blethyn well intentioned frivolous wife almost much fun mary boland rosamund pike practically emanated goodness gentle jane while judy dench commanded every scene blood chilling lady catherine easily allow stratum society polluted upstart bennet family kind role trademarked edna may oliver
IMDB_0171,imdb,film,cannot believe almost passed pride prejudice wanted see along chose other movies instead week only thing new nearly enticing kid chose better two pride prejudice without doubt best romantic period piece ever seen tried vanity fair girl pearl earring others past none delightful others stiff stodgy comparison usually aren beautiful lively every performer perfect nearly every camera shot work art even those line dances artful absorbing nearly didn notice scene ballroom subliminally emptied imply elizabeth darcy drawn each other didn feel anyone else presence finally caught thought damn good camera work direction damn good acting donald sutherland given chance show best stuff ever great actor now proved great actor judi dench great well characters hers most distinguishable due wickedness cold heartedness character someone easily despise pity same time keira knightley rosamund pike wow idea keira such fantastic actress sure know beautiful woman wonderful performance gave rosamund equally attractive list talented beauties watch performers talented easy watch time let mind wander often does due acting course joe wright right director job deborah moggach succeeded succulent screenplay thanks everyone involved making move beautiful widely varied taste comes music movies can attend most any style remain objective encourage those equally varied tastes see splendid heart warming movie without hesitation true want see type romance may best off seeing never know may change your mind your taste may make change give feel sufficient
IMDB_0172,imdb,film,terrific acting around fantastic production novel considered many greatest romance ever written movie does justice script direction excellent lead actors first rate keira knightly does superb job matthew macfayden launched major stardom donald sutherland limited role gives performance good any seen simon woods does role bingley well likely always associate him character cast major characters fairly large supporting performances good
IMDB_0173,imdb,film,deeply moving touching seen every version pride prejudice previous seeing version every version beauty beauty version touches depth love sometimes simplest words allows viewer feel gravity meaning portrayed characters film effective involving viewer emotional finale gratifying viewer wishes way sense sensibility honestly critical film although moments thought cheesy time phrases repeated often enough different tones instead identifying film crying along film left tears
IMDB_0174,imdb,film,script rushed unbelievable bored brain rosamund pike surprising strong point movie portraying jane reserved person visioned jane austen novel matthew mcfayden although greatest darcy provided sufficient eye candy keira knightley played acceptable lizzy although emotions expressed character crap historically provided great scenery great sets however etiquette knightley left nothing desired younger sister mary lydia kitty hard tell apart until lydia continued path away overall greatest adaptation
IMDB_0175,imdb,film,didn like much thought expectations pretty high because aside fact highly praised friend mine went way recommend like damn must something think might enjoyed better without recommendations didn find many male characters likable laughable some seemed portrayed meant large part movie wasn really rooting any companionship however loved scene where mother chases elizabeth down thought funny general wasn invested any characters pretty typical made movie predictable easily tell characters going end together even though hadn read book found pretty predictable rosamund pike usually praised playing intimidating characters like gone girl care lot less famously wheel time always someone talking haven seen enough movies because plays really wholesome characters pride prejudice often mentioned expecting character radiant scene stealing like beam sunshine wasn case thought characters alright premise similar other period pieces time lots talk going marry whom inherit
IMDB_0176,imdb,film,modern view moneylove family old decorum
IMDB_0177,imdb,film,pride prejudice favorite jane austen novel british mini series version favorite video version novel pleased say new production absolutely enchanting needless say much story cut book mini series therefore always favorite video version movie while flawed still excellent keira knightley effervescent charming hers younger lizzie jennifer ihle delightful character indeed think sometimes heard phrasing lines came straight ihle performance macfayden darcy different colin firth portrayal darcy passionate shy man perhaps truly prideful darcy novel performance works most importantly true screen chemistry between knightley macfayden definitely going back see movie purchase dvd produced
IMDB_0178,imdb,film,given film score point due lovely scenery other actors worked well enough script offered overall film debacle perhaps called film loosely based book some woman great note credit scriptwriters gave jane austen fans austen save your money watch bbc version again firth etc believe truly insult greatest authors history dismember story words settings even delete wit most perfect love stories observances manner class timeeven costuming disaster wigs awful where half characters begins suspect small budget after paying keira fee perhaps spent hiring rocks really stole show even though elizabeth relatives supposed headed lakes district appalled movie machine these days scriptwriters please get over yourselves never ever compare true literary greats those never heard jane austen
IMDB_0179,imdb,film,although great fondness mgm version pride prejudice came probably english version pinnacle jane austen literary talents probably closer mind women certainly come long way since those victorian times austen chronicled well donald sutherland brenda blethlyn play bennetts proud parents five lovely daughters source great concern those days careers open women idea marry well parents concerned suitable matches made them daughter jane looks marry handsome pleasant rather dull young man named bingley looking good till bingley friend darcy warns him off husband hunting bennett clan sets main plot story growing love jane sister elizabeth played keira knightley darcy played matthew macfayden both read each other wrong first darcy like others first shocked elizabeth does conform victorian standards young women speaks mind elizabeth misreads darcy character totally first turns character something lot version pride prejudice got four oscar nominations including keira knightley best actress other nominations art set design mgm version won oscar art set design created mgm back lot here cinematography sets made ample use english countryside see these versions back back see think better art set department story jane austen times continue fascinate
IMDB_0180,imdb,film,let get way hour version jane austen novel movie does star colin firth version takes greater liberty austen book does version good glad behind now sit back enjoy happens stellar film course version less literal adaptation doesn luxury being hours long much version thought actually better version example version much cinematic never astoundingly filmed ball scenes camera takes off swooping swirling around actors some most complexly choreographed shots ever seen keira knightly matthew mcfadyen seem right roles jennifer ehle firth least closer age characters depicted austen book brenda blethyn improves character mrs bennett turning real human character rather broad caricature judi dench ball storming screen couple scenes decimating everyone path film people already know book austen characters fresh exciting telling familiar story really needs yet ploddingly faithful movie dares deviate novel already faithful adaptation going away because movie came book always reread need your fix unadulterated austen can say audience full obvious pride prejudice junkies edges seats through entire length film highly recommended grade
IMDB_0181,imdb,film,version pride prejudice even better originals read book well brilliant portrayal keira knightley matthew macfayden shine elizabeth darcy elizabeth bennet intelligent spirited young woman let rank control life marry love nothing else while darcy may seem proud charming character audience fall love enough humor romance intelligence combined create perfect movie love cut dull parts book move right along trust say ready movie over recommend everyone see best movie seen year jane austen proud
IMDB_0182,imdb,film,movie age keeper agespride prejudice brings jane austen best loved novel vivid widescreen life well making undisputed star year old keira knightley making positive use actors closer characters real ages benefiting visual approach young british director joe wright melds realism romance canny balance film looks set appeal jane austen purists aficionados five hour bbc miniseries jennifer ehle elizabeth bennet colin firth darcy won necessarily convinced big screen version anyone coming movie fresh demanding chapter chapter adaptation respond picture emotional sweep sumptuous lensing marvelous sense ensemble comes realist tradition british miniseries charles power passion screenwriter deborah moggach
IMDB_0183,imdb,film,loved new adaptation pride prejudice cinematography lovely think good job putting book film over two hours big fan colin firth jennifer ehle version say many ways think knightly mcfaddyn really shine version most ways like performance better laughing now imagine friends gasping collectively know huge firth fan really like matthew portrayal better darcy keira embodies elizabeth big kudos supporting roles too collins especially delight judi dench never disappoints loved score see can like versions
IMDB_0184,imdb,film,don really least favourite genre pressed say probably say romance rom com straight romance little humour don get wrong some great romance films wall eternal sunshine spotless mind beauty beast being some time favourites generally genre don really enjoy much others meant despite high average rating didn particularly high hopes film said like now first half lot worse second half opinion too much nothingness story starting lose interest characters performances direction still good found myself tad bored thankfully around part where argument rain film turned around became lot emotionally satisfying ending tied everything really well romances between characters felt lot better second half film kiera knightly obviously great ever
IMDB_0185,imdb,film,saw yesterday read book numerous times watched bbc series endlessly fact happened friday still loved movie think comparing hour mini series hour movie exercise futility bottom line movie broadened kept humor book exaggerated differences class income between darcy bennets longbourne shown working farm lizzie jane share bed sister switched around some dialog condensed telescoped story basically lizzie darcy thought effective albeit impressionistic movie refreshing vigor pleasantly surprised keira knightly though bit too glamorous times see eye makeup matt macfadyen makes wonderful different darcy our colin love eye acting does spades makes him vulnerable young man high rank quite confident himself friend read book owns mini series quipped after saw movie colin bronte esquire touches some bronte esquire touches mini series like bath scene lake scene some colin brooding alone moments yeah ending scene harlequin saccharine another member our movie watching group jane austen fan actually disliked book read book club said movie changed mind become impatient seeming frivolity characters lives movie made appreciate better women time desperately dependent good marriages nothing else may made jane austen fan favorite minor character collins kept audience howling donald sutherland last scene divine
IMDB_0186,imdb,film,director joe wright seems enjoy creating adaptations classic novels modernized jarring ways version jane austen pride prejudice different keira knightley elizabeth bennet most beloved heroines english literature sharp witted feisty hairstyles costumes overall presentation never wears gloves rarely hat bonnet both being standard attire woman class while public wrong lizzie wears ugliest shabbiest dresses most scenes including olive drab brown gray gowns appear made sack cloth bennets minor rural gentry somewhat cash strapped compared messrs darcy bingley home longbourne presented raucous farm hogs running through interior scene believe modern viewers able understand young genteel ladies period dressed formally
IMDB_0187,imdb,film,think cliffs notes might nuance novel rubbish entirely convinced anyone production team even looked those version bizarre sense time period people really lived people behaved why make period film interested period good grief costumes years prior time pigtails like dorothy besides point paraphrase book total want thematic honesty uniformly betrayed everyone involved production absolutely sinks unromantic unfunny completely uninteresting want pleasure story curl read book again
IMDB_0188,imdb,film,dad said marry him won see again really touched said won betray any daughters money fame said finally found man deserves elizabeth darcy walked through fog leaned against each other sunrise dazzling intense sunlight dawn warm determined winter sun indeed only darcy worthy elizabeth although mouth clumsy everything kind upright rationally don think deserve emotionally can help liking grew fond being hesitant hesitant being better piano night being good darcy eyes confessing rain fog elizabeth completely opposite mother direct clean
IMDB_0189,imdb,film,can keep watching movie over over
IMDB_0190,imdb,film,shows don need sex scene beautiful romance movie fell love even touching romantically call real romance movie watched movie billion times
IMDB_0191,imdb,film,bad take book always happens movies whose script based novel inevitably lose whole bunch emotions during transformation process emotions able feel original form art literature multi dimensional form while films best lesser actually thought lot worse low expectations admit fairly decent job however definitely need read book first masterpiece ruined forever choose other way around
IMDB_0192,imdb,film,pride prejudice drama directed joe wright main roles played keira knightley mcfadien exemplary adaptation jane austen main novel film set england end century parents five bennett sisters anxious successfully marry daughters therefore measured life respectable family turns upside down young gentleman bingley appears neighborhood story interesting sometimes boring because don like drama actors played role well recommend film those love drama because film interesting romantic plot
IMDB_0193,imdb,film,done many times version numerous oscar nominees keira knightly proud eligible young lass elizabeth bennet donald sutherland pop bennet trying get daughters married off properly matthew macfadyen delightful darcy course enamored someone else bad timing familiar story alliances decisions matchmaking department much talking debating virtues strengths make person whole honor everything honor respected elizabeth takes seriously sometimes completely misunderstood funny scene where mom sisters come present themselves bingley darcy lots humor leave reader spot those scenes some camera close ups good tells story course jane austen story directed joe wright seems like serious projects anna karenina
IMDB_0194,imdb,film,most impressive music cinema ever appreciated similar beethoven excellent
IMDB_0195,imdb,film,saw pride prejudice disappointed version jane austen novel guts story social commentary leaves behind flopping insipid harlequin romance eloquent writer langston hughes wrote porgy bessparaphrased remember review frothy foam mug beer tilt your mouth expecting full bodied brew get foam bubbles burst your tongue hinting taste light full air unsatisfying
IMDB_0196,imdb,film,most time felt like something off movie probably short every scene guess problem rushed funny say movie bit longer hours otherways story great obviously actors suitable roles bit goofy cinematography amazing lighting pretty staging blocking incredible overall felt like actually tried creative fun time looked like makers movie actually cared lot
IMDB_0197,imdb,film,love everything film sets acting actors direction score literally everything watched any other movie ever once finished start over immediately beautiful rich absolute tribute jane austen always meant
IMDB_0198,imdb,film,rather disappointed watched movie read novel many times over over again favourites time guess expecting lot feel movie failed deliver expectations found storyline rather choppy jumping plot another without warning people read novel find rather confusing watched movie sister law ended having explain plot because couldn make head tail movie colin firth darcy better terms storyline acting surprised keira knightley actually nominated oscar role elisabeth bennet storyline never really truly allowed shine
IMDB_0199,imdb,film,always favourites really enjoyed sparks between two
IMDB_0200,imdb,film,viewed movie eager anticipation while wonderful see jane austen characters come life big screen disappointed firstly movie went only hours nearly long enough justice development characters story lines book being great fan book annoyed some elements completely changed even omitted keira knightley does justice elizabeth character however matthew macfadyen neither arrogant proud enough true representation darcy stately homes scenery certainly impressed failed make storyline certainly lacking love story between elizabeth darcy enjoyable watch overall feel movie adequate adaptation novel
IMDB_0201,imdb,film,having loved book bbc version colin firth jennifer ehle starting watching version certain couldn live predecessors blown away keira knightly matthew macfadyen spectacular supporting cast task well great appearances judi dench donald sutherland icing cake remake well worth your time
IMDB_0202,imdb,film,having watched mini series many times unsure expect version pride prejudice feel film book justice little time fit everything takes place however felt hurried script atrocious some points felt choice actors darcy lydia bennet bennet lady cathrine poor neither character justice perhaps due time limit film meaning harder portray think less well known actors actresses used film slightly believable wouldn thought them themselves characters actually portraying only years old think film well worth watch don time watch hour version many people age said thought film rubbish think shame pride prejudice amazing love story most probably inclined watch colin firth jennifer elle read book perhaps didn enjoy film much other people because seen bbc series definitely sit down watch again
IMDB_0203,imdb,film,first say jane austen pride prejudice favorite novels compare movie novel incomprehensible jane austen rolling over grave thought expecting something wonderful version received poorly acted piece trash elizabeth strong character slight nuances intrigue keira knightley showed little enthusiasm character actually same facial expression throughout entire movie final impression movie purely show off keira knightley superfluous scenes looking pensive somehow pensive looks same anger happiness love interesting even most touching scenes seemed forced characters must watch movie rent like enjoy pride prejudice rent version collin firth now real darcy
IMDB_0204,imdb,film,lighting costume design art direction alone make film standout cinematography editing match material make timeless film highly entertaining joe wright high end retelling story young woman lowest most economically vulnerable end landed gentry early england must find suitable partner man finds basically total asshat plot unfolds revealed negative allegation made against him aren actually true although family forbid prepared transcend class structure era pure love keira knightley effortlessly beautiful every scene even falls mud throws tantrum basically grits photogenic grimace petulant look somewhat betrays underlying entitlement actress weather perfect every scene though every prop
IMDB_0205,imdb,film,finished watching movie movie watch sad tired makes smile really loved romantic plot amazing give credits joe wright taking era brilliantly loved movie way ended sure still rewatchable
IMDB_0206,imdb,film,fan jane austin since seeing bbc version film produced since read books seen any film version them done afraid benchmark any filmed version pride prejudice always bbc production suffers comparison those never read book seen other productions may understand trying fit hours simply doesn work feel though being rushed through story being allowed see only highlights some places missing pieces story make hard understand characters motivations style film helps make rush job interesting similar roger michel version persuasion england see screen down earth real can almost see paint moldering elderly somewhat decaying longbourne times though wright does throw little romance mysticism use color light english landscape seems much lush green thought glow candles warm comforting another interesting element intimate way invited lives bennets through use camera work fact almost little too intimate fans austin some ways period well some characters appear rumpled disheveled good bit action takes place convenient times girls found nightclothes relaxed attitude relationships usually acceptable time performances while most tend good majority performers bring nothing new characters book tom hollander exception characterization collins puts somewhat different spin character usually portrayed bumbling comically condescending hollander collins comes across bland arrogant practical fault sees value currying favor wealthy believes others class follow example flip side matthew macfadyen performance darcy left little something desired lacks classical brooding handsomeness associates darcy performance sometimes awkward some problem might script sometimes hard understand forms some opinions seeing everything story bad film simply does meet standard set
IMDB_0207,imdb,film,pride prejudice literate movie reasonably faithful transcription jane austen sparkling comedy manners jane austen characters brought life changed broadened animated bouncing movie dickens austen pauline kael laurence olivier greer garson version great old dragon edna may oliver lady catherine kael description movie works pretty well template new keira knightley joe wright pride prejudice time old dragon judi dench can say wright version belongs darcy because hasn got olivier mathtew macfayden strong enough olivier movie belongs elizabeth bennett hence charming pretty keira knightley like changed broadened animated bouncing dickens austen won work
IMDB_0208,imdb,film,best short version pride prejudice nothing can replace incredible mini series bbc shove much perfection hours deserves stars things love movie music absolutely breathtaking score moving dramatic overbearing acting really believe relationships see sisters parents romance cinematography most shots old painting truly great work kind random love textures get see detail work variety textures displayed first two minutes see old pillars vines climbing crumbling brick linens wooden tables old book dreamy love story love production love direction ten ten
IMDB_0209,imdb,film,before say anything mention huge fan famous bbc mini series adaptation jane austen pride prejudice own dvd watched entire series several times start finish far best adaptation jane austen novel ever seen therefore may little bit subjective try keep comparing movie fantastic series pride prejudice based jane austen classic novel five young sisters whose mother desperately tries marry off wealthy men avoid future poverty loneliness witty second born elizabeth being protagonist sisters luck seems turn two such men cheerful bingley haughty darcy enter lives while bingley courts elizabeth beautiful older sister jane elizabeth finds herself clashing darcy immensely proud man seems impossible please turns conceal gentleman elizabeth too prejudiced see plot faithful enough original novel can really blame story being interesting enough however still much less compelling any other adaptation novel why because completely overlooks central dilemma elizabeth darcy relationship can together until darcy stops being too proud treat elizabeth family respect deserve
IMDB_0210,imdb,film,some people say see new adaptation open mind compare previous adaptations why still compare performances each character couldn comes down well each character acted part don believe disregard brilliance previous adaptation appreciate new ten years ago compared bbc film earlier interpretations pnp blew away perfect interpretation colin firth darcy spot watching series made read book until now still affects every time watch mathew macfadden darcy too crumpled too soft darcy proud enough keira strong enough intelligent lizzie whole film pnp main characters almost love too soon both don strong characters made lizzy darcy perfect each other movie okay definitive interpretation
IMDB_0211,imdb,film,well made great acting great adaptation already something time time again
IMDB_0212,imdb,film,honestly done well music magnificent sets phenomenal make isn much nothing tacky many small details honestly those films can watch again again
IMDB_0213,imdb,film,first saw sure liked came dvd found myself watching over over again acting best music breathtaking everything movie makes fall world want come feel like them hold smile almost throughout entire movie hear many witty comments keira knightley lizzy script done well whenever watch movie always find myself amazed dislike each other faded away gradually began get confused over whether hated each other fascinated whole movie believe better series done series may true book times found some characters vague personality quite developed enough
IMDB_0214,imdb,film,outstanding amazingly beautiful movie english countryside mind boggling great english country homes help make show camera work fabulous even music gorgeous didn think keira knightley make believable austen heroine because modern look charming convincing especially finds herself falling love scene where touring darcy home comes across bust man himself simply stands gazing priceless don get started darcy great kisses movie history lies end film
IMDB_0215,imdb,film,bad movie compared bbc mini series made movie falls short characters aren nicely worked darcy far too nice throughout whole thing mrs bennet isn wacky enough thought some plot twists left oversimplified whole movie seemed rather slow know due story think slowness partly due many arty farty camera shots lots scenery shot lizzie sitting swing spinning around didn really understand point last least ending made sense weird way end movie opinion whole movie bit too hollywoodian tastes story still brilliant scenery nice worth look haven read book want nicely polished modern version story want see good actors good film true story time book written watch mini series much nicer
IMDB_0216,imdb,film,keira knightly elizabeth bennet cheesy smiled giggled way through whole movie although best bad bunch portray elizabeth bennet austin novel never even came close matthew macfadyen better cast dead land dead movie acting wooden flesh eating zombie simon woods bingley crop ginger hair imbecilic smile makers movie really expect believe beautiful woman like jane bennet ever fall love such piece quivering stuttering jelly donald sutherland bennet looked like step away insanity half expecting see him eat dragon fly examining study only bennet act like step away mental institution two daughters giggled like half wits through whole movie thus convince insanity ran family daughter looked depressed throughout movie half expecting director take liberties austin novel insert scene where rest family found hanging rafters wickham movie where apparently only given cameo part allow time director focus bare butts statutes darcy home movie torturous mess beginning end bring back greer garson lawrence oliver
IMDB_0217,imdb,film,over past few months read many comments rendition pride prejudice confess only read book after seeing version movie only watched hour mini series after seeing movie take joe wright entire cast movie delivered platinum performance watched both series movie multiple times evening after watching both again movie local theater series dvd evening realization struck clearly why love movie much series comes down tangible emotion movie both keira matthew ooze incredible emotion feeling can see faces body language way speak expressions let throw away forget supporting cast love donald sutherland bennet brenda blethyn makes mrs bennet believable without making character whiny really irritating entity fun watch good three younger sisters cast well kitty lydia much fun cannot help giggling along them sisterly love between jane lizzie almost tangible real watched affection between them missed own sister much watched series found lacking maybe true time book based movie still wins hands down good romance said intense conflict intense resolution movie feel series colin firth good though jennifer ehle pretty degree portrayal elizabeth bennet held nothing found portrayal character bland somewhat patched lacking spirit fire keira knightley brought lizzie jennifer ehle means brings kind fire screen keira keira opinion most like elizabeth bennet imagined read book together keira matthew brought lizzie darcy life joe wright said darcy lizzie
IMDB_0218,imdb,film,don know enough movie making understand makes movie magical experience surely them every scene every character every frame movie seems perfectly crafted direction camera work actors certainly view pride place must lizzie bennett played absolutely gorgeous keira knightley outstanding costumes sets locations seem right don think anyone else achieved done here add landscapes lovingly captured director joe wright cameraman roman oshin perfect movie
IMDB_0219,imdb,film,words can describe movie still give justice while does cut lot novel never read doesn bother watched mini series thought complete bore almost turned off seeing movie almost see movie treated laughs characters watch believe story only easy follow pulled see darcy elizabeth really liked each other left screaming television while watching interacted like wrong like him tell him keira knightely amazing job softer yet still tough lizze most rolls keira takes seem showing rougher bad ass version women pulled off amazingly well matthew macfayden exactly darcy stoic proud rigid yet still able show felt lizzie real emotions rosamund pike jane timeless beauty nobody today era possibly pull off jane way rosamund can find nothing bad say movie loved chemistry between keira matthew well rosamund simon hated whickham beginning first mentioned found him charming likable actually attractive can said wickham continue review take two pages loved movie wish see version pride prejudice emotion likable characters
IMDB_0220,imdb,film,occasions where film surpasses book does change pride prejudice only film can think off top head jaws however audience accept move adapting romantic novels especially hard little action speak therefore story must altered slightly hence adaptation jane austin purists may probably despise film however good adaptation completely accurate otherwise whole boring cover novel depth take hours film enjoyed beautifully shot well directed superbly acted kiera knightley superb elizabeth well supported brenda blethyn donald sutherland mathew macfadyen however film almost stolen surprisingly brilliant tom hollander plays sleazy collins point widely criticised state bennet household fact servants yes may inaccurate however does give leverage mrs bennet far loopy novel brenda blethyn does superbly film always going lovers haters watch film watch accomplished piece film making
IMDB_0221,imdb,film,haven time read message board entries smile much writers comparing ending british ending deciding over other myself enjoy ending actually wanted still darcy dang after teasing want few kisses around face definitely having said ending allowed imagine may come next since get finally see darcy most romantic mode wrong loved book since first read yrs ago visit often jane austen successfully conveyed written times enough undercurrents any remake many avenues take want develop ideas take audience other directions such small book such big heart thoroughly enjoy miniseries version find classic colin firth course benchmark watched movie bit trepidation especially such stylized set two main characters appearing take big stretch reach roles especially matthew macfadyen read version win over saw character develop pleased say
IMDB_0222,imdb,film,went movie presently limited release here los angeles hope open mind even though big fan bbc production enjoy whole some reservations instance can understand why many things compressed because shorter length movie why decide set earlier period austen intended love elegance bbc production elegant homes elegant clothing elegant dancing production featured lot noise lot bouncing around intentional because period understand thought keira knightley made excellent lizzie though rare luminescent quality makes screen hers alone whenever scene didn care matthew macfadyen darcy seemed mostly sad rather mysterious brooding wasn opinion handsome enough darcy although does beautiful eyes colin firth impromptu dive lake
IMDB_0223,imdb,film,say first heard remaking pride prejudice bit incredulous read once year every year since since seeing bbc version wondered why another version even necessary thought kiera knightly probably pull off elizabeth never heard matthew macfadyen compare colin firth never miss interpretation went saw theater admit rather quickly exceptionally well done perfect short run time managed fit lot
IMDB_0224,imdb,film,don think ever seen worse version jane austens classics only film confused time period meant story mutilated beyond comprehension hadn title start film thought walked wrong screen cant think worse actress play elizabeth bennett keira knightley pride prejudice only favourite book colin firth version favourite drama elizabeth bennett strong character certain essence intelligence knightley incapable bringing fore lover jane austens work say couldn disappointed film any loves pride prejudice stay well clear called telling jane austens classic
IMDB_0225,imdb,film,absolutely adore movie favorites favorite recommend anyone wants instantly addicted wonderful movie incredible write borrowed movie sister first chance got sit down watch movie watched since watch least once week can seem get enough movie sitting here desktop movie poster last night ran bookland local book store town bought two books already several chapters book looking forward reading other books absolutely love story really recommend everyone anyone every women knows someone reminds darcy buy today
IMDB_0226,imdb,film,amazing cast put together breath taking movie perfect combination bring jane austen beloved novel silver screen beautiful keira knightley self confidence quiet natural beauty part seems completely abbandon herself part see movie see elizabeth bennet movie amazingly worth while see forget your watching movie rating seem deter many faithful austen fans flocked theaters see new edition only set back see beginning movie jump right quite fast passed loose little bit detail book give enough your full attention captured end movie slowed down credits role don feel cheated simply thankful undiscribable film watched marvelous simply marvelous
IMDB_0227,imdb,film,need retell plot movie others done beautifully let say now purchased five copies four give away here why kiera knightly incredible elizabeth bennet youthful wise sweet sarcastic beautiful touch tomboy matthew macfadyen darcy perfect gives character right blend pride insecurity eyes expressive sidelong glance speaks volumes voice bennet family every family delightful jumble diverse personalities bound tears laughter love music own soundtrack too scenery many kodak moments story perfect perfect jane austen amazed
IMDB_0228,imdb,film,really expectations whatsoever movie before seen happily surprised beautiful shot film sweeps breathtaking well cinematically brilliant actors lead made great job getting through suppressed feelings between them nailed screen until last frame sense humor excellent story course feast drama read love thirsting people like myself brilliant refreshing see jane austen novel being filmed without common stuck people felt like real people anything really relate characters get yourself some popcorn prepare great movie evening
IMDB_0229,imdb,film,pride prejudice delightful film each viewing characters engaging wit charm austen story come life new way actors perfectly cast roles ability showcase austen humor well done any hopeless romantic wishing special love completely enraptured spirit elizabeth darcy romance soundtrack provides whimsical background each part story allows viewer experience same emotions characters truly glorious film anyone can enjoy amazing story finding love someone least expected
IMDB_0230,imdb,film,absolutely love miniseries version colin firth may biased watching version before new version came think characters version bit too overacted think lizzy movie kiera knightly needs little bit studying character actor played darcy even compare acting skills colin firth overall seen previous versions movie probably love want great version movie whole heartedly recommend miniseries version hope helps decide whether like movie
IMDB_0231,imdb,film,haven read book yet haven seen bbc series yet maybe why really enjoyed movie can judge near movie book honestly don care can say movie beautifully shot mother artist drawing water color pictures couldn stop raving cinematography found love story interesting dramatic fulfilling soundtrack absolutely gorgeous violin darcy lizzie dance scene another actor kind added additional layer scene showed liz comments darcy heart almost made cry watched movie time acting superb overall enjoyable experience can strongly recommend movie people like romantic movies recommend movie people read book cannot forgive modifications can recommend movie people seen bbc series willing accept hour movie less time develop characters hour mini series
IMDB_0232,imdb,film,first probably make clear compare any only original jane austen book glorious faithful colin firth jennifer ehle version version lots plusses major problems both own comparison main objection rushed feeling unnecessary deviations book even six hour miniseries cut some austen dialogue surprising two hour movie cut much dialogue even some characters hursts disappeared mariah lucas gardners children others other lack faithfulness book missing characters great loss rush through story element next unpleasant viewer why earth director waste screen time long shots woods parks used add little story artiness dawn shots doesn add anything movie clothes hairstyles poorly done gowns attractive accurate period hairstyles sloppy falling down production trying grittier feeling gardners both quite coarse exterior shots showed underside pleasant upper class living found quite distracting even distracting changes served discernible purpose why first sort love scene between elizabeth darcy set rainy wood why scene ribbon shop gained changing scene pemberley grounds music room
IMDB_0233,imdb,film,usually person cares lovey dovey kind movie don usually like see movies taken book because writers seem leave much however after seeing pride prejudice came conclusion movie best movies ever seen script amazing acting spectacular setting breath taking incorporated bit humor went along surprisingly well classic story script followed book well only left unneeded parts preview movie well done highly recommend seeing movie
IMDB_0234,imdb,film,good considering fact physically impossible real justice easily greatest literary masterpieces time biggest complaint fact director seems taken upon himself alter work great jane austin prime example personality mrs bennet book rather unpleasant superficial sort woman movie while keeping original personality much film given several moments comes off down earth overall entirely tolerable sort person preferred several other aspects director stayed true original work
IMDB_0235,imdb,film,problem attempting produce film version legendary book years after iconic series film must first justify own existence rise above predecessors glorious triumph sadly any adaptation pride prejudice reduces itself hours screening time never achieve feat although some good performances some original takes material director joe wright simply shot himself foot own endeavours plastering kiera knightley face sides buses belfast may good ploy get high box office sales really deliver once tickets paid sadly film does simply too short trailers summarise film around seconds say wright focus man whom woman can resist darcy film elizabeth bennet relationship darcy much hour time guillotine means these extra elements austen carefully created society must cut tailored down passing reference
IMDB_0236,imdb,film,great pity only two hours liked watch least another hour joe wright beautifully directed pride prejudice see other made bbc took trouble buy last sunday watched hours dvd together version again sorry say like many other said before colin firth fell flat nose intensity palpable repressed sexuality matthew macfayden keira knightley absolutely fascinating fresh genuine interpretation lizzy best seen far seen lot trifle different others much better other actors well cast pure entertainment eyes watch them throughout story telling scenery photography stately homes balls bennet house country side everything beautiful eyes beaming joy well done only lament can make last scene dearly loved seen bit ardor embrace good imagination made compliments involved making brilliant pride prejudice claudia maria
IMDB_0237,imdb,film,having previously read book seen mini series limited education time television saw movie pride prejudice cinematic preferences tending toward contemporary life plots action wife drag film glad movie transports time place where feel moods care characters beautiful scenery emotive music great architecture excellent acting made thoroughly enjoyable entertainment keira knightley perfect role transparently illuminates thoughts emotions others cast fit parts well except donald sutherland pearly white teeth intrusion century film otherwise believably transports great scenes include dance hall sequences proposals judi dench nighttime visit final scene
IMDB_0238,imdb,film,first let say front real movie critic loved yes abridged version cut here feature film tolerable said darcy accent fact beautiful cinematography exquisite dancing lighting lovely camera angles clever mood shots inspiring mention thought keira knightly lovely elizabeth bennet loved scenes donald sutherland looking forward him playing bennet since first heard project years ago great part fact thought acting well done darcy colin firth screen chemistry palpable caught splendor austen world once new version bottom line nothing compare colin firth jennifer ehle version new installment isn mini series feature film taken feature film does austen proud imhonow
IMDB_0239,imdb,film,mid adaptation jane austen classic still favourite many fan memories motivation big screen adaptation entirely clear nonetheless faithful ultimately enjoyable film director joe wright presents visually stunning period piece choice locations provide ideal backdrop drama unfolds around central character elizabeth bennet played surprisingly well kiera knightley sisters american film investment occasional american star most notably donald sutherland questionably cast bennett calm father centre storm created hysterical women family sutherland plays different bennet senior used brings such subtle humour warmth role cannot help appreciate presence women film fairly standard younger sisters simper giggle well can expected another american jena malone lydia copes admirably little immaturely character develops brief storyline own rosamund pike plays older bashful sister jane quiet elegance complimented well suitor simon woods charming last bingley comparison unfortunate leading male role darcy gone matthew macfadyen comparisons certain firth aside macfadyen delivers such disappointing portrayal darcy
IMDB_0240,imdb,film,keira knightley some reason given bad wig movie left undercut back part top stringy strands hanging face most film far superior mini series lizzie hair tendrils front pinned back like other women film went fashion empire waist nightgown style dresses light colors film got style era wrong thought audience dumb enough distracted cheap wig young girl certainly wish shein order such wig series costuming properly shows time women pious crosses around necks fertile maternity waistlines trend pure whites light colors poor costuming ruined film along miscasting keira knightley way too cocky lizzie lizzie meant cheeky demure way subtly lost keira knightley among beautiful meaningly tableaus
IMDB_0241,imdb,film,went film date since really nice interesting person didn want disappoint classic jane austin chick flick some good news few things enjoy hetero sexual male really type historical knight shining armor story first keira knightly elizabeth bennett unbelievably hot mean like control stared every scene babe love actually here right over top hard actually keep track dialogue screen because focused second tom hollander plays bumbling collins genius guy reminds sort victorian adam sandler trying pick women keira knightly isn screen steals show gets through some slow parts third some great outdoors scenes england peak district where hills north england really make want some serious hiking girl even agreed some camping since being sensitive take victorian romance fourth mention hot keira knightly suck buy some popcorn raisinettes take your girl movies appreciate your sensitivity evening won total loss
IMDB_0242,imdb,film,first review watched movie like times felt like deserves review after time still love every bit actors brilliant can feel passion between two main characters ending perfect way austen movies
IMDB_0243,imdb,film,saw film only few weeks ago fell love though got some objections ending even greater alternative ending consider too sweet compared miniseries darcy melts too easily though both keira knightley matthew macfadyen great job especially matthew must touched every women heart guess say some changes made bit misleading mean example mary whose character seems much prim original collins considered spiteful book version movie anyway whole film greatly pleasant way escaping severe reality our time far dvd highly appreciate bonuses give even better insight austen times romantic soul sure see film sure see miniseries well course enjoy yourselves
IMDB_0244,imdb,film,didn see any reason make another adaptation pnp after brilliance mini series unless going make excellent job sadly didn film rushed through alarming pace without really getting know any character slightly sugar coated complete lack classic wit jane austen bennet family looked poorer keiraknightley portrayal lizzy bennet too modern grimaces grins every scene came across being obnoxious indication witty particularly intelligent specially attached either jane father girls giggled lot donald sutherland bennet disaster mrs bennet less awful intended bingley played complete idiot cheap laughs mathew macfadyen vulnerable proudthere strength personality does possess same air dignity colin firth obviously serious film wit humour jane austen almost lost favour melodrama best thing film many pretty english country side
IMDB_0245,imdb,film,perfect movie never believe otherwise splendid romantic sweeping landscapes beautiful piano driven score spot actors seen times happily watch
IMDB_0246,imdb,film,why much aversion amazing movie first film without kissing scene ever seen watch see lovely story elizabeth incredible rebel like time difficult love
IMDB_0247,imdb,film,wish within power say something astounding regarding wonderful new version pride prejudice something amaze handed down posterity eclat proverb enduring austen lizzie say haughty darcy alas poor fate merely echo sentiments many others say almost outraged hear another version wonderful novel pinnacle perfection attained miniseries anyone hope dare attempt another outrage further increased upon learning keira knightley attempt role elizabeth bennett beloved heroine tale hold dislike knightley far image lizzie lightweight ways merely slender frame therefore tempted see theater
IMDB_0248,imdb,film,soon saw matthew macfadyen name darcy knew going good brilliant classic story some great actors unfortunately donald sutherland performance places poor important scene where words quite important story simply mumbled them completely unintelligible really bad fortunately doesn lot say other scenes don know why director didn ask him say lines again perhaps sutherland playing famous actor role director too scared insist another take elocution put shame every rest cast macfadyen course speaks absolutely perfectly does kiera knightley sutherland performance next theirs made look even worse wonder something wrong top teeth too large badly fitting dentures noticed scenes where laugh often covers mouth ashamed top set teeth strange anyway try think sutherland elocution top teeth watching film really brilliant
IMDB_0249,imdb,film,anxious see movie first must say enjoyed enacted period style grit earthiness interesting scenic shots breath taking acting left much desired way home decided keira knightly elizabeth bennet impersonating winona rider little women lacked elegance elizabeth accustomed version much too silly elizabeth jane almost giddy lydia kitty give contrast jane austen must intended beloved novel untrained eye fun movie keira knightly energetic beautiful watch pure jane austen fan version lacks true dialogue tweaking story ridiculous example having elizabeth blurt darcy dancing fun even partner tempt him paaaleeeze cut some best lines behaved gentleman like manner collins character rather believable dame judy dench lady catherine worked well liked see scenes took poetic license bit too far having bingley come jane room while sick check done austen book elizabeth walking outside nightgown because sleep darcy meeting sunrise walking never let alone ending silly kissing scene pemberly fun seeing friend knows story version inside chuckled annoyed those around husband commented like watching lord rings trilogy cut down two hour movie felt like fast forward recently read many reviews declaring version sweeping landscapes lacking incredible dialogue amiss why bothered film movie version utterly superior true book hope anyone seen production interested reading book watching version completely caught true story fascinating dialogue jane austen famous
IMDB_0250,imdb,film,sums movie breeding movie taught things leave house breaks door went table full people told them because strong reason theres too much matters them took break sipping water said enough water over last years
IMDB_0251,imdb,film,cant speak english perfectly hope forgive gosh say movie first say seen pride prejudice directed langton ehle firth bbc mins consider film masterpiece maybe bit sided speak new version film since beginning understood poor thing first most usa historical film completely unfaithful first ball scene lizzy asks darcy wants dance come joe wright mind lady asks gentleman dance victorian england period nonsense most things shown movie second say figure collins comic figure langton film here looks like psycokiller wickham poorgay version orlando bloom darcy bingley first really nothing comparison great performance colin firth second really ridiculous part weak gentleman lizzy jane act like teenagers ancient english women too bad keira knightley usually acts good part finest creature earth film seems confused acts hysterically some part poor jane austen
IMDB_0252,imdb,film,enjoyed movie much think loved bbc series colin firth movie lot shorter story well done mathew mcfadden brilliant darcy liked see him scenes talented actor knightley good role elizabeth costumes bit drab most time judie dench brilliant always donald sunderland excellent locations beautiful music tom hollander great collins brought humour roll watched movie five times watch again great stuff
IMDB_0253,imdb,film,pride prejudice novel latest adaptation joe wright delightfully charming film surprisingly works well limited runtime minutes compare film ever faithful ever acclaimed television serial both work equally well different levels selling point film fact easily appeal younger generation great introduction those unfamiliar novel jane austen modern rendition classic novel still manages maintain wittiness romance through impressive performances young attractive actors actresses keira knightley most beautiful talented actresses currently delivers pinpoint portrayal elizabeth bennet sparkles witty personality execution deliverance novel smart memorable dialogue spot talent evident having able meet high standards always tagged along particular character counterpart matthew macfadyen does equally good job darcy transformation throughout film well acted some may dissatisfied youth lack maturity cast
IMDB_0254,imdb,film,wright adaptation austen novel quite true book much better film compared other recent adaptation being gurinder chaddha bride brejudice visuals dazzling writing impressive times pace moves bit too slow liked wright attention time period presents costumes actors body language class distinction settings language accordingly cinematography especially long shots party sequence brilliant score soothing keira knighley performs better any other films still miscast doesn seem suitable nuances required play lizzie bennet matthew macfadyen most unconvincing darcy ever another miscast indeed gives film unnecessary melodramatic touch goes over top expressions however supporting cast exception irritating jena malone includes donald sutherland brenda blethyn rosamund pike tom hollander perform well whole liked most visuals supporting cast appreciate being true books required stronger lead pair favourite adaptation albeit loose remains sharon maguire bridget jones diary haven seen bbc series yet
IMDB_0255,imdb,film,person currently studying austen novel interesting see pride prejudice put full motion film several modern adaptations story bridget jones bollywood version bride prejudice thought version good attempt don understand why many people criticising admit good bbc drama starring colin firth oooooooooo jumping lake jennifer ehle still good characters well played judi dench good monstrous catherine bough keira knightley wasn bad thought mary bennet better version thought glossy british countryside settings gave film extra sparkle favourite scene elizabeth bennet visits pemberely even though missed several parts book still stuck main plot good
IMDB_0256,imdb,film,fact seen movie long time ago don know number watch today every time see feel different moved last scene early morning sun like two people put down arrogance put down prejudice began examine each other everything like new life ending real beginning story
IMDB_0257,imdb,film,another adaptation austen most famous novel makes screen mix nationalities actors fair bit cropping plot matthew macfadyen excellent choice darcy bit vulnerable lot less pompous surface earlier portrayals role keira knightley good lizzie rosamund pike jane donald sutherland brenda blethyn although strange choices bennet parents well every version much loved book bits come off better others trip darcy estate rejected proposal ball scene good locations excellently chosen beautiful avoid ending yeuch
IMDB_0258,imdb,film,simply put film breathtaking while watching feel flown away fantasy land absolutely gorgeous people costumes setting dialogue jane austen couldn done better herself opinion pure beautiful love story anywhere watching story wraps arms around carries away place time story perfect anyone enjoyed either novel mini series both movie pure bliss casting suited austen characters setting simply divine
IMDB_0259,imdb,film,pride prejudice isn bad film any means thing don think deserves praise getting since release november pride prejudice based jane austen most famous novel mainly love hate relationship between poor girl elizabeth bennet keira knightley rich man darcy matthew macfayden story set georgian england far concerned least film based novel even bollywood musical adaptation released director joe wright able bring something new table overall say yes first things first film extremely beautiful look whether fields small houses large ballrooms look amazing wright shined ball scenes despite huge number people handled well camera scanner must say moved smoothly character another rarely cut mention
IMDB_0260,imdb,film,takes lot effort determination turn austen superb novel something truly awful producers writers director cast managed cherish novel don see movie love movies give miss feeling optimistic state arts our time see movie cured your optimism long time come finished watching movie felt like undergoing ritual flagellation couldn find single thing like movie completely over top ball where few fiddlers flutists manage sound like piece orchestra blethyn tedious patented hysterical mother dench absurd lady bourgh hysteria five sisters earsplitting cacophony five bennett sisters full cackle knightly vacuous face
IMDB_0261,imdb,film,preferred version previous versions any them handled story beautifully latest version several things going first keira knightley somewhat better elizabeth bennet matthew macfadyen wonderful brooding darcy donald sutherland gives solid performance quite sarcastic benjamin whitrow previous version bennet found alison steadman mrs bennet previous version too annoying brenda blethyn version right other sisters toss pluses minuses average new version beautiful scenery thought some directorial decisions presenting thoughts characters extremely well done during dance scene elizabeth darcy example begin crowded ballroom place really jammed dance camera comes take only elizabeth darcy weren alert might think slipped away outside perhaps dancing alone see end dance crowd startled time quickly penetrated being told story touches like scattered throughout film liked joe wright gets credit directing beautiful film loved book seen any other screen version
IMDB_0262,imdb,film,liked movie lot granted seen version indeed like better novel only read twice enjoyed novel saw movie first rarely ever like movies books even see movie first avid reader agree someone said movie based off book book turned move jane austins book indeed good enjoy maybe because fact romantic yet feel way movie any other movie watched several times still love same well actually tend like even compare movie another movie doesn justice especially made movie hours long can lot hours book may hate movie don feel gave chance comparing another made someone completely different like book doubt like movie
IMDB_0263,imdb,film,tender brilliant movie watch like can feel much director really cares much thought love soul puts production can feel love every shot love way story presented moved closer our age only makes understandable century people main characters outstanding believe every word every look cannot fake want say huge thank director thank eternal beauty film amazing work tender full light hope love course
IMDB_0264,imdb,film,after read novel after see adaptations basic question because each adaptation propose vision director novel almost perfect reading enough virtue basic virtue film far best adaptation courageous inspired useful because darcy matthew macfadyen exactly ice man delicacy vulnerable actions being seductive surprise keira knightley gift expect elisabeth like rosamund pike does admirable jane flavor novel gift honest inspired profound beautiful adaptation motif see maybe
IMDB_0265,imdb,film,march unlike mini series version decade earlier recent theatrical film version fails present fun gay informality bennett sister loses lot authentic family interactions well subtle non verbal expression proper etiquette appeared rigidly during english era times richness jane austen dialogue language picked bare places while offering barest essential emotional high low points though recent version does capture emotional intensity effectively
IMDB_0266,imdb,film,really like english country life time year party seems lively such man darcy really found let pride prejudice live happy life
IMDB_0267,imdb,film,background piano score does justice impeccable cinematography poetry motion macfadyen amazing darcy fine actor keira knightley stealing show bewitching charm countenance every expression hers immaculate literally can take eyes off much like darcy film
IMDB_0268,imdb,film,well guess know colin firth darcy unfortunately macfadyen simply good enough guess theme movie simply good enough few things really annoyed including century look bennet sisters fact keira knightley looked benefit professional make artist don believe ladies century having said some nice scenes liked dance scene wild scene edge peak district outcrop having spoilt such masters art peter greenaway roman polanski became frustrated poor use lighting especially indoors failure capture real feeling century england comes austen book guess reality expecting lavish cinematic experience got nothing classy chick flik
IMDB_0269,imdb,film,outset movie hoping something different bbc version especially most recent version done authentically wonderful realisation jane austen wit humour warmth main drawback production slightly sugar coated visually nice warm lighting generally little clean nonetheless authentic true author why many love story much first place these people probably hate keira knightley let help teeny boppers understand great literature version like grimy setting film thought least initially demonstrated desire distinguish film other versions glaring question came first shot longbourne though bennet manservant other servants can middle class family late eighteenth century afford two servants manservant especially bennet himself appears working farm mrs bennet such cute relationship film jane lizzie being secretive each other personally think jane austen convulsing grave horrible moment during scene where darcy prematurely proposes lizzy kent
IMDB_0270,imdb,film,got copy dvd april watched twice already film excellent considering fact only two hours fit everything yet movie didn fell rushed entire cast shined particularly matthew macfayden keira knightley leads lent certain boyishness darcy class own while keira knightley took spirited lively elizabeth next level jena malone brenda blethyn especially refreshing pleasure watch rosamund pike lived name certainly looked like blooming rose jane fresh innocent director joe wright done marvelous job bringing amazing story big screen after never forgotten version course compared lot feel both special own unique way watched two completely different frames mind give yourself pleasure watching regret
IMDB_0271,imdb,film,best romantic movie darcy elizabeth start off liking each other pride prejudice true love prevails
IMDB_0272,imdb,film,think film interesting book love
IMDB_0273,imdb,film,while movie may seem bit slow boring first kind magic makes want watch over over again performances sceneries music costumes everything perfect beautiful adaptation jane austen best novels keira knightley perfectly portrays elizabeth lizzy bennet best performances dare say perfect script extremely perfect dialogues wonderful especially scenes between darcy lizzy film pays great attention detail allows important messages delivered without need words haven seen movie like period romantic stories really recommend watch
IMDB_0274,imdb,film,really feel deeply emotionally engaged reviewing pride prejudice such jane austen addicted review profession faith proper review let admit cannot impersonal objective judge however doubt jane austen most loved novel brought vivid life joe wright adaptation matter fact considerable significant director didn fall temptation turn movie romantic hodgepodge contrary respected intention mood novelist jane austen narrative didn belong romantic age both historical conceptual point view provided deep psychological insight characters along careful social analysis considered sort modern psychologist those counsellors today answer questions today magazines movie focused elizabeth relation darcy proves total adherence novel heroine self conscious
IMDB_0275,imdb,film,movie came theaters profoundly pleased performance lead actors keira knightley matthew macfadyen director alike voted compared food fine dinner two agreeable wine well years later last week happened watch bbc mini series alas must say overwhelmed piece art richness detail pure perfection get aperitif delicious soup four course meal
IMDB_0276,imdb,film,love jane austen because pride prejudice love pride prejudice because superb adaptation love elizabeth bennet because keira knightly stunning performance love darcy adore darcy dream darcy darcy immortal mind because macfadyen played role darcy watched film hundreds times can recall every single word never bored daresay after each time watching tell myself next time hadn watched pride prejudice never understood beautiful britain might hadn watched pride prejudice never recognized proud self centered judgmental owe lot dear jane wrote pride prejudice owe lot joe wright made pride prejudice alive owe too mathew macfadyen showed gorgeous man can man dearest darcy
IMDB_0277,imdb,film,went cinema saw pride prejudice little unsure whether live expectations memorable lovely book series soon film began completely lost well made talented actors deliver breathtaking performance keira knightley lovely elizabeth matthew mcfayden darcy your dreams think only sighed giggled wanted elizabeth shoes anything throughout night say anything good movie little rushed time time famous lines book swiftly said thing gravely lacked kiss between two lovers annoying americans can see poor souls europe can even dare say pride prejudice best films even seen because love book pride prejudice most romantic story laugh cry while watching teach good few things life recommend heart those want feel good rest week
IMDB_0278,imdb,film,characters jane austin created live brilliant story changing better love respectful movie shots beautiful yet real music comes heart feel hear script touches spirit jane austin joyful romantic world changes acceptable order make drama suitable screen cast job mistakes idea plan sequences done great sense art technique like jane austin pride prejudice enjoy joe wright too movie begins ends dawn
IMDB_0279,imdb,film,move over gone wind finally competition romance movies pride prejudice took breath away ugly bad mouthing break neck over top computer effects beautiful experience those movies don want end colors artistic felt james macneil whistler painting enjoyed camera work directors outdid themselves way viewer feel part movie angles superb loved casting everyone believable story most romantic stories ever written believe movie fast become absolute favorite world lara
IMDB_0280,imdb,film,loved keira knightley well acted period costumes lovely elegant little everything romance drama hope even made future love period drama watch everyone them never disappointed shame some people somewhere departments here south africa often ignorant genre movies misinformed classed comedy can believe need education meaning understanding different lives morals culture these era obviously idea time period sad actually totally missed lovely quirkiness gentleness those times
IMDB_0281,imdb,film,whilst film can ever really replace book beenadapted film whilst nowhere good accurate bbc tvseries does come close original story two hour filmit excellent setting good acting superb asone might imagine such superb cast highly recommendedpiece cinema quite possible setting film accurate bbc programme although only point outscores version part mary bennett played tallulah riley extremely well done suspect actress far
IMDB_0282,imdb,film,movie true gem while staying true jane austen book dialogue incredible kyra knightly lizzie reincarnated seen bbc version good chemistry here much better favorite movies time
IMDB_0283,imdb,film,conversations between characters seemed super fake forced emotion especially between darcy elizabeth like conversations each other spacious don flow like normal conversation plus super awkward toward each other seemingly don know speak each other isn darcy lizzy though bingley bennet collins seemingly clue normal conversation may terrible speaking each other good facial expressions throughout whole movie
IMDB_0284,imdb,film,must admit don understand why many scathing reviews these purists being petty elizabeth sleeves wrong jane austen fanatic fan read novels certain ones like pride prejudice sense sensibility occasion seen bbc version fact finished reading directly before seeing movie first time back came impressed hour movie justice novel really incorporate important scenes cut few corners much wickham fleshed enough isn hour bbc version either truly remarkable achievement acting good cinematography gorgeous comfort food movie wife read austen novels seen bbc version unless nit picking purist love movie
IMDB_0285,imdb,film,alright before begin let establish whilst both austen fan fan bbc mini series purist walked film few expectations willing accept like wonderful bbc version ready change say pretty much got expected let remind wasn whole lot firstly film jane austen version pride prejudice like odd written version emily bronte instead novel original clever witty fairly quiet suburban drawing room satire director joe wright chose create lush sweeping
IMDB_0286,imdb,film,jane austin lover simply style however film film changed simply brilliant acting superb setting glorious costumes elegant story transferred well screen kiera knightley favourite actress long shot good apart stupid slip last scene where far too giggly liking real star film matthew mcfadyen ladies thinking him darcy weeks after watch superb exaggeration simply divine
IMDB_0287,imdb,film,knock heard film woman picture apparently remark means only women can appreciate incredible writing striking cinematography acting can only described sexy through chemistry streaks off screen certainly man picture because killed nothing blown pride prejudice thinking person cinematic achievement combines old fashioned movie making skills some well chosen subtle special effects movie makes feel like live era years ago film savor many years
IMDB_0288,imdb,film,use camera film exploited most amazing extent seen few any images beautiful ones seen here captivating made hair stand end mix light amazing scenes projected perfectly alongside classical soundtrack full meaning purity star cast performed amazingly well really brought film can really relate heart ache romance characters some good comedy mixed deep love romance want see again suggest anyone can captivate even most aggressive film lovers enjoy
IMDB_0289,imdb,film,saw yesterday cable disappointed version adaptation book something supposed cinematography music score great enjoyed both immensely liked changes made book absolutely necessary like scene darcy proposes elizabeth first time why shot under rain outside looked like going kiss really necessary elizabeth uncle aunt visits pemberley house visit display greek statues book see miniatures quite acollestion them hears piano peeps through door watch georgiana playing unheard decent behavior any time especially time same famous lady bourg visit longbourne middle night even pompous vicious haughty lady stoop down such demeanor transforming longbourne farm animals fowls etc
IMDB_0290,imdb,film,pride prejudice adequate adaptation jane austen perhaps most famous book marries classic writing excellent cast great sets beautiful cinematography movie begins ends keira knightley wasn doubt ever compelled watch knowing good actress excels period movies like happy give shot wonderful usual hard imagine better modern actress portray elizabeth bennett course supported sides fine performances donald sutherland rosmaund pike judi dench several others undoubtedly knightley show nary hitch seen other standout element pride prejudice dialogue surprise
IMDB_0291,imdb,film,know coming late party didn see movie until came free cable must watched times made buy book gads easy read didn amazing visuals movie head never gotten through hopeless romantic such myself movie heaven further repeating everything posters already said stop see can stop need lines text odd problem can easily continue scene field where proposes second time sun comes between two heads beautiful wonder timed perfectly sun added later some technical movie magic don want know
IMDB_0292,imdb,film,fortunate enough attend gala screening film british film festival here israel tonight don generally watch period films kind thought interesting try something different change keira knighley presence notwithstanding course heard many disgruntled fans jane austen book complain film justice didn measure mini series colin firth suggest either read book again watch mini series again because something made film otherwise get blandness first harry potter direct translation film shortened altered fit whatever vision writer director may otherwise simply gone before point anyway film must admit though familiar story modern times caused look differently now drawing comparisons bridget jones former incarnations source text apologise seems sacrilegious however non fan genre pleasantly surprised visuals beautifully artistic acting superb these lines easy give over naturally convincingly here script sharp drawn yet again story
IMDB_0293,imdb,film,read book many times watched series few love both film ant either thats joy director given love scenes made real attempt make them fresh new glad don get wet shirt darcy cos never compare firth another review thought lacked any sexual attraction really surprised rain scene hot sizzled thought macfadyen great darcy perfect way film choose develop him managed stern pompous prefect proper love interest little changes demeanour behaviour keira shone too although perhaps bit toothy
IMDB_0294,imdb,film,agree part other critics site yes dress slightly wrong yes language too modern times didn feeling authenticity bbc drama cant say didn enjoy read book expert period literature felt movie put too greater class divide between bennets darcys bingleys perhaps caused unshaven appearance donald sutherland however didn overly upset direction lead couple silly scenes pointless took time away plot some actors didn appear understood roles playing lizzy giggled too much having said enjoyed much anyone else hasn yet experienced drama book recommend watch read them thought keira knightly giggling looked gorgeous matthew macfadyen darcy wasn too bad
IMDB_0295,imdb,film,after seeing bbc miniseries version completely taken back version good way jumped storyline storyline added too much drama strayed book too much even copied bbc miniseries version copied ways such nether field ball mary supposed accomplished bad singing bbc miniseries version added part interest current version copied wasn book lot wording wasn taken original book previous version crammed everything too short space time got architecture wrong skipped characters such mrs hurst gardiner children added humor story where book indicate minor detail couldn believe saw caroline actually wore sleeves only thin straps researched era jane austen thoroughly can tell never never seen rude thought acting woeful keira knightly copied jennifer ehle thoroughly hopeless darcy arrogant proud main problem everyone rushed through lines plastic sick give makers credit
IMDB_0296,imdb,film,after last year abysmal bride prejudice halted uncertain threshold film period retelling jane austen classic novel nervous similar experience beginning show itself took plunge within short space time fears vanished turned feelings joy ecstatic wonder beauty film film almost breathtaking beauty beautifully shot roman osin uses glorious countryside wonderfully colour exteriors captures sumptuous design interiors design wonderful period piece ornate beautiful things behold held within bracket authenticity credit must given three others joe wright stunning feature length directorial debut deborah moggach superb adaptation novel sacred millions dario marianelli glorious subtle splendid score above thing stands above others superb ensemble keira knightley brilliant elizabeth bennet providing first really great performance career doubt glittering matthew macfadyen good
IMDB_0297,imdb,film,having never seen bbc mini series went see pride prejudice open eyes sure expect wondering whether matthew macfayden pull off great darcy opening film little disappointing takes awhile dialogue flow film get going once started film takes your breath away some camera work shots times questionable sure joe wright intent characters faces completely obscured sunlight doesn really work locations stunning however film looks beautifulkeira knightley puts fantastic performance matthew macfayden really comes own last half hour film reveals real darcy going see film again once general release again sure easy stomach second time around overall though
IMDB_0298,imdb,film,overall thoroughly enjoyed version jane austen pride prejudice particular found central performance keira knightly carried film along splendid support brenda blethyn other bennett sisters some minor characters such tom hollander collins cinematography ravishing music underscores atmosphere effectively maggoch adapted novel effectively focusing strongly lizzie male characters background novel principal casualty wickham relegated pretty boy louse few lines inevitably comparisons made garson olivier version bbc mini series film stands well compared these fact argue best three version principally interesting changes american studio made make film interesting audience carriage race between bennetts lucas family invitation please bring invitation bennetts packing leave town after lydia disgrace choice victorian setting year old star thought flatter figure archery contest turning lady catherine bourgh sympathetic character insistence actress
IMDB_0299,imdb,film,don know those harsh comments standards applied here seem bit unfair perhaps adaptation true letters jane austen captures essential part story unfolds big screen such lusciously visual way bbc adaptation darcy extra scenes explain inner struggles following transformations darcy film entirely colored lizzy subjective perception why feel little bit blocked point view however matthew macfadyen subtle nuanced actor gives much required allowed matter seen lizzy point view story feels much intimate personal think makers cast emphasized aspects story different bbc version although huge fan version colin firth problem adaptation fair least film much much better most films hit theaters near these days
IMDB_0300,imdb,film,spent great hours cinema packed rightly great film course romantic really funny adapted screen play made really well scenes flow together easily old fashioned film made modern times really think anyone else colin firth play part darcy matthew macfadyan performance completely blew away almost inclined suggest plays part better thought rest cast fantastic enjoyed film start finish although knew story completely gripped gutted finished watch
IMDB_0301,imdb,film,comment may contain spoilers trailing wake albeit years later superb bbc adaptation pride prejudice starring jennifer ehle colin firth film directed joe wright lively two hours keira knightley matthew macfadyen brilliant coming actors deliver fine performances roles elizabeth bennet fitzwilliam darcy considering script work quite naturally film time constraint isn going convey story powerfully book much longer mini series faithfully encapsulated jane austen classic tale true love threatened thwarted those two evils pride prejudice however recent film screenplay focuses two main characters successfully lack veracity austen novel leads further disappointments concerning vital secondary characters settings parts cynical careless though likable bennet awful neurotic wife obsequious collins haughty lady catherine bourg flighty hopelessly shallow lydia whilst well acted apart donald sutherland atrocious english accent fail characters austen book happened amiable too malleable bingly behaved like grinning simpleton having bad hair day duration film scurrilous wickham brief appearance screen seems hardly enough develop sufficient interest character vaguely care darcy swindled him rightful inheritance ultimately sense disgust contemptible scoundrel
IMDB_0302,imdb,film,movie genius romantic scenes filmed well thanks joe wrights work movie likable because characters own personalities darcy strong character played well fall love himjust like lizzie bennet played well keira knightly own beliefs like overall film must see ability make cry most modern day movie cannot much realistic version highly recommend
IMDB_0303,imdb,film,couldn agree star crowd simply doesn compare bbc series jane austen spirit present thing witless illustrative even worse conceived eye poking populist manner proper costumes classicist period swapped mishmash later styles better look story itself relieved austen social observations warped something imponderous like daytime soap lizzie new version weightlessness most evident attitude personality discipline either giggles downright stupidly time like spoiled brat long overdue punch nose watching atrocity couldn help thinking creative team braindeads behind much must struggling make every aspect detail consumable dumb afraid fully achieved goals mess devoid competence style respect
IMDB_0304,imdb,film,before film never seen jane austen adaptation even read any books closest ever come saw bridget jones diary practically modern version pride prejudice finally got see new much better expected ending bit predictable since watched previously mentioned bridget diary frankly aren romantic comedies little predictable didn matter because pride prejudice remarkable astounding picture set film chronicles life bennet family whose matriarch brenda blethyn eager make sure daughters get married soon possible actually define eager huge understatement anyway
IMDB_0305,imdb,film,must say pride prejudice movie set see seen version thought alright chance happened upon version other day now obsessed scenes amazing acting perfection darcy perfect matthew macfadyen sure darcy beginning movie madly love him end like lizzy keira knightly well can said keira besides perfection every way first time saw intrigued watch several times each time got better better catching certain things missed gets better every time suggest anyone see least times without doubt favorite movies time
IMDB_0306,imdb,film,joe wright movie representation jane austen classic pride prejudice impeccable cannot criticized negatively movie perfect say outset seen movie handful times every time see totally stress free calm cannot watch movie stressed rarely does movie director get right trying present movie representation great literary work joe wright gets right pun intended actors chosen each part phenomenal speaking characters appreciated fact husband does show some affection towards mrs bennett different points movie improvement too sacrilegious say way austen portrays husbands attitude towards wife book having chosen poorly having live consequences literally knightly macfadyen exquisite job leading roles dynamics between bennetts interplay dialogue some points banter quite convincing downright fun movie romance most wonderful sense word sure normal people amazing soundtracks playing happy contemplative upset amazing soundtrack normal life does always end perfectly sometimes moments even days life joy sorrow beautiful experience wright reminds
IMDB_0307,imdb,film,pride prejudice happens favorite books favorite movies particular version enjoyable kiera knightley gives wonderful performance think favorite elizabeth bennett colin firth remain favorite darcy even though good well extremely handsome problems felt bit rushed never read book seen other version probably won notice may even think too long either way loved movie weren quite satisfied urge see version again thought movie way too long see other because twice long
IMDB_0308,imdb,film,thought excellent well cast well shot script good brief adaptation novel although dubious before seeing else can really story now happily surprised definitely see again whole story exciting romantic sweeping views british stately homes countryside cool everyone really good spent most film trying figure where seen actress plays lydia before turned stepmom
IMDB_0309,imdb,film,first watched pride prejudice upon release back having read original novel jane austen nothing compare time initial thoughts purely based movie didn really enjoy movie first time saw again knowledge story characters being teenager time wasn really interested romance movies happy watch them girlfriend most positive thing say movie time sparked interest reading novel based upon remember thinking story social commentary time period something interested making want learn original book read book few years later can honestly say become personal favourite mine much purchased collectors first edition print book now displayed proudly bookshelf home personally found book much better any plays movie adaptations classic love story including recently took second viewing movie see worthy praise received fans critics upon initial release personally say ignorance bliss younger version bored movie actually lucky see without any knowledge original books contents anyone actually read book studied classic english literature find movie interpretation historically inaccurate rushed characters differ classic characters portrayed book saying bad movie because contrary actually quite well done especially considering released overabundance romance films being released time most cheesy romantic comedy problem movie however fails capture thought provoking social commentary time era instead focusing bennet sisters giggling every man two legs penny pocket happens walk bye first half movie feels rushed fails properly introduce our main characters hadn already read book idea most woman dressed similarly white gowns fair brown hair lose track bennet story does become much focused romance between elizabeth darcy second half movie still don learn much them separate individuals most screen time focused elizabeth blank expressionless face broods over darcy acting good everyone involved can definitely see every actor actress involved giving even extras great job keira knightley does great job playing elizabeth definitely good choice role sadly screen chemistry between mathew mcfadyen darcy isn believable separate characters both play parts well only character didn like bingley interpretation absolutely grace admirable qualities him whatsoever instead comes across simple minded idiot couldn manage tie own shoes without darcy help him let alone propose jane don blame actor portrayed bingley though believe simply playing character way asked play him overall while certainly isn best interpretation classic story still recommend giving movie watch moments make enjoyable romance movie watch
IMDB_0310,imdb,film,version simply marvelous can compare miniseries unfair nor necessarily book acting superb including two leads photography wonderful screenplay brilliant tracking shots amazing laughed moved although dialogue hard understand first best english language movie seen far year see many movies including most major american independent movies joe nichols director deserves lots kudos work here any justice version pick some significant oscar nominations
IMDB_0311,imdb,film,pride prejudice let state right front never read jane austen classic pride prejudice can chalk shortcomings public school education like realistically blame fact such books aren really taste turn might make wonder why went see pride prejudice first place answer least part really enjoy well done period piece much thing costuming authentic sets special effects heard good things acting film general figured worth price check myself pride prejudice takes place georgian england where ladies gentlemen alike endured certain expectations them society large deviations best frowned upon even result ruin reputations families alike bennett family exception these stringent unspoken rules five daughters bennett donald sutherland work cut him wife mrs bennett brenda blethyn work well hand schemes incessantly get five girls safely married
IMDB_0312,imdb,film,someone read book seen bbc adaptation enjoyed both impressed joe wright take austen famous novel director cast fine job making century tale seem fresh modern acting first rate both leads atmosphere engaging touches humour right some real moments magic here arguing rain dance where everyone knightley macfadyen disappear view spring mind yes overly sentimental places time constraints mean characters fully fleshed these minor quibbles above reminds true love really feels like end want swap places either darcy lizzie unless perhaps already own half derbyshire finely crafted piece cinema
IMDB_0313,imdb,film,went see film friend like confirmed addict bbc version utterly prepared dislike new version talk prejudice both came raving given limitations inherent hour running time find hard imagine enticing entrancing way bringing screen authenticity option such time span want close adherence book stick series movie nearly meticulously researched takes ample liberties sense propriety etiquette governed austen genteel circles fact approach taken film contrasted series almost every aspect own rewards whereas series sticks authentically early century idiom intimate provincial feel pure austen movie inserts modern day phrases emotions austen text altogether worldly cosmopolitan even people beautiful our standards even though sure bbc lizzy jane far closer type woman considered beautiful austen days look portraits time period series bennet seriously dysfunctional family aloof father hysterical mother
IMDB_0314,imdb,film,great film like much love book think jane austen perfect writer amazing ideas sorry saw only version novel going see versions jane novel love plot lot think main character lizzie bennet keira knightley absolutely fantastic may true modern didn fit lizzie older versions better like opinion atmosphere great really truthful maybe some mistakes georgiana really awful costumes ball too modern said like movie lot recommend everyone http www youtube com watch
IMDB_0315,imdb,film,far greatest romance movie greatest movie ever made say best movies ever seen keira knightley matthew macfadyen phenomenal job creating love between elizabeth bennett darcy actors movie seemed like portrayed characters exactly jane austen herself wanted scenery beautiful script brilliant overall think movie deserves five stars thousands millions people wishing happen them love darcy elizabeth bennett powerful many people want life movie perfect example love romance these two love each other much even though fight shows both sides love watch movie great
IMDB_0316,imdb,film,while being ultimately meaningless movie low importance ultimately boring two hours nine minutes pride prejudice unlike other blockbuster romance drama movies example titanic twilight actual unsophisticated romance obviously like
IMDB_0317,imdb,film,having come theater must say still enchanted beautiful film reason movies see accomplished actors playing interesting characters authentic settings fine direction editing seen probably previous incarnations special own ways version extraordinarily well done casting major characters keira knightley matthew macfadyen brenda blethyn judi dench brilliant keira matthew everything hoped austen novel special nod photographers captured countryside sunrises sunsets beautifully
IMDB_0318,imdb,film,must admit after seeing fabulous bbc miniseries colin firth jennifer ehle arcy elizabeth film version poor patch hurried story line banal dialogue list well mistaken film brilliant tautly directed scripted earthy dances gestures speak volumes excellent work theatre brilliant piece art superbly thought film supporting cast stellar seems churlish put some ahead others mrs bennett both donald sutherland brenda blethyn good mrs bennett can tiresome rather manipulative deftly played brenda blethyn tiresome product times tom hollander collins some marvellous comedic moments physical theatre moments shortness used excellent effect simon woods gives bingley air buffoon likable stellar performances rosamund pike jane keiira knigjhtley elizabeth arcy matthew nacfayden superb performance elizabeth reflect pride prejudice title alter dawns them genuine love
IMDB_0319,imdb,film,being great fan mid bbc production colin firth jennifer ehle having read novel bit apprehensive seeing movie think succeeded dialog less faithful miss austen production some longer sentences wouldn worked screen adaptation still short key sentences original bbc production missing movie lizzie seeing great grounds pemberly darcy estate having adamantly refused previous arrogant marriage offer perhaps ruefully said mistress thought cinematography art direction brilliant direction less too many lingering shots lizzie being moody
IMDB_0320,imdb,film,year dvd sitting idly shelf come around watch someone fast forwarded through book able sit through mini series didn seem tempting say brevity taste adaptation book sake movie played strong role making appealing impatient audience century furthermore acting selection characters outdone anything mind beautiful cinematography suited hate love story marvelous sets costumes great editing made even rewarding boasts great score can help say movie bewitch body soul degree watching three times already past few days never thought day obsessed pride prejudice amazing
IMDB_0321,imdb,film,think bbc serialization surpassed turns wrong superlative adaptation surely best movies type come recent years acting uniformly brilliant matthew macfayden keira knightley lead roles both show dimensions hadn thought possessed supporting cast veritable galaxy top talent judi dench splendidly haughty lady catherine donald sutherland pleasingly shambolic kindly wise bennet brenda blethyn agonisingly vulgar wife kelly reily really excellent arrogant caroline bingley lovely cameo tom hollander ghastly collins above though miss knightley makes intelligent luminous lizzie fully deserved oscar nomination elsewhere deborah mogach screenplay manages preserve convey much book greatness time allotted possible joe knightley direction faultless cinematography breathtaking tribute beauty charm england countryside architecture shot miss knightley atop rock derbyshire made catch breath watched movie three times
IMDB_0322,imdb,film,minutes tell hour hard read book think joe wright find job feel like bit roller coaster ride emotions mighty fine roller coaster beautiful well crafted views knightley film feast yeah bet pick leading lady stare hrs top ten list hope film wins some award photograph don believe seen close ups done well color ever before macfadyen fine high speed darcy time him quiet struck firth darcy time allowed think well maybe quite well case may supporting crew yeah well really cares long lizzy darcy get right must give highest marks judi dench lady catherine far concerned maybe time education join jane austenites decrying shabbiness bennett farm household hey little visual tour england walk through some finer old homes made pig courtyard shot caused such fuss end now loved book once loved bbc series both few time each loved movie different way tell wonderful story two interesting complex characters pushed pulled fro strongest forms pride prejudice unstuff your shirt sit straight made shure lap bar secure enjoy fun whirl rapid fire performance want jane asten dialogue read book seen bcc series get library check them good worth time movie your service tmanleysugar only word english language where makes sound shure
IMDB_0323,imdb,film,lot high hopes expectations before watching end quite disappointed cannot understand why won many awards nominations read book seen serials jennifer ehle colin firth many many times fell love them maybe expected too much order fully appreciate pride prejudice must thoroughly read watched cannot simplified movie none other remake movie greer garson lawrance olivier simplicfication deletion some actual scenes events simply work keira knightley acted well match lovely attractive jennifer ehle
IMDB_0324,imdb,film,pride prejudice well know story follows sisters bennet foray relationships marriage backdrop story set england late century age where marriage pervaded socially financially ones own choosing even evident bennet since house fall hands bennet donald sutherland dies hence why making good marriage utmost importance get met quite few eligible bachelors ranging tad shy bingley proud stout darcy inept collins scenery locations lends itself your eyes really enhances love story being truly visual amazing talking pleasure eye keira knightley really shines movie received golden globes nomination best actress role well deserved performance scintillating really fits part elizabeth donald sutherland awesome does best part long time matthew macfadyen darcy provides both regal ship vulnerability character really portrays him well chemistry keira quite good unlike keira adrien brody jacket rest cast magnificent only wish bit longer elaborations relationships really unfold jane austen fans surely miss some scenes hope longer directors cut arrives dvd enjoyable adaption missed
IMDB_0325,imdb,film,over rated film wonder hbo underplaying barely showing always terrific brenda blethyn saved day stole every scene those read books seen earlier versions suppose thrill much character development lost service showing off keira whose range actress quite limited great disservice jane austen came off lite version much delicious nuance lost translation lady catherine beauve now buck wickham fleshed lady caroline bingham frieda inescort competition total cipher bite real bitchiness nor hauteur collins although seemingly fool much better served other actors altho something endearing portrayal greatly bothered other important supporting characters mary kitty darcy sister relegated non roles few moments
IMDB_0326,imdb,film,seen original version masterpiece bbc mini series may well enjoy latest attempt make pride prejudice though exited see well received movie upon watching found myself disappointed found movie hap hazard sophomoric many good actors through fault none them acting can only far director willing able take director seemed barely understand material time place tail set money movie dreadful mistake only wets appetite quality storytelling austin masterful rich tale deserves focus movies most obvious glaring flaw abandonment roll manners colored every aspect late century interaction conversation such breeches ethics good manners such getting caught ease dropping sophomoric joke used several times film devastated involved want see mean see above mentioned mini series examples ever need
IMDB_0327,imdb,film,better other saw movie bride prejudice saw theaters twice now dvd good right people romance brilliant made want grown centuryfor probley end richest gurls because marry richness umm thang learned can remember born back wanted born wealthy riches born rags poor good thang guess nothing elsa say loved movie
IMDB_0328,imdb,film,know films like still being made dating male can tell best chick flick likely find local rental store normally cynical movies almost recent films like amazed overall quality watched recently girl place great classic timeless story never fail really excellent lead supporting cast wonderful direction good anyone attention detail some best lighting cinematography ever seen superlative work here
IMDB_0329,imdb,film,always loved book even lawrence olivier version anything lord olivier copy bbc version enjoy although always thought men better cast any women only wished version longer hoping desperately director cut always envisioned pride prejudice youth vigor real people loved them movie itself beautiful layered show much going must see again again every time find something new appreciate can say enough recommend
IMDB_0330,imdb,film,want pass congratulations immense thanks cast crew executives responsible version interpretation pride prejudice sincerely believe quite possibly best films ever made jane austen herself proud team done work humanly possible even improved joe wright can walk tall likes visconti divine thank quite simply wonderful film making
IMDB_0331,imdb,film,production details like longbourne decor example outstandingly good scenes bennet family home brilliant technical work produced sense actually being chasing sisters around house reminded taylor burton taming shrew because decor actors vivacity couple weaknesses let side down bit though shots people rain heavy handed symbolism some pretty modern lapses vernacular speech especially lizzies interrogative doing here demanded none other fitzwilliam darcy thinking script writers may hijacked cute actresses giving dialogues modern feel miss knightly good job although injected large dose self indulgence
IMDB_0332,imdb,film,first things first keira knightly brilliant almost every scene always center scene sometimes part crowd lights every scene beautiful winning turn fun loving sarcastic giggly confrontational concerned virtuoso performance character elizabeth role die knightly knows steps becomes definitive elizabeth generation movie goers bennett family comes across real family interactions between daughters rarely focus action always present creates believable context story movie beautiful rural scenes manors landscapes lavishly almost indulgently
IMDB_0333,imdb,film,sorry much prefer jennifer ehle colin firth well other actors television series thankfully recorded nobody film version anywhere good version notable exception dame judy dench part beautiful course grousing acting styles nobody better darcy colin firth mcfadyen poor second mother television version simply marvelous embarrassing kitty wickham perfectly cast deceiving charming scoundrel plus character jane television version perfectly portrayed course jennifer portrayed elizabeth wonderfully can forget mention crispin bonham carter renowned family great actors many other supporting roles beautifully portrayed almost put robert hardy mix remembered sense sensibility such long distiguished acting career easy imagine him any notable role series golly
IMDB_0334,imdb,film,admit personally watching film takes place time distant time can relate sometimes daunting task isn say any way moronic ill educated occasionally filmmakers don adequate job translating these classic novels film format having said want tell truly wonderful viewing experience film fade completely enveloped film setting characters indication lets know watching truly exceptional film become part story story becomes part merely observer anymore moments film where look down order make sure wasn dressed tails setting truly marvelous director made excellent use english countryside scene particular stands having brought tears eyes towards end kiera knightly standing can only assume small cliff wide shot almost looks like painting beautiful most actors turned splendid performances donald sutherland appropriate choice add touch subtle humor judi dench can always counted perfect brand matriarchal superiority matthew macfayden work never seen
IMDB_0335,imdb,film,allow preface saying before viewing version pride prejudice carried high standards due love novel well spectacular bbc mini series nevertheless help mortified effort butchering classic other cringe worthy portrayal darcy matthew macfadyan acting actually commendable actors simply victims script incredibly fast pace nerve alter phrasing austen century audience disappointed every occasion awaited novel unforgettable lines relationship between mrs bennet total mystery lay viewer assume amiable relationship truth austen portrayed them being largely estranged probably biggest disappointment mangling epic scenes such darcy initial proposal elizabeth lady catherine confrontation elizabeth both pivotal movie success those enjoyed film beg watch mini series turn give monstrous effort contempt deserves
IMDB_0336,imdb,film,think movie pride prejudice great movie tell actors actresses carefully selected match each character think each good job fulfill role favorite actress movie keira knightley really brought whole movie together opinion another thing really think turned well setting story looked authentic story takes place lot different places example house almost exactly pictured house eighteen hundreds well outside scenery favorite parts movie thought made movie completely unique filmed watched part where darcey purposed elizabeth raining thundering weather intense like argument thought really good way grab everyone attention thought dialog story good however some things saying little hard understand either words meant saying music during movie wonderful too really enjoyed especially scene where elizabeth sitting swing spinning raining outside music playing really made feel elizabeth movie got really intense point story lot misunderstandings problems between characters got hooked story part lidia runs away marries whitcomb darcey ends paying wedding lidia family didn look bad really shocked especially wanting anyone know knew point movie wasn bad guy elizabeth thought movie pride prejudice definitely recommend movie someone looking romance jane austen terrific author most well known novels time story aided joe wright directing
IMDB_0337,imdb,film,jane austen fan since high school lit class great fan bbc hour production inclined see yet another production agreeably surprised changes made accommodate two hour screenplay keeping overall feel austen writings feel adaptation nearly represents class division between bennett family esteemed rank darcy bingley somewhat uneasy bbc production jennifer ehle age vis vis elizabeth perfect execution lines some degree spirit character portrayed book however performance easily eclipsed fresh girlish keira knightley absolutely glowed stealing movie matthew macfadyen aloof smitten darcy wow performance bound bring moviegoers back movie second third viewing any jane austen fan immediately mark darcy best any attempted character lament loss character development wickham collins small price pay breathtaking locations sets performances principle characters after two viewings looking forward going again
IMDB_0338,imdb,film,edition timeless tale hate love keira knightley shines portrays elizabeth bennet right amount balance giving some taking some each scene well deserving oscar nomination far best performance other characters such dame judi dench subtly cruel role lady catherine bourg cute jena malone melodramatic hopeless romantic lydia bennet pull off parts well can bash any acting movie bed pneumonia first saw therefore got little lost between plot language rented again right shot close top ten favorite movies list must see everyone whether fan romance completely immersed beauty well sharp crisp language know some heated imdb debate version pride prejudice best seen older versions cannot speak standpoint please wary renting because may compare your favorite
IMDB_0339,imdb,film,went watch new adaptation jane austen classic novel pride prejudice knowing lead actress keira knightley nominated academy award while awards may always accurate big expectations performance movie sadly disappointed despite movie brilliant adaptation classic makes justice austen work knightley plays our main character elizabeth bennet woman strong uncommon age family economic troubles increased fact father bennet donald sutherland old since none five daughters married death property next male relative reason mother brenda blethyn completely obsessed getting daughters married nothing matters elizabeth
IMDB_0340,imdb,film,cinematography authentic time period setting two major selling points film movie filmed close action combined commotion day day life felt though slip right through screen late some flaws time period such bingley entering jane bedroom appeared water spouts pemberley pond overall magnificent time period piece kiera knightly superb elizabeth difficult time finding fault any front matthew macfaden darcy wonderful too far different darcy colin darcy each good own right took little while get over sullen mood seemed depressed arrogant still desirable darcy much passionate interesting supporting cast delightful think director made mistake making collins sympathetic clearly sympathetic character novel alone ball pathetic flower hand scene elicited great sympathy feel screenplay perfect considering many important sub plots essential story pride prejudice lovers tolerance desire long adaptation surprised didn make movie bit longer prevent such rushed story bounced scene next much dialog speeding impossible person unfamiliar story really understand dynamics going simply enough communication between darcy elizabeth either left longing love movie many reasons wished hour longer loved gushy ending americans blessed receive perfect
IMDB_0341,imdb,film,found version pride prejudice great skip few parts novel still good version wonderful well too long looking quick jane austin fix don feel like reading book definitely suggest watching movie anyone does like film must crazy because kiera knightly does beautiful job elizabeth bennet though man playing darcey isn attractive end pulls off well increases character though some facial expression can frightening overall grand absolutely problems film comparison other well book
IMDB_0342,imdb,film,early century rural england opinionated young lizzie bennet keira knightley falls simultaneously despises proud darcy matthew mcfadyen like romantic bonnet comedy lot enjoy third movie adaptation jane austen novel beautiful knightley plays lizzie right measure fire youthful intolerance opposite alas sulky sallow looking darcy seems think movie called grump prejudice nevertheless rest characters thrive atmosphere over art directed pleasantly bucolic mimsy elegance some bbc adaptations donald sutherland bennet must old enough girls grandfather brenda blethyn mrs bennet looks drunk
IMDB_0343,imdb,film,film looked great director obviously gone realism slightly dirty houses clothes etc didn look chocolate boxy nice equally filming lovely sense colours really earthy actually english costumes bit odd however using clothes slightly earlier era fine think except caroline bingley bizarre mix regency versace stuck like sore thumb cast film generally acted quite well brenda blethyn mrs bennet fantastic absolutely stole show judi dench judi dench jena malone lydia really quite good deliciously immature snotty wasn enough wonderfully comic uncomfortable sub plot lydia wickham story completely mangled keira knightly right sort wickedness energy clearly watched some tapes jennifer ehle elizabeth however donald sutherland didn really get bennet don think something too american him can quite put finger bennet quite lively capricious wasn really accent occasions little suspect matthew macfadyen darcy only certainly looked part though problem film script direction jane austen does mills boons basically entire cinema groaned example darcy marches across misty moors end arms bosom heaving lizzie cast really suffered sub standard script particularly darcy now appreciate might bit purist realise content book needs cut down two hour film absolutely unnecessary changing dialogue action authentically done job seems pointless screen writer director obviously felt need make things clearer ended making relationships less believable whole point story missed basically book women film felt like modern women modern needs independence attitudes fancy dress problem approach such means tension comedy tragedy frankly eroticism make replaced huge pile poor replacement subtlety key austen think subtle film made film wanted sell concerned audience honest anyone read loved even seen version going patronised irritated other population think fairly reasonable weepy rom com get pay per view sunday afternoon because raining hardly oscar winning last thing darcy never funny pained yes lonely yes uncomfortable yes awkward yes funny added comment determination obsess version give version chance like point most comments based comparison book personally think version flaws too benefited time able let characters story lines develop effectively suppose suggested
IMDB_0344,imdb,film,admittedly completely idiot came jane austen before saw movie never read book nor ever seen another film version story however changed saw pride prejudice once hours over tears filled sense romance hadn felt long time film beautiful every sense word acting enjoyable scenery pleasant music breathtaking comparison revered series promptly bought mall finally found copy movie intimate emotional didn revolve around english society important theme marriage film display numerous emotional changes elizabeth darcy endured order fall love risky choice worked era where blockbuster movies filled brim overused special effects dry acting movie found refreshing breeze pleasant time well spent
IMDB_0345,imdb,film,read book least times saying lot movie adaptation book can get cry sigh laugh feel contented same places along story line staging beautiful though bit heavy handed yet hollywood expect costuming true form romance like snuggling your favorite blanket front fire though movie adaptation book ever good version runs close second surprise actor actress want cheer see him walk frame first time well worth going see
IMDB_0346,imdb,film,recently attended advance screening movie bbc miniseries version personal favorite mine think new movie version own merits disagree comments viewer stated saw miniseries disappointed movie version new version much grittier previous versions chemistry between keira knightley matthew macfadyen lead roles electric appreciated director went younger cast seen previous versions true book think lovely version novel become definitive movie version
IMDB_0347,imdb,film,after having seen movie twice can say without doubt now favorite movie didn hurt based favorite book while book better everyone always says movie gives visually being matthew macfadyen darcy course perfect character grew love lizzy witnessed expressions change screen utter magic kiera lizzy perfect casting stunning musical score beautiful almost haunting can hear your soul even days after seen movie please don assume another chick flick hate term husband seen twice too our teenage sons each seen once loved deserving gave
IMDB_0348,imdb,film,haven read novel read comic adaptation enjoyed main reason decided check version well directed movie although didn read novel seemed like pretty good adaptation didn like choices cast movie most part superb music gives off mood during certain scenes most part liked melodic calm soothing music another positive aspect dialogue gives off poetic vibe like comic cinematography sometimes risky approach going part story another without any cuts cool because difficult pull off pretty obvious why story remarkable time even today stands although cinematography vivid movie seemed skip around lot seemed lot parts novel missing movie didn seem well developed connected never really big fan keira knightley right role came looks either really stood subtle dynamics film think captures novel well thing though although like movies take place during similar time period movie didn capture attention well although got slightly engrossing times sometimes review movies point view movie wasn able grab attention although some music scenes stood although few character driven movie captures lot character elements passion movie hours seems missing lot novel still captures essence novel some people really love movie wasn great good movie wasn great
IMDB_0349,imdb,film,overall movie looked beautiful quite well well quite well acted although seemed rushed may perfectly cast think mrs bennett judi dench course course particularly excellent jobs even before saw movie though couldn quite accept keira elizabeth bennett strikes being too anorexic jane austen heroine still best role think like most other fans may prejudiced bbc version since certainly longer extended therefore faithful version novel new movie version may larger budget recognizable star roster said before felt edited too much book contribute much character development even minor characters liked actually may problem movie versions great novels although think emma thompson sense sensibility adaption persuasion however
IMDB_0350,imdb,film,main discovery starting now pride prejudice movie life perfect found lots things found fantastic actor didn know matthew macfadyen found keira knightley much pretty face found new promising director joe wrigh found love donald sutherland didn know found book can well adapted part thanks wonderful emma thompson dialogs cinematography soundtrack everything sublime rediscovery jane austen wonderful social satire same time sweet romantic film without foolish lame love story shame movie hasn nominated won awards deserved
IMDB_0351,imdb,film,best prejudice only reason watch matthew macfadyen kidding great reason pride prejudice mother romantic stories since first published almost years ago became basis lot romantic plots like bridget jones diary got mail having watched bbc production starred colin firth only complaint film too short fast paced certainly shall attract viewers story combination humor witty dialogues romance tough road both darcy elizabeth learn always right changed better watch some comical characters mrs bennet collins try laugh too much movie hope catch attention our youth young heart alike because plot dearly directed squeeze hour screening time british broadcasting company hour film course nothing still beats reading book few misses happens books translated movies hits worth watch interesting starter those sooo bored english classic movies because plot fresh touching before today never read classic book life until got curious book character kathleen kelly reading talking joe fox got mail remember scene cafe lola meg holding book red rose inserted waiting meet tom hanks yeah book pride prejudice thanks slight introduction
IMDB_0352,imdb,film,admit never saw bbc series don know why critics harsh liked film doesn colin firth matthew macfadyen looked nerdy eyes fans bbc version loved interaction between him keira knightly darcy miss elizabeth attraction written allover both knightly macfadyen great elizabeth embodied spirit independent mind brought darcy dour prudishness passionate though still reserved attractive man another couple great chemistry donald sutherland patient harassed bennet brenda blethyn eternal nagging wife mrs bennet despite appearances these two showed characters love each tolerate whatever imperfections may rosamund pike ethereal jane while jenna malone nailed irresponsibly spoiled lydia while tom hollander perfect pompous collins wasn too keen simon woods bingley really looked like nerd here can feel earnestness brings character apology bigley confesses jane love dame judi dench bit role imperious lady bourgh reminds too much queen elizabeth turn shakespeare love can help feel danger being typecast movie may split austen fans worth watching even curiosity sake
IMDB_0353,imdb,film,joe wright directorial debut showcases talent behind camera pride prejudice filled beautiful shots excellent performances story really driven emotions characters nitty gritty plot itself direction given greater importance joe wright rose challenge keira knightley gives great performance elizabeth bennet does brenda blethyn mother keilly reilly judi dench make most brief appearances rest cast does quite well
IMDB_0354,imdb,film,can sit through first mindlessly boring half hour dancing crowd scene stomach few others director really gets moneysworth extras may find spark interest though know anything manners traditions century england whole premise austen writing based certain elements totally lacking movie instance bennetts respectable well heeled family good stock society riddled class awareness false values far below anything darcy expected marry unless object affections totally captivating couldn help himself elizabeth bennett unusual charm unconventional ways totally captured him made him flout strong conventions day however given bennetts looked little better street people uncombed hair shaving stubble periwig company called dress code bordered barbaric manners whatsoever manners everything austen day elizabeth far charming virtually nothing recommend hide bound darcy mouth full teeth wonder didn fall floor smiled where winsomeness where prejudice pride matter except exhibited wonderfully tart lady catherine judi dench close your eyes listen keira knightley role hear princess diana bingley double jamie oliver complete weird hair only whole world does see keira stunningly beautiful darcy first states tolerable only forever open
IMDB_0355,imdb,film,adaptation energetic beautifully filmed captured romance passion novel right balance compared bbc version colin firth much better actress bbc version too plain romantic lead first heard keira going play role thought might little contemporary looking wrong quite lovely does good job matthew mcfayden darcy first seemed bit non leading man quite good actor suits role interesting mix international non british cast members like donald sutherland jenna malone good liked photography settings darcy house filmed chatsworth england bit too grand darcy lovely overall good adaptation standard other adaptations literary classics
IMDB_0356,imdb,film,say movie most awesome movie ever seen entire life ten rate movie ages both genders can see enjoy recommend movie everyone matthew macfadyen most gorgeous people ever seen darcy won heart die ever got chance meet him person role darcy amazing love see him often movies keira knightley played award winning role lizzy although wouldn minded being shoes movie say quite jealous last scene can seem stop talking movie friends love much can wait movie come dvd can buy
IMDB_0357,imdb,film,exhilarating movie watch much credit goes intelligent direction including fluid tracking shots long takes put viewers action ball sequence early film especially effective concise script keeps story moving compelling way single greatest source exhilaration however performance keira knightley brings most attractive heroines english literature elizabeth bennet incandescently life knightley captures lizzie intelligence wit fierce pride passionate nature perfectly gives most mesmerizing performance actress seen some time story woman acutely conscious limitations placed women age lives skeptical view men yet capable profound passion knightley others involved bringing most recent version pride prejudice screen make watching elizabeth bennet fate unfold intensely interesting pleasurable
IMDB_0358,imdb,film,though admit can hopeless romantic times friends chatting relationships film fantastic classic story line every love story over years ever made leave movie theatre wanting fall love talented acting keara knightly stars boast film perfect formula brenda blethyn mrs benet sarparkled per usual once again taking role played meant matthew macfadyen darcy mysterious strong outside though brought sense weakness role only saw rightly elizabeth keara knightly herself shone crowd well walked shoulders straight slight smile across face across screen opening scene lost world jane austin already haven seen mini series heard hard act follow personally believe film definitely top casting unfaltering set breath taking times film whole simply marvelous only reservation cut story line darcy goes find wycombe however didn feel made any real difference overall script anything helped focus real matter hand struggle love between elizabeth darcy haven seen film already waiting film laughing ridiculous collins
IMDB_0359,imdb,film,loved film knightly brilliant ability convey much such subtlety surprised enjoyed matthew macfadyen darcy colin firth warmth vulnerability realistic though firth iciness catch breath scene end walking toward elizabeth early morning mist best walk scene elizabeth gardiners tour darcy pemberley house end brightly lit room full marble statues particular jane bennett say breathtaking does anyone know name statue elizabeth bennett looking female standing wearing veil crown flowers real piece made solely film looks statue right before see marble bust darcy anyone
IMDB_0360,imdb,film,overall quite enjoyed rendition lacks thoroughness acting compared bbc makes production values thankfully put use cinematography quite beautiful especially regarding english countryside where some key tableaux occur dinginess bennett home keenly brought view clearer fashion seen most austen interpretations finally joe wright strong style some signature abrupt reaction shots other little flourishes knowledgeable enough name ultimately helps film worthwhile contribution rather half assed cash type remake kiera knightley however bug
IMDB_0361,imdb,film,loved movie see original bbc series too movie compares well colin firth darcy intriguing well played old version originally gave fascination story compelled read book matthew macfayden darcy brilliant smoulders hidden layers passion turmoil engaging edge vulnerability able convey worried haunted look eyes speaks eloquently thoughts worked well bbc spooks spy series character went off rails uses powerful effect pride prejudice too kiera elizabeth plain described book does really matter kiera completely inhabits character lively spirited cheekiness lights screen judy dench magnificent role formidable times even tall hair seemed quiver air imperious rage recommend film anyone loves jane austen costume dramas satire romantic comedies anyone fan any leading actors disappoint
IMDB_0362,imdb,film,movie comparable bbc version
IMDB_0363,imdb,film,although reviewer right enough time convey nuances novel film same most adaptations forget colin firth version keira knightley excellent elizabeth matthew macfadyen does can underwritten part amount screen time doesn give him chance convey everything book rest cast good audience cinema laughed loud numerous occasions humour thoroughly enjoyed see film stand alone adaptation great novel hasn depth original book time develop story fully like series makes entertaining evening
IMDB_0364,imdb,film,bowled over revolutionary break elegant traditional houses settings characterizing earlier versions absolutely wonderful much imagine reality place country england time disappointed some dialogue contemporary script writer left some scenes where dialogue faded away nothing worst speech fast places unrealistic off putting lastly elizabeth kiera knightley extremely attractive world greatest actress give break compared elizabeths kiera superficial extremely expressive face attractive voice ugh overall though fabulous addition collection
IMDB_0365,imdb,film,huge fan jane austen pride prejudice really looking forward remake slip shod affair turned vital story lines excluded improvised dialogues inserted continuity factual correctness regarding locations does joe wright even know where derbyshire style life back bingley walking jane bed kiera knightley left speechless complete lack acting talent especially alongside judy dench donald sutherland rosamund pike well cast those highlights film little emotion whole discussion surrounding pride prejudice absent darcy looked vexed little definitely proud bbc does something damn well why try make hollywood rehash joe wright even read book beforehand certainly hasn seemed understood insult british cultural heritage
IMDB_0366,imdb,film,after seeing both say felt bbc version make elizabeth true book truly fine work however elizabeth lacked strength comparison put down bbc version where felt held own book colin firth handsome well role matthew offered subtleties acting both came across genuine sympathetic growth darcy falls love expresses feelings elizabeth finally smiles warm joyful reward enjoyed both offer counterpoint some read strongly preferred newer version call blasphemy least admit love your comments
IMDB_0367,imdb,film,put succinctly something beautiful director joe wright adaptation jane austen famous novel pride prejudice maybe stunning british vistas appear screen completely saturated subtle tones yellow green blue maybe delightful classically poignant musical score meanders unobtrusively scene scene maybe understated expert performances given stellar cast maybe simply fact pride prejudice pleasure watch jane austen original novel legendary detailing affairs predominately female bennett family five girls attempt find love time period where convenience ignorance most attractive qualities partner eldest bennet girls lizzie jane find directly first appearances can sometimes greatest form prejudice falsehood director joe wright succeeds because afraid embrace style unpretentious engaging during visually majestic ball scene treated long impressive shot dollies room room
IMDB_0368,imdb,film,sentimental sensitive man average man those departments really loved movie greatest movies ever seen keira knightly delivers performance lifetime other characters good movie really made feel good somehow good recommend everyone chick flick like might look like too give idea say usually watch fighting martial arts movies decided watch movie pure boredom found cultured beautiful movie going buy dvd soon get chance blockbuster great movie
IMDB_0369,imdb,film,first dull novel like many other defenseless school kids tortured english class overrated drivel mark twain edgar allan poe jane austen soap opera nonsense century often chosen literature classes over english speaking world bunch hormonally stricken bored sisters internet back play game gets whom while parade men strut around hoping alpha maleness cash impress lonely solo unpicked free females surround them regularly foam mouth crap gets yet another version name bbc shows other movie versions weren enough every time those sisters excitedly screams some officer hot rich stud wanted press stop remote control pride prejudice don fooled pretentious title art uninitiated deep account insightful dare say philosophical aspects your average cent pulp novel wrapped nice read old respectable clothing occasionally some character say something semi intelligent
IMDB_0370,imdb,film,drama romance movie done much better makes sad see such nice movie good actors being lame sitting waiting some romance come never happened gave lesser rating actors good therefor bit hard catch everything aunt cousin best friend bet book amazing movie wasn read book sure anyway don spend your time watching movie want romance
IMDB_0371,imdb,film,kuala lumpur malaysia want say absolutely loved movie script smart funny costumes gorgeous cinematography stunning recently obtained official copy vcd after watching like information ending watched cinema last minutes contained lizzie darcy sitting lake pemberley darcy kissing official vcd copy movie ending bennett laughing after giving blessings lizzie please help version any way get copy happy couple ending
IMDB_0372,imdb,film,say year old bloke required bit arm twisting see having taken sabbatical chick flicks since last season seeing lady like fake reluctant wedding guest making way dance floor peter kay fans know mean captivated off opening dreamy shot sunrise accompanied first chords beautiful classical soundtrack fine example wonderful film making combined really big heart most know timeless austen classic essentially most plagiarised story modern cinema knows provides framework every single romantic comedy seen despite freshness movie teases great humour warmth many main characters director maintains palpable tension prior inevitable happily ever after despite certainty final destination journey before get wonderful lovable bingley almost david brent like collins many laugh loud moments doubt most blokes can give machismo night off funniest elements seeing every awkward moment may ever misfortune encountering first hand right screen before collins totally misguided advances bingley darcy fluster struggle muster word naturally keira knightly plays well pitched lizzy right amount independent spirit paired unflinching quest love above darcy matthew macfadyen does rather overdo brooding skulky approach looking positively disinterested proceedings early though ladies may disagree resembles oscar grouch early becomes much smouldering type scenes develop donald sutherland stand performance bringing most convincing portrayals fatherly love screen see though some say ending cut short love gives film fitting parting shot honesty ladies probably going see anyway fellas
IMDB_0373,imdb,film,write review after finished watching film must say compared film constantly miniseries clear cannot get depth characters such short time only two hours bit hard say anything really film fair comparison miniseries can say love keira knightley pure joy watch such vivid lively young woman performance grew film moved end good job other actors little time screen won criticize them weren given chance shine only darcy performance left little disappointed other leading actor overall feeling film rushed attempt made pace film make time digest characters plot although scenery breathtaking times those short attempts let viewer ponder film peace accomplish purpose film improve little towards end lot better read book seen part miniseries way highly recommended includes oscar worthy performances colin firth jennifer ehle film mere top pyramid million little nuances witty dialog subtle emotions lost haste limitation two hours runtime good film yes good
IMDB_0374,imdb,film,sometimes directors really make think make stop consider work make want never ever see anything cinema ever again because killed any desire might felt moving pictures wright almost managed mean does transforming austen pride prejudice book full wit humour something dreadfully boring can blame dialogue because lot lifted directly book can blame actors because seen them much better other works scene film hints good film left blame well director instead giving romantic comedy instead decided show off camera skills ohh look countryside see strange camera angle porcine fetish really need get close pig testicles good thing film terrible actually fits laughter middle never before seeing some walking walking walking through misty countryside humorous swear laughed ten minutes wanted shout lame entire film resisted courtesy
IMDB_0375,imdb,film,superb supporting cast stunning locations added nuanced macfadyen engaging knightley performances lead roles easily overcome few directorial over indulgences making good film indeed afraid challenge bbc own ground particular opening extended ballroom sequences where music dancing dialogue work together draw period slavish imitation either wet shirt scene indeed film keeps perhaps close book bbc most notably much less cringe making portrayal mother blethyn although only central pair actually much beyond caricatures really fault book film succeeds precisely because those two really engage believably respective struggles overcome well yes pride prejudice
IMDB_0376,imdb,film,don know other guy talking far best adaptation austen book let alone pride prejudice done times cinematography breathtaking characters developed nuanced costumes seemed realistic century attitudes intact ensemble film proud well because every scene cohesive masterfully acted keira knightley win oscar film performance best year any female film loved dialogue stayed true spirit austen having read book twice being familiar century literature impressed closely knightley resembles austen lizzie really movie wonderfully only wish done like
IMDB_0377,imdb,film,search good romance movie god milestone watched pride prejudice happened read book years before rowdy teenager make too much now know clearly beautiful masterpiece unsure keira knightley since horror show pirates caribbean series happened watch before pride prejudice flawless acting skills being excellent take eyes off eye catching looks other impressive feature film background scenes breathtaking thing dialogs stole show must screenplay well adapted since novel itself spectacular make less sense talk story plot think down history best adaptations novel ever made overall must watch movie romance lovers think complete cinematic experience must watch
IMDB_0378,imdb,film,film served notice new talent joe wright next film outstanding atonement can sense talent version pride prejudice film tries best cinematic always difficult austen whole does well camera constantly moves architecture skilfully filmed conveying wealth information characters feeling keira annoying initially character slowly grows macfadyen bit bland rest cast competent film works both first rate austen adaptation deeply romantic period drama overall
IMDB_0379,imdb,film,ever since saw trailer anxiously awaited see movie those read jane austen modern adaptation excellent way recruit newcomers familiarize themselves work viewing trailer enticed read novel see film only two criticisms first movie condensed only hours excluding several events book moreover movie abrupt towards end second some parts script too modern straying away times jane austen style minor inconsistencies between actual time period book movie overall performances keira matthew good both brought something new interesting role darcy elizabeth incredible chemistry die hard austen purist expects movie follow every detail book may like however most audience find enjoyable entertaining give
IMDB_0380,imdb,film,write movie almost difficult watching jane austen wrote novel became famous whole world other recognized books vanity fair little women lots cinema television adaptations well lot actors playing main roles these specific novels mentioned main characters females takes statement young woman can carry movie herself recently reese witherspoon starred vanity fair excellent job near thirties however keira knightley oscar nominated role pride prejudice only twenty years old winona ryder twenty three became soul little women don mean compare acting talent comparing acting situations character similarity acting situation chance walking red carpet having nomination twenty years little bit don know much know many men nominated while being young many women case keira merit being nominated being younger case character similarity instantly felt five sisters
IMDB_0381,imdb,film,saw most movie few years ago remember pretty well done enjoyable watch since read book seen pride prejudice miniseries several times movie wasn enjoyable might guess movie like highlights summary whole story sure does tell story feels too rushed read book know story takes place over period least year naturally moves somewhat slowly miniseries extremely good job portraying slow pace story anything shorter those hours really doesn story justice eyes saying bad movie because good read book seen miniseries probably won like well recommendation read book watch miniseries
IMDB_0382,imdb,film,greatly disappointed version several elements missing seen several versions movie greer garson sir lawrence colin firth jennifer erle elizabeth garvie david rintoul second third far favorites because stayed close book read twice version garson olivier close book enjoyable greatly respect jane austens literature newest version quite disappointing made bennett girls serious elizabeth character suppose serious while jane naive good keira knightley character silly well mother sisters although donald sutherland good actor truly part him seen brenda blethyn much better roles love dame judi dench role
IMDB_0383,imdb,film,both seen movie read book much admire austens skills must say movie excellent actors actresses moggach wright excellent work making movie worthy origin well anyone else something make film today kudos bunch afraid movie disgrace austens earlier complimented skills certainly didn though love lizzies character well darcy wonderful simply however complicated way truly suggest everyone reading book well watching film erally great experience too difficult read suggest seeing movie first
IMDB_0384,imdb,film,because trouble understanding every word movie actors accent other mine does too well sound watched movie over over without subtitles never like miss anything going movie picture didn mind watching much touched heart two main characters won heart love watch them movies such beautiful love story now want read book always enjoy watching movies set past way country other own believe characters added much story made delight watch
IMDB_0385,imdb,film,story basically based book jane austen after hearing romance wasn keen after being forced read book fell love decided watch movie whole movie filled joy sadness told family life love love can conquer actually become elizabeth feel feelings along way story real see myself picture movie till perfection think people watch nominate because good story line ending beautiful great seeing modern day people can put together master piece set long ago acting superb actresses actors used clear old english
IMDB_0386,imdb,film,rented movie few days ago rather tentatively enjoy genuine romance occasionally today standards romance typically sappy chick flicks mindless plots poor attempts acting having read pride prejudice high school loving jane austen many other works afraid new remake another disappointment must admit tried watching bbc miniseries captivated enough finish true desire see another remake film however beautiful adaptation keep essence period tongue cheek humour captured genuine romance factor film well done cheese free storyline kept interested throughout left quite satisfied end ultimate period free good film can rewatch over over casting brilliant exactly pictured them look while reading book knightley surprisingly believable lizzie captured character temperament energy perfection even pike subtle portrayal mild mannered jane brilliant need take time rewatch movie like catch facial expressions witty sidecomments now know people can help judge movie popular bbc version inevitable darcy comparison part preferred macfadyen version because pictured darcy book many seem think prideful enough portrayal however always believe darcy seen arrogant due social awkwardness affluent upbringing lizzie embodied pride forgive him wounding vanity upon first meeting while prejudice due view inferiority circumstances overall unlike bbc version found myself completely captivated film fully immersed story
IMDB_0387,imdb,film,avid jane austin fan read books several times stories never get old favorite book time pride prejudice story romance elizabeth bennett fitzwilliam darcy timeless whenever movie comes tells tale heroine anxious give look see version gave fresh look favorite always measure film trueness stays original score middle road say actors chosen main characters great choice however donald sutherland bennett british fell short movie showed caring father original character ever little add ins showing him tender moments harpy wife scene bookish daughter mary sweet surprise keira knightly spot elizabeth viewing longbourne true farm sort shocked really suppose otherwise estate support itself time constraints making film two hours already takes essentials character development essential jane austin adaptation lots left things added say film stands own good film period costumes scenery excellent however staying true book fell short
IMDB_0388,imdb,film,first foremost inspired wondrous cinematography love movement camera wondrous ball attendees wide scenic shots magical secondly keira knightly glows radiantly first class performance question however nomination golden globe comedy musical classification comedy subtle might expect such nomination think drama occasional laugh drama definitely deserving recognition award nominations though ton great performances engaging story must see
IMDB_0389,imdb,film,gave original austen novel new modernized interpretation effort average best while dialogues social setting story slightly changed make movie modern movie failed set main themes novel pride prejudiced aspects novel fully developed father bennett portrayed like drunk rather country gentleman mother painted vulgar novel colin role confused vague bennett girls including shy beautiful good nature jane much shrewd scheming guess spoiled bbc version read novel hard time understand these key characters pride prejudice final scores suitable selection actors actresses poor interpretation original novel poor acting average cinematography above average scenery above averageif want watch pride prejudice recommendation waste time directly longer much much better movie gave
IMDB_0390,imdb,film,never seen mini series pride prejudice think thoroughly enjoyed film found myself comparing every scene stunning performances colin firth jennifer ehle frankly compare macfadyen performance commendable however feel conveyed enough emotion true enough darcy meant withdrawn strong silent think majority film even kiss scene simply looked bored compared version where firth struck balance perfectly showed pride nobility can see undercurrents emotion through eyes smouldering looks lizzie flashes good humour felt film capture essence period quite irritated keira wore hair down many scenes
IMDB_0391,imdb,film,nothing wrong bringing austen modern times showing things unshowable back day done thing many adaptations get dead wrong austen tension work dependent social limitations time strict rules around can said done characters struggling express themselves within those rules essential core stories film makes clear first moment those rules thrown window lizzy without bonnet harlot never result love story never feels like anything characters freely screaming whatever want each others faces neither suspense nor drama locations costumes odd these people look behave like peasants gentry bennet household looks dirty unkempt run down some reason guess relative poverty concept director familiar get some blatant signs absolute poverty make clear well off family cannot fathom people see boring slog film
IMDB_0392,imdb,film,opinion think movie perfect really sticks original novel music casts great gave elegant reflection say great feelings keira knightley matthew macfadyen let characters come alive great actors keira knightley like elizabeth reflection wisdom beautiful strong minded put matthew macfadyen real darcy same room think won able distinguish differences between them reasons why like movie exciting like riding roller coaster makes people felt like heart attack romantic nauseating elegant overdoes classic ancient most students age always think classic novels movies based them ancient such comte monte cristo moby dick les miserables those think original novel difficult read translated version great like movie music ears spelling grammar mess please forgive cause good english done best
IMDB_0393,imdb,film,read novel seen film version story love life among english gentility during georgian era thought might great romance film starring keira knightley favorite actresses said before love good romance movie story starts like original novel wealthy bachelor named bingley takes residence nearby mansion bennet family abuzz amongst man sophisticated circle london friends influx young militia officers surely shortage suitors bennet sisters eldest daughter jane serene beautiful seems poised win bingley heart part lizzie meets handsome seem snobbish darcy battle sexes joined encounters frequent spirited yet far encouraging lizzie finds herself even less inclined accept marriage proposal distant cousin
IMDB_0394,imdb,film,while movie took some liberties didn follow book exactly conveyed love story heart passion confusion deserved read pride prejudice jane austen greatly appreciate knightley elizabeth captures youthfulness playfulness elizabeth much jennifer ehle portrayal much beloved miniseries while many still consider colin firth greatest darcy ever appear screen choose mcfayden over firth play darcy any day mcfayden darcy believable because see vulnerability understand elizabeth misunderstands him firth handsome can stare frown best them mcfayden brings life darcy although wait almost hours definitive moment portrayal smile incredibly cute sincere lets audience see softer side firth darcy never read book approximately times feel good viewpoint critique movie although certain scenes wish filmed closer conjunction text
IMDB_0395,imdb,film,some people talking movie can amazing because only two hours completely wrong friends went see still talking hour later movie any hopeless romantic whole movie romantic leave wanting fall love feeling common anymore because divorce infidelity abusive relationships movie takes ride don want leave done love previous versions story amazing everyone them different makes them much interesting want watch film like last version film timeless story watching two people fall love big screen amazing isn action film love side romantic comedy sappy romantic film suggest grabbing your girlfriends watching movie think single girl entire theater enjoy movie leave men watch action movie get down your heart woman fall love
IMDB_0396,imdb,film,pride prejudice good film put simply british every possible way perhaps script adapted itself little fans like does mean film lost century english ness before film release many people expressed grave prejudices over trailer stating too sexed over hollywood ized these people include critics prominent writers die hard fans jane austen books unable see keira knightley play elizabeth well basically most reviews came before show itself common problem film today after watching pride prejudice easy see why sexed comments because movie sexed genuine british conservative ness pride prejudice most lovers hardly even touch each other throughout film sexed way pride prejudice cinematic experience worth missing beautiful cinematography consistent editing convincing performance around especially macfayden
IMDB_0397,imdb,film,literally felt uneducated because seen first version heard many good things family enjoyed version much watched many times now can educated movie learned judge people harshly until know them well enough stand shoes watch movies strictly entertainment value fills bill donald sutherland excellent father seems like father those times lot portrayals seen other time period movies kierra knightly superb woman smart able speak mind matter consequences attributes good film casting actors came across exactly story trying told judith dench can anything convinced make person deserves award great movie
IMDB_0398,imdb,film,rich passionate take old story keira knightley revelation literature first romantic heroines frankly before performance really sure whether act hard tell actress starring across giant cgi octopus range subtlety lizzy movie bodes well post pirate chick future still bit anachronistic tomboy element performance never reaches anything approaching silliness characters various bruckheimer blockbusters appeared instead adds flavor own lizzy liveliness arch nature character nicely set off here ability project certain sweet vulnerability helps claim movie make much root well known character over again fully understand contingent complaining pure adaptation jane austin fact agree question does fact somehow make bad movie even bad adaptation answer emphatically characters story lines abbreviated make feature film save perhaps scene really used delve further wickham character trimming does hurt core romance story rather focuses attention upon nice supporting turns add humanity humor characters such mrs bennet collins upon viewing even donald sutherland well lot subtleties missed first viewing
IMDB_0399,imdb,film,afraid didn make through first half hour film sadly none satire irony characterisation present book adaptation present humour simple appalled portrayal bingley making cheap situation jokes book bingley too nice stupid group young teenagers sitting behind found highly amusing must deduce never read book couldn stand bennet quick witted book deep monotonous voice began grate thought collins rather good kitty lydia spot keira knightly smiled far too much began grow sick cheesy teethy grin won get started darcy can say didn fancy him enough said scenes nice although bennets never cooked own meals fact mrs bennet makes point sure farmers gentlemanly massive fans book adaptation like film strongly suggest resist temptation see cinema rent dvd think good way get our money calling film pride prejudice little semblance true essence book
IMDB_0400,imdb,film,hesitant see movie first being died wool colin firth fan convinced mini series final incarnation pride prejudice wrong film beautiful aspects cinematography acting story humanizes characters livens things acting writing costumes sets breath fresh air classic story surprised kiera knightly performance big shoes fill excellent difficult going think anyone other colin firth portraying darcy matthew macfayden amazing job acting top notch across board put your prejudice aside see film can wait see again simply wonderful
IMDB_0401,imdb,film,mini series jennifer ehle colin firth still favorite version austen beloved novel adaptation prolific writer andrew davies direction simon langton feature debut director joe wright deborah moggach screenplay jane austen pride prejudice much appealing enjoyable own right production superb cinematography roman oshin certainly enchants such facility use natural lighting optimizing sun accomplice visual beauty delivered truly transported particularly beginning ending sun burst scenes flowing music dario marianelli right tempo piano notes provides accompanying rhythm story progression see people gathered dancing assembly hall want join dance along well settings such down earth tone inviting warmth especially being dining table drawing room bennet brenda blethyn ever lively blithely matron family five daughters donald sutherland bennet underplayed aptly low key right way scenes between him knightley well matched fatherly love favorite daughter glows sits quietly decision making library outside nature touch constant birds chirping can hear keira knightley since first saw bend like beckham thoroughly enjoyed pirates caribbean opposite orlando bloom johnny depp here matthew macfadyen doesn look years senior knightley romantic pair rosamund pike sisterly jane eldest talented jena malone lydia eloping tom hollander portrayal collins rather marvelously delivered gave human touch comes across odious course
IMDB_0402,imdb,film,director actors cinematographer production design people course screenwriter commended wonderful movie wonderful many regards baggage being yet another version jennifer ehle starred too terribly long ago probably two most important technical elements realistic reflection life time modern unstagey cinematography course acting great save marriage age propose myself keira brenda blethyn course outstanding job characterization judi dench other actors including male leads ably directed anybody notice ridiculous elizabeth words collins looked like paul simon while ago applauded said bravo end film
IMDB_0403,imdb,film,pride prejudice favorite novels avid fan must say movie excellently portrayed novel granted things shortened edited left can only expect masterpiece theatre version featuring collin firth contained followed novel closely obviously because mini series able incorporate cannot argue version better only because like book given circumstances fact movie series time allotted considering other circumstances movie good adaptation novel pride prejudice movie itself admit
IMDB_0404,imdb,film,some great scenes film story remained stagnant love affair felt little forced first improved towards end
IMDB_0405,imdb,film,read every imdb review movie brits come down hard splitting between zero stars stars respect since literature because bbc legendary multi part series long ago superb viewed miniseries sole reason undertook found truly interesting story time gets flavor laws england regarding inheritance profoundly affected society well rise urban society over rural society man possession good fortune must want wife reintroduction story through movie caused start reading jane austen better understand socio political setting suspect another lives today china india record female unfriendly situations posterity such felicitous way actual movie superb most themes book either exactly run movie else presented brief worst implied movie suffers because only two hours long kiera knightley most beautiful actress fun steadfast pirates movie however shows range emotion breathtaking fall love watch scene darcy house where inspecting marble statuary watch heck watch whole movie deserved nominations best actress oscar other awards matthew macfadyen darcy grows prejudiced stiff overbearing becomes human handsome saucy
IMDB_0406,imdb,film,good wash our eyes souls watching such charming romantic movie after tons bloodshed violence wars horror robots special effects made computer etc like see something human after well must comment merits movie itself dwell upon filmic nostalgias besides don want give impression don appreciate many those modern movies bloodshed robots etc good indeed movie tells story clash between aristocratic way life values england beginning century middle classes against background rural atmosphere members often impoverished middle classes aspire imitate aristocracy possible become members day too girls however only hope marry noblemen preferably rich because time girls other choice economically dependent since birth because allowed get any profession job bring them substantial income therefore parents five girls like movie whose income rather low hard task marrying them above social status avoid disgrace ruin whole family hard task indeed well human beings feelings sentiments young men girls tend love another irrespective social positions collides such materialistic ideas substance romanticism precisely collision course much acute epoch portrayed movie nowadays movie gives atmosphere through good performance whole cast various scenes dialogues where these contradictions shown sentiments sometimes revealed sometimes concealed because strict social mundane etiquette rules formal terms images sequences either interior exterior beautiful enough
IMDB_0407,imdb,film,well mounted acted version leads particularly likable well cast creates especially rural old england feel farm animals barn like homes
IMDB_0408,imdb,film,love book know well spend any money film bugged already said cringed much during film lizzie smiling much time almost pig housethe dialogue missed humour book little details only thing movie thought improved version tom hollanders portrayal collins never read any books condensed version might suit part watch colin firth jennifer ehle again instead where really feel strong suppressed emotions behind surface where look say much
IMDB_0409,imdb,film,balled eyes joy over movie romance pride prejudice enthralling unfolded through curiosities intent deliberation macfadyen knightley beautiful watch well everyone such gorgeous film watched twice back back watch again story sub plots within regarding class status fascinating austen classic story given justice film fell love everything well done love story broke down pointed illusions within relationships intelligent engaging honest can say enough enjoyed movie
IMDB_0410,imdb,film,having those days where fed everything left work early quiet recesses darkened movie theatre watch pride prejudice movie luminous every frame keira knightley perfectly cast assertive lizzy bennett every movement full expression subtlety find yourself captivated contents plot known before saw nor any knowledge kinds books jane austin written went movie clean slate left feeling full inspiration even though feels dated course period piece feelings between lizzy darcy real moving
IMDB_0411,imdb,film,absolutely adore film came cinema feeling really strange film never got like before made want bennet made want live country house balls dressing period attire decided afterwards watch previous version made bbc after minutes found dull boring much much much prefer new actors actresses opposed those bbc series found dull boring macfadyen cast superbly role portrayed character darcy well joy watch great step film career chemistry between him knightley electric stunning performance shown throughout entire cast well suited roles giggling sisters shy jane proud lizzie bought film together made such success everything film joy watch acting actors actresses directing music locations love film watch again again
IMDB_0412,imdb,film,movie well directed acted written almost impossible find fault unless course austenfreak expects every character every scene book fit hour movie
IMDB_0413,imdb,film,absolutely amazing film loved acting superb cinematography directing excellent costumes setting great acting don get most people being prejudice themselves having actor character first does make them better don understand criticism acting thought actors brilliant especially knightley macfayden sutherland donald sutherland brilliant actually thought acting better version really captured characters made them human less stiff especially two leads seen other versions while liked them especially acclaimed mini series always something subtle dynamics book none films film hard explain most can feel acting cinematography directing
IMDB_0414,imdb,film,went movie expecting nothing ended really enjoying movie really fun romance drama compelling sprinkle great camerawork got good movie time where women being married off bennet family trying marry off oldest daughter next oldest daughter elizabeth confronted many possible candidates love most navigate many different offers camerawork actually noticeably pretty amazing movie editing helps passage time scene swing well done movie creates such beautiful frames look neatly picturesque well shot camera movement amazing creating living camera moves through complex buildings shows multiple characters seems real time some weird zooms camera adjustments here though reminds something like office seems fitting movie generally camerawork good production really well done costume designs amazing set designs too those big spectacle movies really wants mimic time period set lot care put production can fell score really good fitting both time tone really elevates different scenes used performances movie really good keria knightly gives great performance lead smile can seem forced most time maybe character hard say other shows great complex range emotions complex movie general many memorable fun performances something didn expect form movie laughing much awkward class humor really landed laughed many times during movie amazing sense humor fits well movie critiques everything time stood characters put place fun characters carrying fun darcey deadpan demeanor during party bennet trying make sense house full women actually carrying while lady catherine criticizing everyone
IMDB_0415,imdb,film,keira knightley finally takes over leading lady generation look reese renee gweneth etc keira going leave dust reminiscent young audrey hepburn acting chops katherine hepburn knightley carries hour movie takes reins teeth rides supported excellent supporting cast including judi dench donald sutherland brenda blethyn tom hollander worthy oscar nominations long time since albert finney same feat tom jones where period piece actually comes alive before your eyes direction photography sets first rate much made leading man mathew macfadyan relative unknown unfairly compared lawrence olivier colin firth think further viewings purists come accept darcy good expect move everyone top ten lists
IMDB_0416,imdb,film,spoilers here jane austen novel adapted time again stage screen both small large varying degrees success latest outing notwithstanding tried same extremely talented cast whereas expected scintillating performance greeted rush scenes where continuity takes back seat rushing through editing process granted two hours hardly enough time crunch through dense material condensing story leaves audience little understanding why such behaviour both acceptable expected time director studio concentrated less actual pride prejudice romance between two supposed souls heart moreover leads spent time giving meaningful glances each other less delivery lines left think darcy suffered ulcers pompous ego elizabeth constipation artistic license used condense some characters lose them altogether certainly every speech word word book cast made most mediocre script truly judy dench donald sutherland provided nuanced performances pass time don expect mood match novel
IMDB_0417,imdb,film,realize many people like film equivalent coles notes version jane austen novel difficult translate entire novel two hour filmed presentation however version subtracted little storyline over place rather write entire characters thereby simplifying story time frame viewer left feeling confused incomplete most obvious lack character development elizabeth bennet sisters most viewers unless already acquainted story won even understand why audibly blink likely miss why wickham story abbreviated version lacks historical accuracy bennets portrayed impoverished farmers pigs running hallways entertain friends kitchen dress like mill workers gentry social equals darcy albeit wealthy home portrayed century gentelman farmer abode rather shabby chic interior austen feminist concerns gender inability inherit almost completely missed subtlety abandoned favour over modernizing situations sets feels being screamed get throughout film director seems miss only reason miss bennet darcy get together beginning film due pride prejudice social class breeding jane austen romance writer acute observer times modes manners film misses portraying these subtle although important elements storyline film visual charm artistic merit falls well short authentic rendition jane austen classic
IMDB_0418,imdb,film,beautiful movie don mean touching moving sort way actually beautiful visually cinematography breathtaking showing english countryside such artistic way think painting accompanied music captures story both light fun deeply emotional beautiful joy watch listen visually stunning story itself classic fantastically told joe wright acting believable gripping knightly actually favorite laudable elizabeth bennett jane too adorable words characters mrs bennett collins darcy played well think jumped right novel onto screen pride prejudice favorite book believe watched skeptical eye disappointed wright pride prejudice fantastic
IMDB_0419,imdb,film,really liked movie lot read script separately really liked much any like view full script movie can here http specialpages mrsdarcy com html like old english style novels wish can see jane eyre well sure done now contain good air liked natural way presenting life simple life normal english house enjoyed lizzy sharp answers much guess darcy conversations bit shortened anyhow does work character playing movie bit different original novel some events dialogs after same story indeed new shape like don miss movie
IMDB_0420,imdb,film,especially like cast mrs bennet real person reasonable concerns imagine being place knowing your daughters penniless soon your husband dies knowing men usually die younger women never understood why simply pretending above such matters deemed right response here show gives credit worrying trying proactive can even wasn actually helping much shows better side lizzie parents relationship marriage perfect considering number kids cold marriage either personally looked matter sleeveless dress short cap sleeved dresses evening around might cosmopolitan definitely existed look yourselves some old fashioned dresses ball well expect too before off caroline dress look evening dress see similar styles kiera manages make lizzie likable may wrong lizzie book miniseries
IMDB_0421,imdb,film,love love love romance highly recommend movie readers bennets daughters beautiful jane clever elizabeth bookish mary immature kitty wild lydia male characters darcymr bingly benette these roles filled excellent actors opinion portray these characters well bingley brings him sister dashing richer proud darcy love soon air bennet sisters while another may jumped hasty prejudgment jane austen novel yet read movie written like book bound read guys males want good romance movie surprise your girlfriend wife etc rent see buy love peace love chicken grease godsent
IMDB_0422,imdb,film,first saw pride prejudice wanted keep seeing over over fell love now almost two years after came mad didn get attention theaters deserved after seeing movie reading some comments book decided read book breathtaking idea much better movie even though movie wonderful jane austin fantastic think everyone read book course see movie keira knightley amazing think good elizabeth bennet talulah riley played mary felt kind bad because wasn shown much rest sisters even though mary isn talked much book either kitty lydia always annoying laughs things jane austin wanted them darcy
IMDB_0423,imdb,film,overall pleasantly surprised film adaptation pride prejudice novel wasn particularly fond movie characters well written well performed collins awkward unlikeable ever well done thee set design costumes outstanding well however film most striking attribute cinematography camerawork hit miss take netherfield ball example camera moves fluidly around manor allowing characters weave sight each individual room crowded detail characters vying your attention can begin imagine amount work scene must taken other hand take numerous zoom ins happen throughout movie such orderly proper film spontaneous zoom feels almost comical immediately takes movie wonder why although aren wrong artistic choice make sense context executed such ham fisted way makes hard laugh cinematography important sell illusion fly wall done well
IMDB_0424,imdb,film,movie everything while watch don want end your edge your seat till end see once good see everyone know went see didn like because movie brings picture your apart magic romance bad parts good can live without seeing movie like maxwell coffee good till last drop won even want leave bathroom starts your memorized till ends hope end don want end maybe where lucky get squeal movie still star material
IMDB_0425,imdb,film,always film irreversibly attached historical dramas costume set music chemistry between characters characters themselves story contributed visually stunning moving adaptation novel firstly costume going costume drama got make great costumes particular section production always personally critical must say these costumes amazing however notice replicated fashion rather
IMDB_0426,imdb,film,although storyline cut down well fit time allowed film still poor adaptation left audience feeling disconnected main characters darcy most approachable really saying something lizzy remote while lively little indicate intelligence beyond propensity read occasional book sometimes express slightly passing objection some point other necessarily fault keira knightley however wasn exactly given much work first place wickham virtually nonevent lydia kitty mary some extent too most offensive aspect character adaptation portrayal bingley some kind endearing fool designed bring comic relief text jane austen known surpassing talent character development film virtually justice whatsoever even insulted times moral story going try adapt something make easier understand least try without making mockery best parts original plus side cinematography beautiful casting generally good times seem little realistic many period pieces mud dirt messy hair unfortunately impression realism partly because makers changed behaviour jane austen characters seem slightly modern thus normal seems film makers period drama often find hard comprehend basic fact history people past like shows way often try subtly unsubtly
IMDB_0427,imdb,film,jane austen probably agree gentle loving mate crowning achievement every human whatever epoch austen views perch ageless mating dance our own peculiar species elizabeth five young eligible daughters bennett family possessing only modest fortune income live countryside england while geese pigs tramp around house darcy wealthy visitor becomes smitten elizabeth meanwhile misunderstandings accumulated ability correct misunderstandings enables mating dance end prejudice pride however does begin fully describe depth emotions story filial devotion fatherly solicitude motherly hopes fears concept duty custom arranged marriage loyalty friendship family discreet reticence resulting incoherence age described beautifully finally gentle love man smitten woman joyful climax courtly language manners film reflect well setting habits unique period
IMDB_0428,imdb,film,absolutely appalled fact some people commenting marking production basis watching trailer even seeing movie totally unfair everybody concerned opinion trailer trailer resume movie ttake does justice complete production went see film sceptic like many others thought essence novel condensed hours kiera knightley bad choice central role luckily see any miniseries baggage always thought adaptation far perfect director writers fine job getting essence story time available yes lot cut inevitably some changes important parts plot film structure means essence cinematography fantastic admit kiera knightley comes age actress particularly good rosamund pike jane major gripe why give canada film minutes longer superior ending producers think europeans shorter attention span feel quite cheated decision
IMDB_0429,imdb,film,having seen bbc version expecting disappointed however wasn really quite good new look well known drama ran along nicely sets authentic looking most these period pieces sets set some master plan somewhere cut above thought keira knightley absolutely gorgeous mind lovely surely bingley gone rather sister matthew macfadyen didn strike being handsome colin firth conveyed awkwardness well really felt didn know handle women especially sparky ones personally always want strangle mrs bennet thought brenda blethyn improvement over alison steadman sounded like edna everage collins good good previous version truly excellent particularly liked kelly reilly caroline bingley really bitchy feeling sexy judy dench please completely denched dead ringers right judy dench plays every middle aged middle upper class english lady ever lived barbara leigh hunt previous version absolutely fantastic much better dame judy afraid donald sutherland mistake dubbed stuck name
IMDB_0430,imdb,film,really book close movie read book seen movie statement really both blessing curse awesome producers took settings costumes special detail reading austen description darcy bingley extravagance doesn compare seeing mansions screen way producers portray characters impressive well other hand don like austen writing style long sentences wordy descriptions movie definitely using script writers took long wordy dialogue austen writing straight book many times throughout movie actors say complete gobblygook understand overall movie impressively made don enjoy austen writing style trouble following
IMDB_0431,imdb,film,still love version pride prejudice new version much recommend well much earthier must say sexier version matthew macfadyen wonderful hear women audience gasp whenever came screen saw interview him where said take darcy shy interesting slant character makes him much human less haughty other versions keira knightly lovely always brenda blethyn hoot mrs bennet thought actor played wickham much attractive version harder believe turn such rat such sweet face pride prejudice wonderful story never tire make hundred versions see them
IMDB_0432,imdb,film,beautiful country scenery performance little bit abrupt pride prejudice favorite movie seen several times really expected see new version makes feel despair somehow because looking forward movie won let watch second time still love story gorgeous rurality view view pride predudice people character kind inherent thing inside heart seen manner behaviors film represent dramatics personae characters verbally body expression language thinking film leave less space audience imagine tells story present leave adequate impression
IMDB_0433,imdb,film,pride prejudice favorite book ever read twice year always thrill maybe expected too much disappointed keira knightley quite always keep same expression face during whole movie pouting most time plays arrogant lizzy matthew faydyen too cute charming looks like going cry every second movie other characters dumb like bingley vulgar like miss bingley most them transparent don care them thing really ruined movie disrespect proprieties mattered much society time important book basement here meet night nightdress bingley come room where jane lying ill start talk amazing think aristocracy finish
IMDB_0434,imdb,film,movie laughing crying feeling everything between chemistry between matthew macfadyen keira knightley extraordinary opinion famous jennifer ehrle colin firth duo parts watched came home can feel see darcy struggle own arrogance emerging feelings most other darcys less accessible hits right note can along elizabeth feeling angry insulted natural progression feelings realizes depths man wonderful see incredibly sexy scene without any groping clothing removal yet sexier anything seen involving nudity screen fairly crackles undercurrent keira knightley such delight making feel everything feeling supporting cast always british movies first class donald sutherland brenda blethyn best bennet parents ever seen movie buy comes dvd watch over over again
IMDB_0435,imdb,film,film first taste pride prejudice huge effect absolutely memorised loved film find becomes even amazing every viewing discover hidden details make rich enchanting films seen affected like other walked cinema feeling warm inside still get feeling every time watch perhaps some fans mini series find movie different won like agree doesn remain absolutely faithful every detail book necessary film year keep fresh hard get book over two hours film personally problem didn fell rushed any way suggest people read book seen version watch film open mind enjoy good two hours entertainment expect chapter chapter review casting excellent lead keira knightley providing strong lively elizabeth bennet matthew macfadyen perfectly showing darcy struggle vulnerability again find after buying dvd watching many times many subtle looks him may miss first viewing gives character new depth other excellent performances come brenda blethyn mrs bennet rosamund pike talulah riley jena malone carey mulligan bennet daughters managed portray excellent sense sisterly love generally thought casting flawless couldn see many weaknesses perhaps best things film cinematography filming epic shots english countryside take your breath away certain scenes done entirely shot sweeping through different parts home creating truly unique sense being really film script excellent some memorable lines funny moments throughout film mainly scenes collins mrs bennet surprisingly scenes featuring darcy too shows awkward vulnerable side sweet funny soundtrack film dario marianelli again thing makes film brilliant listen music alone enjoyable film adds atmosphere way truly amazing suggest see film matter being girl film say men forget any sense manliness two hours see know some men loved film worth try can tell
IMDB_0436,imdb,film,touching romance liked went watch mini version shocked darcy colin firth mini series darcy stunning unbelievable most charming male character ever created movie history however makes feel lizzy version good enough match darcy frank attract someone like darcy being clever probably enough needs stunningly beautiful too reason think version darcy lizzy better match although version faithful original novel overall performance good still think touching story well performed both darcy lizzy attractive think jane movie better jane mini too seem reason possible attract handsome rich young man once without stunning beauty fact life apparently fact ignored mini series jane beautiful else does deserve binley immediate love good performance skills can convincing enough well done version perfect courselizzy smiles too much binley smile bit silly once original dialogs settings better used however still voted
IMDB_0437,imdb,film,mother begging watch mini series pride prejudice colin firth darcy never really time since hours seems like lot swallow told rent remake seemed like summed version story now cannot wait watch mini series really enjoyed sense sensebility now new fan pride prejudice great stories such rich characters incredible stories melt your heart keira knightly shines elizabeth many sisters feeling same shared pressure being married mother meets man named darcy disgusted arrogance swears never marry him after seeing two sisters getting purposed well being married feeling lonely ever stubborn opinionated where settle after realizing wonderful darcy though well get picture beautiful adaptation jane austin masterpiece novel highly recommend like said now excited see mini series
IMDB_0438,imdb,film,pride prejudice excellent terms acting set design costume design problem script writing takes balls write classic emma thompson sense sensibility without ruining language why need dumb down story subtleties original text lost adaptation brighter note keira knightley fantastic elizabeth both stunning elegant dame judy dench makes wonderful lady catherine stern disapproving matthew macfadyen fabulous darcy overall great movie certainly worthy viewing don happen pride prejudice addict such myself
IMDB_0439,imdb,film,rendition pride prejudice close perfect movie any seen everything outstanding story screenplay brilliant direction cinematic technique matchless acting casting stunning settings costumes plus music score good any come across least half dozen scenes taught every film school nothing short magic keira knightly rosamund pike matthew macfadyen donald sutherland tom hollander judy dench many others perfectly cast subtlety texture elegance makes movie fantastic watched least half dozen times gets better each viewing true work art classic enjoyed many many years come
IMDB_0440,imdb,film,seen old version form series however version greater impression cuz looks beautiful graceful like timeless book telling profound ancient story like hue through whole film
IMDB_0441,imdb,film,favorite movies ever perfect everything perfect mistake music cast darcy fell love darcy feel perceive feeling others may lie yourself because scared truth because different living movie teaches confess teaches pride important simplicity important while watching feel happy sad lost wish won end
IMDB_0442,imdb,film,haven gone official site now fully operational please great clips photos info movie austen lovers rejoice such young fresh lively version classic much loved novel kiera matther sizzle screen challenge anyone look version fresh eyes see joy direcot joe wrights first feature film such achievement stays true novel looks through new eyes unlike other adaptations first movie version since bbc version being miniseries such welcome version open austen whole new audience hope loved much definitely film seen once feeling down see lift your spirits doubt www prideandprejudicemovie net take care
IMDB_0443,imdb,film,while say first off movie production ever made ever equal novel especially magnitude movie well done jane austen tale love economics reaches once energy thorough novelty pride prejudice favorite novel mine since first read amazingly enough never disappointed material seems full proof colin firth darcy many ways darcy always imagined matthew macfadyen totally new managed create sense longing makes final pay off satisfying kiera knightly ravishing revelation must confess didn remotely imagine capable powerful range brilliantly shows here photography art direction spectacular supporting cast particular donald sutherland brenda blethyn makes new version perennial classic memorable evening movies pride prejudice adaptation perfectly captured wit intelligence passion romance jane austen classic mini fabulous watched many times
IMDB_0444,imdb,film,teen absolutely loved movie didn know expect since hadn read novel wasn fan victorian style movies back took chance watched mom couldn believe much loved film kiera knightley acting amazing matthew mcfadyen scenery absolutely beautiful soundtrack movie made heart fly directing marvelous love story best ever seen first hate love wow absolutely favorite movie years now even bought boxed special edition set
IMDB_0445,imdb,film,austen fan seen many adaptations possible see found few ones listed possible find makes fourth adaptation seen plus having read book again again think fairly qualified give good opinion love story favorite book world admit here personal bias miniseries went willing give movie chance without high expectations pleasantly surprised many respects disappointed some others first bad things dialogue disappointed script obviously much story cut down thought fairly admirable job getting whole plot under time constraints dialogue leave wasn austen dialogue some semi modern version believe supposed appeal modern romantic comedy audiences thought viewing whole heart soul witty dialogue opinion took thought lost much took good points mention counterbalance another disappointing thing possible historical inaccuracies friend saw don claim historian interest austen world led research regency period bit
IMDB_0446,imdb,film,pride prejudice place classical movie category teaches shoot product period film yes flaws nothing over top enjoyable watching non stop few days loving even
IMDB_0447,imdb,film,watched although loved way darcy portrayed actor didn really like way depicted elizabeth over thought film missed too many scenes felt really rushed played elizabeth giddy naive girl made question suffered depression anxiety instead misunderstanding having too much pride like darcy bbc episodes set too high standard any film followed hours verses collin firth played proud darcy makes fall love him even after these years recommend watching version over overall rate since love story
IMDB_0448,imdb,film,nothing negative say film amazing cast music writing cinematography set design etc beautiful well done interpretation austen work rewatched dozen times least cinematic work art
IMDB_0449,imdb,film,film faithful source material old fashioned love storylike classic novel itselfbut rigid stodgy
IMDB_0450,imdb,film,great adaptation huge fan novel say movie hasn disappointed matthew macfadyen keira knightely great job
IMDB_0451,imdb,film,honestly wasn sure expect went see movie little bit austen freak many many years see movie qualms partly wondering hollywood classic partly wondering keira knightley carry off role elizabeth mildly disappointed first much pleased second explain explain other worst part movie probably fact much felt rushed couldn spend time different parts needed seemed like trying make artistic still felt rushed however rushed because cutting nearly many parts fully expected them cannot complain too much still although detracted enjoyment movie couldn say disappointed sister yes austen freaks said adaptation interesting mood book pride prejudice heralded austen most sparkling story rightly movie does convey feeling somber sister put different interpretation story enjoyed even though slightly disappointed really impressed keira knightley portrayal lizzy said wasn sure afraid over act part
IMDB_0452,imdb,film,say must thank heavens bestowing upon second chance finally watch most excellent keira knightley version timeless jane austen classic pride prejudice most already acquainted rich story sweet romance amongst wonderfully beautiful bennet sisters age old england movie most humble opinion tended place focus love between elizabeth bennet keira knightley darcy matthew macfadyen between jane bennet bond girl rosamund pike bingley simon woods allowing audiences witness folk dances while tease each other bear testament challenges love those days where manners maketh person prim properness order day gentle bows curtsies learn elizabeth rebellious streak break norms lessons everyone can take home judging book cover makes count your lucky stars approach relationships these days although some things
IMDB_0453,imdb,film,strange watching version pride prejudice because missed theater actually saw becoming jane pride prejudice zombies before giving version actual classic try nothing against keira knightly radiant every frame does amazing work elizabeth bennett watch holds darcy eyes flat commonplace remark becomes barbed wit subtle criticism director joe wright does good job some small things dancing assembly really enormous energy much identical scenes becoming jane larger story doesn really hold donald sutherland bennett really wrong charles dance much better zombie version bennett witty funny sullen depressed guy plays bingley too goofy looking actress plays sister too beautiful too glamorous too charismatic start wondering why darcy doesn marry instead elizabeth actress plays charlotte great capturing balance between pathetic courageous while guy plays collins actually pretty subdued opposite number zombie version running furniture falling through windows altogether good movie some ways becoming jane poignant pride prejudice zombies actually better supporting cast saying cast here lack talent kitty lydia played cary mulligan jena malone two most brilliant actresses ever joe wright doesn really know them better directing big crowd scenes actual drama
IMDB_0454,imdb,film,thought might little cheesy first soon started watching instantly enthralled filming alone almost made cry beautifully done cameraman absolutely phenomenal thought actors fit parts perfectly rare thing since usually finicky certain actors after reading book wonderful course being music student found particularly interesting authentic piano sounded slightly muted aspect pianos time frame really excited gorgeous movie immediately made top list always loved book version movie perfect strongly recommend
IMDB_0455,imdb,film,two hour movie delightful finally see pride prejudice after years whomever fault sure cut off family members left right center added unsuitable scenes period story lived hurts see don know much see errors sit table lizzie bit too skinny part opinion get cute darcy poor bingley made him village rich idiot cut off sisters husband good instead having those long boring field scenes making whatever absurdity sticked book little bit better can imagine lady making call middle night lady catherine bourg
IMDB_0456,imdb,film,adore jane austen novel went see movie little skepticism convinced weak attempt retell great story however surprised fact film followed book almost precisely big lapses story annoying elements added director keira knightley gives good performance presenting elizabeth exactly imagine other actors surely succeed create atmosphere almost same austen created applause judy dench perfect role lady catherine bourg consider flaw movie little attention given jane bingley relationship certainly important lizy darcy really deserves little basically fen novel
IMDB_0457,imdb,film,pride prejudice enjoyable movie become cult classic among many jane austen fans properly expresses early century without feeling too old boring beautiful scenery english countryside period appropriate music felt like watchers being taken novel most actors accurately portrayed characters presented jane austin especially actress played mrs bennet actor played collins kiera knightley actually managed make lizzie bennet likable film giving playful personality matthew mcfadden humanized darcy showing him being vulnerable while still maintaining character awkward aloofness thing critique movie pacing romance darcy fell love way too quickly elizabeth believable director tried make seem like enamored elizabeth moment saw find hard believe darcy desire woman called barely tolerable too below him rank wife instead seen darcy slowly begin fall love elizabeth once realizes personality far desirable title despite movie beautifully filmed definitely worth watch
IMDB_0458,imdb,film,keira knightley elizabeth bennet book apart glaring mistake rest movie good two elder sisters supposed dignified substantial younger three some points movie knightley lizzie acts quite silly probably appeals modern audiences keeping lizzie bennet character furthermore lizzie supposed good looking jane attractions supposed subtle keira knightley definitely better looking actress played jane bennet again think appeal modern audiences cannot heroine being upstaged attractiveness anyone else
IMDB_0459,imdb,film,honestly time favorite movies love story both book form movie actors portray characters well whether reserved personality over zealous annoying shy quirky etc mrs bennett favorites besides main two characters constant nagging banter bennett sure entertain anyone
IMDB_0460,imdb,film,cannot praise adaptation enough best performance keira knightley career goodness chemistry between darcy exquisite incredible score fabulous scenery
IMDB_0461,imdb,film,william goldman once said once casting done dusted filming process factory putting together car forgot mention see movie needs long enough fully capture story aims convey while joe wright pride prejudice gorgeous cinematics historically accurate backdrops actors genuinely suited characters play can help feel like movie ends shooting itself foot through own lofty ambitions see key things absolutely adore austen writing pacing characterization part book feels too short too long every single character regardless relevance plot feel real like can real life people movie didn get important parts given lots screen time handled really well everything uncentral elizabeth darcy felt rushed over resulting overall plotline feels shoddy incoherent actors really really good elizabeth mary
IMDB_0462,imdb,film,love movie much close book appreciate done well actors actresses fit characters writers producers well condensing book enjoyable movie little bit stickler comes book accuracy why gave stars looking something completely accurate bbc series better suited however want nice cozy jane austen chic flick perfect
IMDB_0463,imdb,film,jane austen pride prejudice translated film several times now robert leonard attempt starring laurence olivier miniseries now new theatrical release here having read book seen these adaptations feel can comment objectively does doesn work regards director joe wright newest version let start positives beautifully filmed gnarled old trees stunning sunsets against old english mansions cast performs well even liked bingley simon woods foyle war series rest actors seemed able grasp internal dynamics respective characters pulled fine performances keira knightley bend like beckham does good job lizzie bennett appears upbeat far too often during time love loss went hand hand matthew macfayden wuthering heights series does admirable darcy being against giant english acting world previous adaptation made character representation bit tougher came comparisons now let get main problem pacing usually don mind fast paced films jane austen book anything quick checking around pages depending publisher choose books size tend difficult translate silver screen because scope big ouch film clocking minutes condensing book such drastic manner meant clipping chapters causing bit confusion confusion comes lack understanding new viewer might never seen any previous movie versions never read novel lydia runs off wrong man vital portion story only touched seem disorienting new pride prejudice viewer never see happens lydia london nor see wedding where darcy pressure exerts itself comparisons obviously made between theatrical release miniseries many including myself feel penultimate adaptation mrs austen book some might complain isn fair make such comparisons because designed television while other meant theater grant lengthy films come hollywood lately lord rings king kong
IMDB_0464,imdb,film,something sumptuously gorgeous film vivid greens warm yellow sunlight never fails completely enchant coupled knightley effervescent performance close perfection stickler english film perhaps even period english film pride prejudice gets every time settings always amaze director done sublime job really engrossing scenes film such steady pace pride prejudice never feels boring never too slow monotonous feels part dreamy world gliding through characters contribute general feel own unique ways knightley great wonderful see character relationship grow flower darcy score impeccable title piano track really fills such warmth every time adore film find gets better every viewing surely ages
IMDB_0465,imdb,film,film live expectation awful knew going disappointment wrong movie total nonsense fully understand interpretation exact dramatization book latest adaptation jane austen pride prejudice austen some people want understand hour movie length movie problem herealthough think sense sensibility book interpreted way expert find some scenes too ridiculous sorry movie overrated definitely masterpiece plain hollywood crap
IMDB_0466,imdb,film,strongly disagree negative comments mkazmierczak carole wilbraham others although true movie some historical accuracy problems after adaptation novel real life event such accuracy often expected documentaries however right mind actually look inaccurate portrayal already made story started reading book after saw movie maybe because can actually compare well movie represents jane austen portrayed pride prejudice even most dialog used movie thought extremely pleasing actors think great job especially roles elizabeth darcy bennet
IMDB_0467,imdb,film,pride prejudice movie watch endlessly movie fantastically amazing cinematography outstanding first shot till last shot costumes film sets mavellous cast great chemistry between keira knightley matthew macfayden thought movie astonishing keira really amazing job potraying intelligent playful witty elizabeth bennet plot mainly focuses relationship between elizabeth bennet fitzwilliam darcy jane bingley relationship nicely played endearingthe story tells lizzie tendency judge first impressions darcy hold excessive pride overcome own pride prejudice flow nice too rush slow movie might faithful adaption novel made modern version still perfectly tells story pride prejudice
IMDB_0468,imdb,film,say best donald sutherland
IMDB_0469,imdb,film,film encaptures austin best character emotion beautiful family relationships between father daughter sisterly love scenes natural light used well illuminate them darcy arrogance wonderful yet cannot help fall love him can watch thousand times still feel great emotion brings every time
IMDB_0470,imdb,film,much like version does try portray characters time period through prism time audience balls rave like formal father softened much closer daughters collins nerdy unctuous elizabeth girlish less worldly romance happening rather developing pace little fast bit hard keep key elements second ball scene particular used excellent effect quickly develop characters personally like kiera knightley affected laugh found shallow elizabeth taste scene however nearly ruined movie almost kiss gazebo completely place character lazy scripting broke illusion want thorough true book experience version can beat pretty good update especially those wouldn normally patience austen
IMDB_0471,imdb,film,saw first showing movie opening multiplex today can tell only thoroughly please daughters fellow theater goers well applauded end haven done years years though film can fully capture esteemed austen novel entirety lovely enjoyable adaptation characters excellently portrayed knightley most indeed bewitching elizabeth bennett supporting cast equally engaging cinematography excellent once feel gypped elements novel can tell year old daughter captivated beguiled romance story hopeless romantic must see movie
IMDB_0472,imdb,film,first enjoyed version really got right distinct sense darker chaotic side jane austen worlds lot melancholy here wasn rendered preceding series brits though time contaminated french input didn help seldom does can austen well indeed put minds bbc version emma kate beckinsale much superior boring paltrow cinema version where does latest production fail first problem coming mind script adaptation art own while series time plot most significant narrative strands novel two hours film doesn purely scripting point view significant characterizations significant sense contributed explication bringing live central characters far too pro forma almost thrown because writer felt needed result many them function cluttered action diffused narrative focus second problem direction first half aid muddled script confusing unconvincing occasionally annoying loved deconstruction decorous superficiality adhered series occasionally chaotic social occasions end got too much
IMDB_0473,imdb,film,enjoy film keira knightley does manage portray intelligent woman plays part silly headstrong girl required act appears depth merely grins displaying pretty teeth acting darcy wet lettuce bingley appears aged bingley sister appears another century different movie bennett girls appear amphetamines delicacy restraint movie ott several unbelievable incomprehensible moments film opens right mind goes striding along countryside reading book retelling such classic story must something say provide new twist while still retaining basic truths version does meet these requirements
IMDB_0474,imdb,film,anyone appreciates well thought love story happy ending pride prejudice your movie loved jane austen book enjoyed almost every version seen especially version even bollywood musical version however made appreciate book over again completely different way cinematography beautiful acting delightful though version relatively short left some amusing details emotionally intense managed convey spirit book throughout entire movie settings lighting loved regretted anything little time spent wickham some best lines book left slightly changed said quickly overall awesome experience fan romantic movies miss
IMDB_0475,imdb,film,loved movies narrative good story great acting wonderful felt characters don really story don develop good apart really liked
IMDB_0476,imdb,film,acting scenery music score movie adaptation beloved jane austen novel absolutely gorgeous particularly enjoy adaptations changes where movie slightly departs novel done perfectly true understanding feeling text novel yes read book two main characters most amazing chemistry both bright blue eyes actor playing darcy dark emotional depth elizabeth bennett eyes mirror contrast two characters amazingly paired can really find anything critique acting perhaps kitty less affected gets annoying some point character true description book character supposed annoying well done actor movie makers although wish seen sutherland now scenery wore absolutely breath taking last least music perfectly paired scenes conveys feeling most ingenious way makes want learn play piano movie joy behold
IMDB_0477,imdb,film,first saw movie last year seen mini series bbc third time row simply love mini sat down watch movie compared mini everything movie wrong bennet house dirty elizabeth too silly taste dialogue between elizabeth darcy too fast like hurry lot things wrong mind hated after little while getting mini series mind saw again didn like either read book couple times laid down whole pride prejudice story forgot less while ago picked again watched mini series read book last night saw movie third time feelings quite opposite laugh cried pleased whole movie still things movie irritates longer hate good thing because love story must say jennifer ehle colin firth played bbc miniserie
IMDB_0478,imdb,film,enjoyed watching film liked cast way book portrayed movie liked sets thought clothing way characters portrayed almost exactly visited them while reading book though enjoyed film few things didn care example didn really care bennet estate mess home gave impression bennet family classy sophisticated portrayed book animals wandering through house looked like mess some things regarding relationship between elizabeth bennet darcy gave film romantic feel book overall enjoyed movie few things strayed away novel thought noticeable people read novel
IMDB_0479,imdb,film,adore movie much keep dvr can rewatch whenever want beautiful perfectly cast faithful beloved austen novel matthew macfadyen keira knightley both perfect roles embody spirit book counterparts same tom hollander excellent actor anything cast collins rosalind pike jane bennett brenda blethyn mrs bennett honestly whole cast suit roles well isn always case historical films often try wedge popular actors roles where don fit box office reasons
IMDB_0480,imdb,film,never read book know little story basics interest knowledge fashions etiquette existed england during period story set forgiven feeling outrage felt watched even feeling reasonable patchy slow film however anyone read understood book can appreciate subtleties english life time can only appalled dreadful hash bad casting horrendous script writing most blatant dumbing down americanisation delicate subtle humour makes classic tale much loved story darcy plank matthew macfadyen attempts stoic pride haughty superiority simply result coming across blank boring severely constipated keira knightley elizabeth flat lacks playfulness original character some inexplicable reason chose play though silly giggling little child takes pleasure verbally attacking anyone meets whom deems superior subtleties elizabeth character playful wit ability see ridiculous side others without breaking social taboos etiquettes day entirely lost awful rendition miss knightley actors actresses used many other parts far too shiny attractive purpose entire basis collins disgusting embarrassing man ever want marry yet use actor
IMDB_0481,imdb,film,starting off darcy matthew macfadyen definitely brought whole new significance character portraying arrogant socially awkward dazzling leading male role despite offensive pride selfish disdain macfadyen shows accessible side darcy depicting vulnerable fragile character behind stiff manners thus portrayal makes love elizabeth believable moving elizabeth bennet female protagonist portrayed successful keira knightley many leading female roles period movies such anna karenina imitation game atonement duchess dangerous method etc making experienced portrayal such women brings different aspects character while giving adequate sense humor lively intelligence sharp minded wit performance movie makes chemistry between elizabeth darcy much affectionate starting off pride darcy prejudice elizabeth
IMDB_0482,imdb,film,read book half century ago watched aggressive attention details many watch movie familiar story obsessive minutia important film story fantastically done casting well done every character role perfected thing stands alone high budget version magnificence film sights sounds countryside marvelous scenes sets score film can absorb completely watch large screen let yourself overwhelmed
IMDB_0483,imdb,film,movie absolutely beautiful cinematography amazing acting clever subtle best romances ever seen such accurate portrayal two people drawn each other matter circumstance tension done extremely well fact never kissed good
IMDB_0484,imdb,film,surely most beautiful movie even incountered whole life delightful delicate those fragile moments shared darcy elizabeth alluring captivated soul observe eyes contemplate each other way enchants darn heart finest movie undoubtedly fairness book
IMDB_0485,imdb,film,things liked most pride prejudice cinematography music performances good particularly keira knightley wasn particularly drawn actual story though never really connected personal level bad movie any means although think few problems either pacing length definitely some segments where plot drags little
IMDB_0486,imdb,film,movie pretty beautiful advantage making masterpiece long don smash succeed after script good
IMDB_0487,imdb,film,few films checks every box perfect casting flawless cinematography production costume design direction masterful editing seamless music score ethereal divine crafted like cinematic symphony film doesn miss beat never gets tired offers new fans jane austen novels perfect introduction clever writing strong female leads many wistful moments splendor restrained romance times makes even simplest gestures potent memorable can say enough great things film those loyal series same name colin firth give another chance watch again though never heard story before watched film many times never gets old turned subtitles our second time through enjoyed even rapid fire dialogue perfect timing delivery
IMDB_0488,imdb,film,thought movie decent best thing ever seen best part scenery landscapes really gorgeous think good adaptation book maybe liked book enjoyed movie little think kira knightly perfect role convincing darcy good well always wonder kept food cold younger sister annoyed soo much guess cute story dragged bit liked dancing scene like strong female character music nice think movie rainy day kind movie sweet nothing extremely special
IMDB_0489,imdb,film,lets start acting keira knightly really gave excellent performance elizabeth other characters well developed found yourself emotionally attached characters despite sizes importance roles wish films provide character development pride prejudice given gem next best thing movie cinematography lighting shot sequences beautiful flow like artwork rarely seen movie much beauty created shots scenery final thing deserves won academy award original soundtrack soundtrack truly compositional genius best makes each sequence better better throughout movie easily time favorites rarely disagree overall movie rating imdb eyes least
IMDB_0490,imdb,film,drove hour half see movie because playing area sit front row because crowded crane head see screen movie totally worth waited months movie come loved think cast great job portraying characters don know negative comments almost squealed middle theater end scenery beautiful characters costumes excellent movie followed closely book although some things changed movie overall stayed close book pride prejudice favorite book now favorite movie too now anxiously waiting come video
IMDB_0491,imdb,film,pride prejudice most exquisite romantic film ever made soundtracks sceneriewords actors everything comes together harmonised sympohonie like perfect piece art takes places triggers deep emotions cannot comprehend director achieved masterpieceit universe conspired make happen experiencei fully immersed myself always cherish simply can get enough beautiful utterly appreciative thankful brilliant minds birthed
IMDB_0492,imdb,film,adored much greatest stories time
IMDB_0493,imdb,film,comes movies created response novel pride prejudice does good job sticking plot keeping general mood novel considering limitations films acting convincing think movie while maybe substitute novel sufficient getting main idea conveyed viewer personal opinion didn care story pride prejudice general didn find many characters particularly enjoyable however while own opinion may favor movie say quality movie itself humor incorporated makes worthwhile movie watch style love story something enjoy
IMDB_0494,imdb,film,most romantic touching heart warming films movie bewitched body soul enjoy everything happens screen these loving glances careful touches whole film looks tense thoughts happen between them next scene rain worth something well main characters keira knightley matthew macfadyen think played perfectly expression eyes movement bodies facial expressions able convey feelings emotions pride prejudice love every time hand scenes heart skips beat
IMDB_0495,imdb,film,plot outline story based jane austen classic love story set century england family bennets including five daughters whose future dependent finding well settled husbands bennets brush high society sophistication eldest rosamund pike engaged wealthy bingley whose friends include wealthy handsome snobbish darcy unfolding drama portrays pride judgmental reactions finding real love perspective beautiful individualistic elizabeth bennet keira knightley comment thought watching classic made initially apprehensive watching movie soon characters darcy elizabeth start taking life difficult get absorbed story although haven read jane austen must say screenplay excellent captures century england picturesque landscapes formal societies well elizabeth strongest character movie keira knighley done wonderful job although glamorized movie lot noteworthy moments especially comical involving poor collins exchange words between bennett parents rosamund pike looks lovely keira character considering fact something intriguing absorbing protagonist story mcfadyen done justice role darcy true blue blooded gentleman movie recommended those love well made classics even watching keira knighley rating
IMDB_0496,imdb,film,far worst adaptations any jane austen novel ever seen seen them wait production northanger abbey worse maybe version mansfield park third worst film adaptation jane austen novel ever seen miscast misguided mistaken film people never never read book never never see brilliant version staring colin firth don near done either leave gnashing your teeth over keira knightley grinning idiot performance matthew macfadyen befuddled portrayal darcy arrgh
IMDB_0497,imdb,film,these types films often confound romantic costume dramas call gift film significant other drove hour theater see limited run new godzilla film imagine pleasant surprise picture itself bearable best films seen year fortunately saw pride prejudice zombies before flick able follow along story costumes sets cinematography acting simply spot reason make any versions pride prejudice hit perfection really much say teared bit end poor girl only few servants marries rich man dozens servants saving life living house only parlor fainting anywho finest costume dramas suffered through miss lack zombie action however
IMDB_0498,imdb,film,adored movie funny dramatic romantic right places adored book truth definitely hesitant see hollywood version film especially found keira knightly going play elizabeth pleased wronged once nothing praise actors keira knightley especially brought life favorite characters convincing imagine elizabeth imagine keira matthew macfadyen makes awesome darcy least colin firths equal brenda blythen play mrs bennet perfection donald sutherland play elizabeth doting yet sarcastic father perfectly set much better version set immaculate ever read book austen describes bennett home farm exactly set designers done amazing sets amazing actually liked these costumes better empire lines only thing against film type casted jane blonde honestly like know where got idea jane blonde apart really adored film recommend anyone best movies enjoyable film
IMDB_0499,imdb,film,pride prejudice light kierra knightly pleasant task new darcy actually fairly good part can understand loves southerlan part father rewritten bland original treatise marriage many reasons day daddy married lust does repect mother best friend marries practicality materially content spends lot time encouraging husband tasks remove him sister lydia marries because husband taste young girls bribed marry despoiled bride does understand bribed sister bingly both love influenced others perfect marriage man elizabeth loves loves neither care opinions others version point romance marry course dumbed down sell badly done see once going watch over over again pretty trite
IMDB_0500,imdb,film,movie many aspects far better bbc pride prejudice series costumes don give impression night dresses better group scenes ball dinner party aunt marcie good cast supporting actors rosamund pike jane bennet nice looking fresh shy brenda blethyn less hysteric version bennet enjoyable tom hollander performance splendid having said much must admit didn like movie even half much liked bbc version lacked magical thing makes your heart beats faster quite big accusation romantic movie don think
IMDB_0501,imdb,film,donald sutherland mrs bennet brenda blethyn daughters elizabeth keira knightley mary talulah riley jane rosamund pike lydia jena malone kitty carey mulligan like marry off daughters since land bound inherited bennet cousin collins wealthy bachelor charles bingley sister caroline kelly reilly friend darcy matthew macfadyen introduced dance elizabeth tries interact darcy turns rather cold collins comes expecting eldest jane engaged mrs bennet suggests elizabeth instead handsome charming lieutenant wickham ugly tale darcy pride prejudice remakes time better most great cast top bottom led beautifully feisty keira knightley isn weak spot cast keeps focus elizabeth love life emotions think great movie interpretation
IMDB_0502,imdb,film,whole think harry potter saga disappointment fans books now being corrected producers latest instalement harry potter series acting now above average level story line much better managed keep action bits loose bores without damaging main plot daniel radcliffe made good effort time usual rupert grint emma watson usual excellent selves although some famous actors got bit short straw most them easily recognised performance wasn impressed book however film version made whole story line much clearer
IMDB_0503,imdb,film,seen photos movie newest give low points because utter lack regard period costumes regency england jane austen amused reminds laughingly mgm version starred greer garson laurence olivier film companies getting regancy england terribly wrong sure acting marvelous cast stellar lack true regency period infuriates too many times glitz kitch take over surroundings suffer because others taken jane austen made true take emma thompson instance got characters surroundings costumes right filmdom take lesson miss thompson sense sensibility well pride prejudice starred colin firth darcy persuasion amanda root anne elliot think prefer television mini series version complete story costuming true vision time television
IMDB_0504,imdb,film,rare century english romance does pervert story slow unendurable long shots empty countryside indeed every shot film serves narrative furthers either story character others noted acting flawless nobody here over acts drama impale viewer twists turns meanings donald sutherland especially subtle delight father five unmarried woman husband coarse driven wife role darcy believe well nuanced delivered see him fresh light after film need comment photography camera work especially final shot ballroom long single take apparently intended master shot used establishing group takes really nicely done through doorways over around dancers partiers mention state camera angles movements never intrude luhrmann moulin rouge simply meticulously planned executed rankle color timing least recent dvd oddly set colors bright looking bit like paint numbers set reminiscent turner televisions coloring old black white movies believe turner dropped odious idea yes cried huge smiles end
IMDB_0505,imdb,film,film refreshing brings life book previous bbc adaptations good lack emotions kierra fine performance really believe these people falling love collins great too surprised good expected come standard bbc version way film deals time element took bbc some hours achieve well managed intense scenes being inter spaced visual clues show passage time move plot between key scenes photography magnificent early morning mist final scene allowing focus actors scenery
IMDB_0506,imdb,film,adaptation iconic pride prejudice jane austen does fantastic job capturing world being created novel overshadows other adaptations good reason chaos bennet contrasted stillness correctness pemberley netherfields rosings perfectly displays time period difference social classes actors chosen respective roles fantastic job portraying bringing life wittiness humor book
IMDB_0507,imdb,film,movie great underlying mystery love marrying money felt parts missing closely parallel novel like example evolving love between darcy elizabeth many key differences case read novel before watching movie glad going back differences between novel movie time aspect while reading slow many sharp turns until end movie felt thing after another happening made seem like being rushed other rushing movie good believe lot love both movie novel
IMDB_0508,imdb,film,spoilersi never read book pride prejudice understand story class distinction movie movie centers bennett family mother desperate get daughter married away terrible life poverty appears await single ones movie however proceeds show strength elizabeth darcy bucking system until gets really wants wants difficult because person wants richer side society issue poorer people actually family around him issue elizabeth spurns darcy proposes lets him know prejudice pride class struggle gotten way happiness miraculously changes ways giving elizabeth mother wants does get wants wants finally agrees darcy proposal marries giving happy logical ending real happy logical reality class issue prevented marriage
IMDB_0509,imdb,film,loved scene much darcy rushed house early winter dawn tell again feelings changed only little hope longed happening kisses end felt myself drawn endless love affection between them wish day find own darcy like amiable charming express endless attachment like charming women read watch books movies read lots books hope can read write meet own romance delightful story always inspire truly gentlemen world need best myself first enjoyed lot version long beautiful scenes since beginning kind love story always save bad day
IMDB_0510,imdb,film,despite much disliked messy contrived atonement always little intrigued giving joe wright pride prejudice chance never read novel thought interesting introduction source material unfortunately although know premise struggled follow first half film having pause look details going however once got enthralled complex main plot characters even excess subplots held film back notch performances great subtle particularly two leads knightley macfadyen chemistry charm electrifying hyped cinematography great most part during some smaller scenes choice little zooms baffling takes right time period
IMDB_0511,imdb,film,course critic watcher want talk pride prejudice watched film time want love story relationship predictable like movie love behind elizabeth darcy interesting watch elizabeth prejudice darcy pride mean aesthetic film another theme beautiful picture interesting hairstyle incredible dress like movie finally said watch film
IMDB_0512,imdb,film,good movie music nice like most beautiful movie music
IMDB_0513,imdb,film,good gawd where start going give realized nothing like why angry because bbc version finest adaptations ever set celluloid like having friend besmirched first off don hire human platypus play elizabeth aka criminally overrated kiera knightly asthmatic need inhaler constant loud gasps heavy breathing need mood stabilizer lost count many times plays self lizzy peeled onions welling cue like friggin hosepipe england tropical island degrees humid don everyone hair afro mode glued face sweat grease looked like episode trailer park boys playing dress come pigs running through house house looked like pigsty wonder made beeline dark dusty depressing interior design lily munster least funny even vampire jot humor found sad sack version final kick teeth last scene where dizzy fondlling darcy naked leg wth uggghh watch version wash taste brain
IMDB_0514,imdb,film,film directed joe wright genre film melodrama starring keira knightley matthew mcfadden seconds immersed atmosphere old england poor respectable bennet family live longbourn parents concerned successfully marrying daughters arrival bingley friends neighborhood netherfield estate most opportune bennet family represented decent match any girls however simple headstrong elizabeth meets bingley friend handsome arrogant darcy serious confrontation breaks between them result can both love hate elizabeth overcome pride darcy overcome prejudice liked film melodrama atmosphere england century well conveyed cast harmoniously selected since haven read book can say good plot look picture gust movie think good everyone watch any film adaptation novel least once read too
IMDB_0515,imdb,film,adaptation jane austen iconic novel pride prejudice perfectly preserves essence original work building narrative transports plot content efficiently while maintaining book characteristic freshness atmosphere leads harmonious orchestration form content establishes can treated exemplary film adaptation scripted deborah moggach uncredited assistance actress emma thompson film follows encounters mismatches literature most famous couples vivacious elizabeth bennet keira knightley taciturn darcy matthew macfadyen mother five daughters well couple elizabeth smart irreverent young woman takes almost immediate dislike wealthy boorish fitzwilliam darcy doesn seem too impressed girl either however protagonists iconic romance long before two begin change minds each other first version pride prejudice taken screen dates since dozen works based same text most popular written austen difference version perhaps technical rigor
IMDB_0516,imdb,film,pride prejudice new drama film directed joe wright based novel same name jane austen main role played keira knightley action takes place beginning century mrs bennett five unmarried daughters small dowry mrs bennett tries marry them off far longbourne netherfield young rich bachelor charles bingley settles sister friend darcy local ball meet bennets bingley won sympathy those present good nature clearly fascinated jane heir estate collins visiting bennets soon proposes lizzie gets categorical refusal after some time collins proposes friend lizzie charlotte gladly accepts him bingley unexpectedly leaves netherfield returns london jane goes london visit relatives
IMDB_0517,imdb,film,sense sensibility jane austen literary classic adapted electronic media copious times story bennett family comprised sisters jane elizabeth mary kitty lydia course pop mum mrs bennett capricious tale sisters relentlessly seek future husbands easily titled sister act latest film version sense sensibility stars keira knightley jovial practical elizabeth matthew macfadyen stars legendary darcy wealthy snobby bachelor bumps heads eventually hearts innocent pink lizzy herself made sense sense sensibility admirable acting knightley cool magnetism donald sutherland bennett felt senseless sense sensibility atrocious acting efforts everyone else like first cooking experiment overdone director joe wright does moderately bring wright stuff adapting demanding tale big screen however plan otherwise known keira knightley experiment brought vivacity sense sensibility average
IMDB_0518,imdb,film,rendition pride prejudice worthy depiction drama finding love jane austen original novel same name heavy handed yet justified contrast between opposites film most notably mannerisms strict austere lady catherine judi dench apparent adversary elizabeth bennet keira knightley though capability being serious needed certainly moments unfettered frivolity contrast particularly between lady catherine elizabeth bennet most visually striking compares homes lady catherine dwelling exudes old stuffy aristocracy makes nice complement character bennet house other hand trashy dump pigs running rampant around property deeper layer contrast elizabeth family make effort stand apart hectic surroundings
IMDB_0519,imdb,film,pride prejudice subtle film story exuberant lightness well acclimatized where immerse ourselves time appreciate every aspect presented film such music clothes ways expressing ourselves relationship between man woman shown film mannerisms every culture time represented film art direction good well photography wonderful scenes delighted soundtrack well contextualized film characters well represented dialogues well approached brilliant love portrayed such modest way way characters express themselves eyes say love without any difficulty fear
IMDB_0520,imdb,film,favorite scene film happens drawing room netherfiled camera starts point view ends exact opposite position explores beauty whole environment architecture wonderful production design type continuous shot seams happen other scenes well throughout whole film mood wonderful capture british countryside similar sensitive way jane austin does books joe wright rather reproducing reinterprets own style imagination serene foggy mood mornings atmosphere end party rainy weather contrasting silence characters despair
IMDB_0521,imdb,film,sadly movie live expectations must admit low own bbc version mansfield park least mansfield park didn change intent humor flavor jane austen only poorly cast version pride prejudice bennett family portrayed proper social class darcy elizabeth never met darcy never fallen such low class family scenery exquisite however alone hold attention couldn look donald sutherland ask myself heck doing film jane austen fan give movie two thumbs down rent buy six hour version close book anything produced date better yet read book far superior anything ever produced
IMDB_0522,imdb,film,honestly favourite movie watched over times recommend watching
IMDB_0523,imdb,film,pride prejudice romantic drama film directed joe wright feature directorial debut based late jane austen novel same name film stars keira knightley matthew macfadyen brenda blethyn donald sutherland tom hollander rosamund pike judi dench rupert friend simon woods beautiful novel made equally beautiful film film only stunningly beautiful amazingly acted characters chosen great perfect respective characters film backed equally beautiful cinematography screenplay film great film keep glued screen locations costume looked perfect film honest opinion seems film little lengthy terms screenplay film ended much better way acting superb mentioned earlier actors aptly perfect roles none them disappoint climax ending film little elaborate overall wonderful film watch film disappoint
IMDB_0524,imdb,film,movie delightful mix wit drama romance aspects book such romantic tension lack wealth bennets exaggerated tasteful way makes movie much appealing audience many scenes artfully shot way convinces viewer movie living painting music adds feeling urging audience become totally encapsulated storyline actors actresses involved use carefully chosen physical reactions tones give window thoughts while keeping tension suspense throughout movie
IMDB_0525,imdb,film,pride prejudice good movie thought people don read pride prejudice jane austen watch film because movie same content historical book unlike now era man rarely say love feel painful sorry student like maybe know can imagine watching pride prejudice students can fully understand rank position men movie many scenes countryside scenery people must moved them can feel calm many wonderful cloth women wear beautiful people watch movie maybe attracted recommend pride prejudice students want know culture england
IMDB_0526,imdb,film,daughters impressed last scene hierarchical romance countryside scenes beautiful elegant especially whicn cover design protagnist second daughter bennet family elizabeth strong willed ironic conversely elder sister jane shy noisy younger sisters mother bit imprudent even elizabeth darcy liked each other hard see something close perspective maybe bound pride prejudice without knowing too hard discard them something only protect myself gain anything those disturb discard absolutely can see everything new perspective
IMDB_0527,imdb,film,movie seen seen movie three times every time movie new really liked music scene design movie appreciate keira knigtly role elizabeth
IMDB_0528,imdb,film,sincerely surprised production prefer jane austen novel perhaps favorite movie amazing usually watch some romantic movies most beautiful never seen surprised choice actors because don really like keira knightley however perfect role elizabeth fond alchemy between darcy elizabeth made together spite pride like thank jane austen because thanks movie boyfriend less marital problems argue less better our future congratulations
IMDB_0529,imdb,film,watched time favorite period romances dances pride prejudice solid performance keira knightley pirates carribbean elizabeth bennet rosamund pike die another day jane bennet tom hollander gosford park william collins carey mulligan doctor kitty bennet jena malone donnie darko lydia bennet matthew macfadyen spooks darcy donald sutherland italian job bennet dame judi dench goldeneye lady catherine bourgh film touching romance thrilling dramatic way brilliant story passing opportunities given amazing production design sarah greenwood governess screenplay deborah moggach close relations costume design jacqueline durran vera drake direction joe wright hanna truly best both both joe wright keira knightley
IMDB_0530,imdb,film,jane austen novel pride prejudice brought screen several times far unfortunately seen any adaptations except made joe wright recently state clearly going compare anything else rather treat separate work therefore went see judge film consistent novel changes content went see film hoping find some true art modern film genre disappointed say frankly spite criticism movie received wright film pleasure watch because got something artistic same time realistic throughout these two always pairs course although some scenes may seem chaotic some content particularly interesting get involved watching till end must state here pride prejudice perfectly shows reality england time number moments clearly see lives different people fears struggles dreams hopes mrs bennet brenda blethyn wants daughters get married rich men future can safe stable such viewpoint seems dated nowadays parents thought children marriages time plot filled humor film order make content vague sluggish goodness everybody behave naturally said mrs bennet unexpected visit bingley darcy another serious matter emphasized film clash between viewpoints people different upbringing social status conversation between lady catherine bourg judi dench elizabeth bennet keira knightley perfectly proves consider moment same time artistic pictures embedded many realistic scenes
IMDB_0531,imdb,film,admit slight bias having watched version loving watched several versions same movie before emma jane eyre liked them main concern movie length makers true book still fit shorter feature wanted watch other reason find think only redeeming quality found entire movie actors same ages characters portrayed unlike version didn care matthew mcfayden darcy thought spoke too fast unconvincing while sure wonderful actor don think good part him kiera knightly didn spark lizzie portrayal bit lifeless didn even want them get together end makers glossed over many parts probably fit shorter time frame really felt shortchanged particular version even judi dench
IMDB_0532,imdb,film,particularly mundane problems upper class can enveloping dialogue story characters rich other few odd camera choices show some over excited pan esque tendencies wright direction sets peaceful almost ozu like tone grounds melodrama beautifully
IMDB_0533,imdb,film,screamed head held onto heart darcy confessed lizzy movie watched other versions really turned teenager fan girl keep imagining myself living such idyllic time meeting such noble look eyes say surely know everything haha well too honest
IMDB_0534,imdb,film,only watched version avoided watching because thought only ever darcy age swooned over colin firth diving pond wrong version pure delight beginning end lavish way depicts times beautiful costumes houses stunning countryside crammed excellent actors familiar became familiar later years loved vera mrs bennett kelly reilly performance caroline bingley far cry beth duttondonald sutherland perfectly cast bennett rosamund pike believable beautiful jane notion only darcy totally blown away chemistry between kiera knightly matthew macfadyen almost palpable beautiful love story told well belong before watch again
IMDB_0535,imdb,film,movie well made time great job capturing essence time period casting movie spectacular showed standard beauty era slow burn between darcy elizabeth bennet kept engaged movie whole time saying does mean other storylines other bennet sister boring hold attention well elizabeth because really like darcy character because most developed storyline either way really enjoyed movie love watch again
IMDB_0536,imdb,film,don like movie much maybe too fastidious opinion leading actress beautiful enough darcy handsome enough either many people might disagree these comments ruthlessly made these two think those seen famous version pride prejudice agree cast version truly masterpiece convincing needless say cast supporting roles even worse version especially jane bingley acting problem movie elizabeth lacked natural grace immature new version darcy adopted mien coldness both too deliberately indifferently too many photographing gimmicks picture tired end might pity happened seen older version before new version because latter completely overshadowed former moreover jane austen novel script movie accordingly course witty engaging unfortunately people seldom laugh twice same joke dance scene most delightful part jane austen movies like saw immeasurable pleasure emma however
IMDB_0537,imdb,film,originally came watch movie admire keira accidentally got hooked story characters always sucker historical dramas stunned amazing cinematography well written plot keira characters might most likeable ones cinema great performance
IMDB_0538,imdb,film,watched year old daughter great time laughed lot mostly same things found entertaining frivolous less faithful version little sense social repression time supposedly set some incongruities bit difficult funny some good performances tom hollander collins stood both sheer comic value found ourselves rewinding bits inevitably meet criticism some austen fans niche probably only watch again under similar circumstances happily
IMDB_0539,imdb,film,pride prejudice like other romance period piece able capture spirit romance meaning true love despite odds two people complement each other deep chemistry able come together happiness well crafted extraordinary cast able bring characters life every scene filled passion emotion creating deep emotional connection between audience characters fan adaptation notebook nicholas sparks sure love film pride prejudice deep romance full heart soul portrays meaning life long love
IMDB_0540,imdb,film,see joe wright filmography director fairly short apart atonement made few historical mini series first feature film keeps things going brisk enough pace ballroom dances mostly done well although camera doesn move much acting ranges good mediocre didn expect much keira knightley surprised some spirited exchanges darcy matthew macfadyen looks little defeated demands part following two magnetic actors lawrence olivier colin firth cannot match them charisma donald sutherland shows commitment bennet lazy performance charlotte lucas played claudie blakley makes believe desperation two hours fairly well spent
IMDB_0541,imdb,film,amazing cast brought life timeless classic keira knightley especially amazing portrayal lizzie bennett loved movement camera various scenes captured beautifully favourite other keira donald sutherland comforting presence throughout movie story seemed fast paced times surely justice most obviously loved story jane austen adaptation screen marvelous expected decided rating actors story screenplay direction cinematography art set make costume total
IMDB_0542,imdb,film,keira knightly matthew mcfayden star couple overcomes many obstacles before getting together rich dowry sisters need husbands rosamund pike simon woods initial connection jena malone runs off rupert friend carey mulligan talulah riley don boyfriends brenda blethyn plays mother donald sutherland plays father judy dench misses mark coming too strong needed play part lighter take austen wrote marriage between unequal partners rare fiction needs touch fantasy other problem music score oppressive constant lightness course even these two faults film tops
IMDB_0543,imdb,film,beautiful beautiful love story beautiful main characters beautiful images beautiful scenery many adapted screenplays become bumpy rough focusing too much shortening events original version however wright moggach really focus few important episodes building love story between darcy elizabeth bennet elaborate them images music serene open field sunset bennet cottage life graceful pemberley estate lively festive balls people costumes hair these images pictured reading pride prejudice movie realize them screen exquisite hoped most importantly pride prejudice epitome romance movies makes heart flutter sting eye contact hand gesture classic possible because flawless performance knightley macfadyen macfadyen can talk eyes conveying every emotion without talking
IMDB_0544,imdb,film,best way can describe movie like chicken soup warm cozy cold day doesn really much lasting substance own don get wrong love jane austin much next person means good movie don like much after viewing three times think can finally explain why before begin pride prejudice jane austin most famous work good reason witty analytical thoughtful inevitable hollywood make adaptation like make mistake review solely based particular adaptation pride prejudice itself now think rubs wrong way most movie too pretty yes may seem bit odd
IMDB_0545,imdb,film,pride prejudice wonderful movie favorite movie story beautiful love beautiful pure love many beautiful shots small detailing unnoticed first watching
IMDB_0546,imdb,film,first taste famous novel pride prejudice really didn know expect wasn thrilled definitely enjoyable watch knightley easily best part movie dench sutherland macfadyen great moments throughout found mother incredibly annoying unwatchable wouldn agree tag line greatest love story time like chemistry between actors movie really got thinking lucky involved any traditions arranged marriage cant believe people through back movie good watch matter side note score main theme movie constantly reminded craig armstrong love actually theme food thought anyways recommend film satisfying period piece
IMDB_0547,imdb,film,pride prejudice well made movie good production qualities nice settings though camera hue somewhat gray taste prefer filter true colors movie seems good adaptation though confess never having read book better thought read some negative reviews recommend film especially like genre give rating story never favorites some reason
IMDB_0548,imdb,film,austen fan must admit really expecting great deal film right low expectations big problems adaptation time film absolutely races along trying cover main plot devices dialogue made head whirl characters push lines dead race finish line little emotion connection material many characters woefully miscast kiera knightly eliza ever thought good idea pitches entire role same note wincingly bad places seems collagen injections top lip lopsided effect distracting mathew mcf terrific father den awful role really little chemistry between two even clever device empty ballroom couldn cover lack spark these two most other characters poorly cast even though appreciated effort make younger sisters look ages didn seem interesting notable exceptions donald sutherland judy dench actor playing charolotte lucas terrific pity didn get see them didn think much costumes hairstyles either hair styles particular seemed quite period few bright spots liked realistic country notes dirty backyard pigs kitchen small table grabby family members liked only effort film show slowly time must seemed pass times eliza turning swing season passed thought choice assembly rooms inspired
IMDB_0549,imdb,film,beautiful look splendid performances knightley macfayden well everyone wonderful
IMDB_0550,imdb,film,film version grown over time exactly austin austin age reason many aspects story conveyed purely cinematically occasion perhaps too intrusively scenes moved around expanded contracted film byronesque romantic stopped your quibbles joe wright direction brings aspects story love across class power evoke sensibility characters increasing tension between elizabeth reason passion bringing darcy heathcliff like quality especially happily realized transposition drawing room confession socially rationally inappropriate passion outdoor greek pavilion romantic couple literally soaked sturm und drang weather conflicting passions
IMDB_0551,imdb,film,pride prejudice drama film director joe wright starring keira knightley elizabeth bennet matthew mcfadden darcythe action takes place early century netherfield park estate following development relationship between lizzie darcy really liked movie fell love story great want get acquainted book near future assumed like movie happened every scene movie beautiful own way therefore recommend definitely watch
IMDB_0552,imdb,film,didn even expect like movie except austin great story dialogue really well done removed star minor faults like abrupt ending donald sutherland painfully white teeth otherwise favorite movies didn particularly enjoy bbc version because acting rigid insipid conversation style unnatural truer book sure greatly reduced enjoyment movie softens bit version feels human enabled actors better job keira knightley good portraying elizabeth lively fun loving nonsense young woman book elizabeth says herself often edge socially acceptable even smart rather stupid ways like younger sisters knightly does better ehle series keeps vague smile almost time barely changes expression macfadyen sacrifices bit darcy cold aloofness favor showing warm side fine does excellent job expressing strong emotions subtle non verbal ways scenery
IMDB_0553,imdb,film,movie heavily weighted because live successful series made however think keira knightly alright choice role because over well hard job follow show movie some humour movie made light hearted warming brenda blethyn played mrs bennet good well donald sotherland played bennet mattew mcfaden played darcey dashing darcey played part really well scenery realistic camera work excellent even though iliked can see being popular harry potter time because appeals restricted audience love hate movie watched movie few times over like saw cinema down side movie wasn planned original film couldn long well keep viewer entertained cut short overall good movie
IMDB_0554,imdb,film,latest version delights cinematography beautiful cast without inherent flaws loved book many years now cannot wholeheartedly consent vision jane austen especially since many people try take shortcut learning book through visual medium therefore imperative give warning book totality doubt casting does give minutest portrayal looks beyond tall short pretty simple fat thin etc may take liberties want better information exception collins much too short suit book perhaps clumsiness floor downplayed because being short easily ignored because reality fiction tall man obviously absurd hence director loses physical advantage outset darcy mrs bennet much too apologetic euphemise character flaws quite essence story darcy reserved taciturn suit title other ways quite apt though need explain mercenary attitude towards daughters idea both amusing practical intelligent audience able appreciate both angles seen explaining rationale methods thinking unnecessary goes against character takes away absurdity pity liked openly vivacious portrayal lizzy sans blatant rudeness towards mother only part elizabeth sweet temperament respect mother least parent quite useless weapon face mother total disregard anything sensible subtle lizzy affected darcy criticism looks sooner laughed absurd directness superior scorn such sensitive matter here looks hurt takes revenge trait elizabeth scenes delight same know book says most preposterous presumptuous outrageous basically unacceptable total lack respect sort language prevalent period simply excuse liberty since does find place movie even totally miscalculated attempt some crass humour can imagine anyone finding funny even familiar lines book too anachronistic evoke anything disgust unnecessary interchange dialogues between characters good writer ample reason choosing characters say certain dialogues mostly keeping character using same keeping everyone scene conversation hardly good direction plus side confrontations between leads interesting passionate though like everyone else disappointed way ends seem fizzle reaches climax like other elements life heartwarming see portrayal mary relative insignificance household affairs lydia frank uncensored manners conversations kitty impressionable sensitive airs sisters perhaps even better keira knightley lizzy jane best most honestly portrayed pretty sweet
IMDB_0555,imdb,film,fairness difficult adequately display richness jane austen pride prejudice two hour less film everything seems rushed clipped version may somewhat forgiven cannot forgive set costume designs dull sloppy depressed only way can describe them assembly dance most women look hadn washed hair weeks dresses entirely correct period screenplay adaption strayed too far jane austen style use language caused cringe worthy moments several occasions swear keira knightley attempted emulate jennifer ehle performance mini series version overall tolerable lacked many qualities available version adapted king austen adaptations andrew davies starred colin firth jennifer ehle liked version story adore mini series
IMDB_0556,imdb,film,bet movie become those love hate films now lost under weight mathew macfadyen starry eyed fandom don get wrong here think brilliant actor gorgeous boot isn brilliant pride prejudice still near top favourite things list like things list favourite movies list say strikes perfect balance between original text contemporary telling chemistry among actors particularly between two leads makes movie joy watch cinematography ingenious gorgeous costumes simply lovely look messy hair refreshing modern take only sour note donald sutherland teeth couldn something done make them less creepily perfect england century folks anyway response movie seems purely based looks well yes isn key characteristic medium movies look like movies pull visually does spades
IMDB_0557,imdb,film,why movie ever made mini series definitive version only anybody ever needs see version made cross between some sort modern chick flick some often rather dubious period costumes thrown melodramatic version bronte novel caroline bingley outfits ridiculous mention bingley hair style darcy boring dull completely unconvincing donald sutherland completely miscast bennet bennet sisters remind march girls little women constant irritating giggling silliness chemistry between darcy elizabeth non existent keira good actress might almost able carry role off hadn already well done jennifer ehle unfortunately good actors pride prejudice don get wrong most them good suffer truly dreadful script maybe purist book incredibly well written why bother change subtlety most wit humour missing making film adaptation arguably best book ever written nothing mildly enjoyable rom com good points film judi dench great although too obvious role locations fantastic unfortunately writers tried cathy heathcliff look darcy elizabeth lots dramatic scenery sudden downpours austen style totally unnecessary overall provided haven seen mini series read book probably find mildly amusing slightly dull way spend two hours any purists stick book original version won missing anything special going see sorry scathing anything austen related truly wasn worth time money effort went making idea why reviews rating highly unless make people your money better spent buying colin firth jennifer ehle version dvd
IMDB_0558,imdb,film,every dreams fairy tail romance movie helps live really unconventional way movie set england where mrs bennet worried finding suitors daughters especially elizabeth little plainer looking enters darcy stoic nature really don give damn attitude thjd movie makes care character after great judgements towards elizabeth family mathew mcfadyen plays darcy perfection elizabeth bennet played kiera knightly really meant looks eyes giggles though little criticism can made kiera knightly much prettier elizabeth bennet suppose however chemistry between kiera keeps hooked movie revolutionary step towards female representation hollywood movie perfect people crave passionate romance adults young adults teenagers urge rewatch time time
IMDB_0559,imdb,film,pride prejudice movie best movie ever seen really awesome movie great novel really love love prejudice darcy character lets elizabeth hates him first found wrong kind some problem talk strangers people doesn know them elizabeth found herself fall love him day after day till came marriage proposal refused first get involved relationship darcy finally appear totally love body soul darcy tried get respect helping sisters problems came best scenes movie telling feeling doesn change since april really love heart impressive movie
IMDB_0560,imdb,film,title says apparently review too short extend saying acting superb costumes superb salient points novel present
IMDB_0561,imdb,film,film based novel same name jane austen work published still remains most popular novels despite some discrepancies between book script favorite films can review many times director managed convey charm time atmosphere balls sophistication ladies stately gentlemen especially possible convey those complex relationships occur between main characters
IMDB_0562,imdb,film,like period pieces much next guy even though most influential books female author time yadda yadda movie rather bland kiera knightley only real saving grace because adorable delightful donald sutherland only ones seem put any effort characters rest stereotypical note roles liked reading book high school honestly nothing special watched first came since released right around time read even another viewing only seems decent sets shots scenery still much justice period piece might take fancy them
IMDB_0563,imdb,film,romantic costume drama set early century rural england follows modestly well off family five marriageable daughters mainly follows romantic lives two oldest daughters bennett donald sutherland older gentleman married years somewhat younger mrs bennett brenda blethyn erratic loquacious focused entirely finding suitable financially stable husbands daughters because family property must male heir currently pompous young minister collins tom hollander jane rosamund pike oldest daughter attractive optimistic passive spirit elizabeth keira knightley lovely spirited intelligent gifted quick tongue mary talulah riley outgoing kitty carey mulligan practically invisible lydia jena malone flirtatious lacks judgment wealthy member upper class charles bingley simon woods rents estate next door sister caroline kelly reilly best friend darcy matthew macfadyen darcy aunt insufferable upper class nob lady catherine bourgh judi dench pride prejudice follows ebb flow relationships especially between jane charles elizabeth darcy
IMDB_0564,imdb,film,enjoy version austen work liked senior bennett showed affection another minus eye rolling passive aggressive behavior bennett showed verizon only criticism afraid our dear lizzie collar bones going burst through skin cut other character down couldn take eyes off them during movie wanted feed until longer looked malnourished those poor children africa
IMDB_0565,imdb,film,joe wright direction film brilliant done amazing job interpreting story realistic relatable way watched film number times every time see impressed countless touches large small wright captures essence feeling expression makes moment memorable brilliant acting every member cast although sort wished little mary guess supposed shrinking violet family music amazingly powerful heart bridging story definitely worthy sequel any jane austen type authors willing create worthy screen script wish thank members production truly enjoyable film
IMDB_0566,imdb,film,think read teenager english assignment old english way speaking kind hard understand formal each other two main characters misunderstand each other because aloofness arrogance darcy some bad experiences brings them judges girls family elizabeth quick misjudge darcy without giving him chance explain himself don speak openly eac other nearly miss chance together realize deeper feelings each other sweet love story light todays openness sometimes hard understand lucky darcy determine correct errors approach second time rewatched sweet
IMDB_0567,imdb,film,worst version pride prejudice ever seen seen every them including bride prejudice much better dialogue isn book obvious bad filmmakers attempt use something book ruin subtlety wit missing many great characters eliminated scenes abbreviated don waste your time rent version colin firth jennifer ehle read book many times nothing ever captured way version reason why version talked much fact watch read both bridget jones books many amusing references film colin firth
IMDB_0568,imdb,film,love acting movie main character brilliant
IMDB_0569,imdb,film,pride prejudice counted literary classics british literature good reason story built premises social class pride love movie follows paths elizabeth jane bennett journey find looking along way two befallen faults resulting sadness sense uncertainty chances ever deserving want tale love woe certain wrongs righted rash words forgiven fore can compare love these girls deserve love offer true story can watch ending compared greatest love stories history
IMDB_0570,imdb,film,can say anything horrible adaptation fact good read book wonderful luck seen bbc version elizabeth ehle colin firth underwhelmed must since only acceptable hour version story too complex truncated down point must say pretty well edited form two appearances wickham lady catherine bourgh doesn receive enough play climactic confrontation everybody sisters mostly irrelevant mrs bennet does hold portrayal alison steadman furthermore chemistry between knightley macfadyen doesn begin approach ehle firth among other issues production company known getting after can stand heat stay kitchen plus side beautifully photographed excellent cinematography owe someone nickel because keira knightley can act
IMDB_0571,imdb,film,pride prejudice succeeded where many failed invigorating work jane austen taking modern contemporary flair film period piece subtly modern characteristics gives freshness vitality yes roundabout circumlocutory dialogue typical older times approached sufficient wit charm makes utterly bewitching film especially last minutes beautifully shot english countryside never looked bright vibrant interesting uses colour cinematography present lead performances exquisite macfayden plays darcy well outwardly unfeeling though complex character prefers hide emotions shyness under veil arrogance trait some extent possess course real star here keira knightley outstanding fiercely independent knowing wants though ultimately excess boldness causes misjudge darcy badly pride prejudice probably favourite period piece buoyed witty script yet anchored wonderful performances
IMDB_0572,imdb,film,loved movie much jane austen mega fan movie satisfied daily jane austin fill characters course being creations late goddess jane austin perfect exhibitions respective personalities only flaw fact mortal people try play immortal characters actors best however jane austen mega fan only imagine much better movie only austen play every character guy can dream guess now mention straight thanks jane austins briliant writing only wish darcy strong arms like described although actor handsome austen described him pretty good mortal representation only major complaint movie occasionally departed austen immortal writing can only imagine audacity director felt think knew masterpiece better jane austen like three year old painting stupid looking house family over mona lisa although fair intellectual capacity some random director compared pseudo omnificent brain jane austen comparable difference between three year olds parents misguiding understandable overall give movie
IMDB_0573,imdb,film,felt movie quite forcibly rushed pressed current run time even some lines hurried characters own unrestlessness justified eventual discontinuousness storyline made feel instead watching collection deleted scenes got axed nonetheless addition repeating already knew story provide some new fresh angles kept things remotely interesting
IMDB_0574,imdb,film,read book forgot many best lines lifted straight source movie testament things still draw book years after written wit subtlety charm brought life good ass acting irrepressibly smiling love much bennett parents especially engaging get every time movie came middle school watch once year might start reading book again once year now too scenes without last too cheesy
IMDB_0575,imdb,film,pride prejudice immortal classic warm cozy movie actors perfectly perform roles conveying emotions characters understandable without words authors film adaptation managed preserve convey atmosphere jane austen created work pride prejudice film can watched reviewed can recommended main thing film adaptation does spoil impression book often happens cinema delighted picture much plot shortened inaccuracies interior costumes manners feature film historical film film adaptation exactly repeat book film leave room flight fancy pride prejudice such movie
IMDB_0576,imdb,film,movie top looks incredible chemistry unmatched totally slow burn affection emotions eyes dialogues perfect yeah quite rushed never hear never read original probably won understand thoroughly your first watch engaged movie enough look context actually prefer version over previous remakes
IMDB_0577,imdb,film,joe wright director new adaptation pride prejudice brave man indeed right minds even attempt compete bbc serialisation anyone improve colin firth jennifer ehle screenplay andrew davies well pleased report wright assembled cast dome pretty fine job wisely chose approach story new way rejecting rather hackneyed stiff regency attitudes favour down home grubby feel actually lends itself rather well story especially gives credence darcy initially reluctant proposal performances excellent too even erstwhile rather dubious knightley manages convincing portrayal feisty elizabeth matthew macfadyen brings intriguing vulnerability darcy complaint probably dumbing down jane austen dialogue inevitable sacrifice today focus group dominated society still courtesy interestingly fresh approach fine performances especially key supporting roles like collins ever brilliant tom hollander mrs bennett brenda blethin far restrained sympathetic portrayal screeching alison steadman forced endure some lovely cinematography say movie certainly hold comparison nation darling mini series
IMDB_0578,imdb,film,can help feel sorry poor old bennet donald sutherland drama married domineering wife brenda blethyn five yes five daughters upper middle class gentile well problem laws inheritance insist upon death home shall pass distance cousin important girls make best way life themselves can might simpler beautiful jane rosamund pike others well girlish kitty carey mulligan tomboyish lydia jena malone studious mary talulah riley independently minded elizabeth keira knightley last likely prove most problematic intention marrying local cleric collins tom hollander some drippy soldier like wickham rupert friend indeed only manages stay right side good manners supper imperious lady catherine dame judi dench surprised youthful fortitude character ever though jane austin degree inevitability denouement introduced equally strong willed darcy matthew macfadyen know dancing around each other sparring strops tantrums spark whether spark manifests itself true love purpose story along way production designer costumers filled boots film oozes stately homes fine costumes writing enlivens almost everyone especially form blethyn whilst dames judi penelope wilton bring some gravitas offset engaging effort knightley role almost written engaging performance here darcy role amiably enough played role isn really important substance dashing eye candiness factor supposed hearts fluttering dario marianelli written score complements story almost perfectly though think bit too long
IMDB_0579,imdb,film,art barely seen preview pride prejudice opportunity came see sneak preview let pass coming film admired keira knightley work bend like beckham pirates caribbean love actually interested seeing portrayal elizabeth bennett disappointed baffles actress only twenty see played padme decoy queen decoy phantom menace said aha lower half face does resemble portman back film wondered producers director writer splice novel two hours earnestly thoughtfully chuckle inside joke costumes
IMDB_0580,imdb,film,keira knightley performance revelation whilst obviously extremely pretty animated lively young enough bring off freshness lizzies character thought matthew macfadyen great role thoughtful enough melting gradually throughout film man declares love passionately end always thought wet shirt scene version wildly overrated jane austenish passionate looks buttoned emotions much keeping book macfadyen gives intelligent performance some great moments such sister says lizzie told good piano corrects quite good said quite good setting fresh realistic much less uptight previous versions real mud lots animals untidy rooms great feel period set much less picture postcard over two hours longer wickham done justice darcys letter lizzies time pemberley lizzies growing impatience get darcy own end book gets increasingly desperate able speak him adds growing tension mist scene end raised laugh cinema whilst say both actors looked great once matthew macfadyen started talking forgot contrived
IMDB_0581,imdb,film,here another pride prejudice adaptation novel around block many times even popular indian cinema film makers amongst british film industry put own spin things little episode being bride prejudice particular film came mere year before joe wright period romp debut take things jane austen novel obviously deemed director pretty good place start off coming man made some shorts done some television work here gets play amidst big fish taking relatively large well known cast lot money let loose amongst some top quality locales shame result here think wright identified best approach least mind debut take someone else subject matter text bring life way deem worthy safe choice fair wright brings text life string attractive camera angles shots drifting vast georgian england rooms see mise scene most occasions drip off screen wowing locations sets ooze authentic appetiser wright following film atonement actually something actually contains pinch emotion complete connection characters whenever someone comes states pride prejudice better atonement swiftly correct them film updating decades old tale century whether good thing still debate bennett sisters jane pike elizabeth knightley mary riley catherine mulligan lydia malone growing much delight unnamed mother played brenda blethyn father played slightly miscast donald sutherland job pop every now again offer advice daughters sort jiminy cricket role despite these characters big overall family only elizabeth given much attention only really interested don like initial sense these five girls grabs some girls rush relationships some get burnt process disappearing becoming confused whereas elizabeth conservative adopts mature stance sense wishes wait while longer true love sensation overall theme coming age mistake might make first impressions clear elizabeth initially dislikes certain darcy macfadyen along way learn mature before realising certain things first appear lying said don let off odd yawn during pride prejudice tale women love perspective women perspective being key word sentence guess easy thing say correct audience aimed wright second most recent film
IMDB_0582,imdb,film,reviewers here rave version made bbc version made starred elizabeth garvie elizabeth susan bbc version far best four movie versions book script written fay weldon followed book cast superb version recently released dvd want see pride prejudice get version never think colin firth again script written aldous huxley yes aldous huxley lively abridgment story costumes acting etc left lot desired hollywood chic remake sell lot copies thanks reputation jane austen word get around atrocity history
IMDB_0583,imdb,film,love movie loved book love interpretation love keira knightley performance director captured raw emotion film suggest any movie watcher loves traditional conservative romance movie rent notebook watch hundred times over most definitely must see rather sit watch movie see theaters times made friends watch movie loved movie person loves watch grey anatomy becoming jane pride prejudice author wonderful movie
IMDB_0584,imdb,film,interested watching movie watched bbc version loved thought nothing new add must say surprised sister blackmailed going cinema never grateful gone lovely picture simply lovely even forgot young everyone scenery like nothing expected finally understood why bennett family equal others difference circumstances well brought decided getting dvd superb those love good love story rent buy dvd felt like understood darcy bennets better
IMDB_0585,imdb,film,opinion best romantic movie seen since notebook read book found confusing luckily time finished movie come ventured watch amazed while still difficult understand some parts loved every minute found myself crying end although know found sad movie little long obviously needed order fit every beautifully crafted moment change thing wish sensuality believe movie romantic must some physical contact convince suppose because rating done convince see movie perhaps read book disappointed neither
IMDB_0586,imdb,film,sometimes last person earth want person can withoutit truth universally acknowledged blockbuster film large budget must want some dumbing down witnessed tremendously altered version pride prejudice transformed novel imagine changed suit wider audience few hundred single women time target audience mtv generation ill advised changes focused mainly language darcy character certain never allowed him invitation dance reply can help truly proud character know love along lizzie pride darcy prejudice cannot imagine better suited couple cast keira knightly matthew macfadyen screen chemistry made film irresistible watch another successful choice cast jane bennet rosamund pike radiant beauty rightfully outshone sister lizzie whose beauty tolerable unfortunately choice bennet unfathomable donald sutherland delivery role lacking any subtle british humour permeates austen work come expect dame judi dench rolled another matriarchal performance lady catherine bourgh occasion failed steal any scenes youthful cast any character likely steal show miss knightly well great british countryside never derbyshire looked enticingly romantic meanwhile rustic bennet farmhouse provided startling contrast darcy majestic pemberly something wanting previous productions perhaps favourite scene darcy finally professes love benefited dramatic use good old british rainstorm rounds film greater sum parts while film flawed jane austen tale bears retelling joe wright pulled off first feature film wait see lessons learnt next film atonement another adaptation time modern classic
IMDB_0587,imdb,film,never read book movie based inspired read love good romantic movie love every time see matthew macfadyen excellent darcy great chemistry keira knightley film wouldn great anyone else played lead roles keira knightley perfect elizabeth bennet really brings life romantic tension between darcy elizabeth bennet really captured attention film couldn wait see ever follow hearts matthew macfadyen charming despite fact character seems timid unhappy movie perfect fans love stories see
IMDB_0588,imdb,film,despite cast performances didn really care version bbc production time favourite set bar high followed sure bettered anyway like many actors donald sutherland though like him lot didn quite fit bill watch series repeated usually once year know absolutely true book hard anything match doesn hurt favourite austen works closely followed sense sensibility even though really too old part love emma thompson version best seen many versions pride prejudice varying quality version probably ranks absolute bottom dreadful version makes cringe only stand minutes last time took look like olivier much quite fond greer garson really dire completely understand others rate much higher preference
IMDB_0589,imdb,film,can say already said nothing against actors talent dedication question depiction bennet family indeed lead characters disappointing disconnected generally accepted appropriate time colin firth darcy acceptable even attractive alternative olivier impeccable presentation sorry say darcy elizabeth flimsy inadequate placeholders neither attractive nor believable representatives romantic duo austen creation finally seems impossible lady catherine burgh descend upon bennets middle night expect entertained ridiculous
IMDB_0590,imdb,film,personal favorite year far because big fan jane austin delicacy vividness within film female tone sensitivity express relationships among family friends acquaintances man woman most memorable shots lizzy sitting wheel tire wondering wrong happening far family welfare never occurred important issue since independent mind free woman somehow circling watching world around world falling down well established philosophy own corrupting best friend charlotte came toward intruder mind bomb exploded still cannot help free herself own stubbornness second shock darcy told feelings scene raining deserted house darcy found shocked truths state never offended such pride man angry filled mind fought back sudden pose meanest words him after leaving elizabeth sighed found herself lonelier ever highlight arranged end film betsy questioned lady catherine middle night
IMDB_0591,imdb,film,can feel daunted task taking two hour chamber dramedy manners where focus excitement tends fall character chance heart next chance wardrobe common enough see such project lots entrances exits bowing curtsying giggling girls stiff men overgrown sideburns lead actress obviously too old night interior light coming fireplace illuminates room little too evenly mind consistently surprised version jane austen novel dialog reliant tale romantic misunderstanding class relations made film faithful least spirit refreshing presentation casting key bennett family center story wonderful example itself ensemble acting works mix seasoned professionals new faces though mostly former wonderful chemistry between them kiera knightly portrayal lizzie central character marvelous knightly talented achingly gorgeous creature everything takes place herself both character time period
IMDB_0592,imdb,film,far favorite adaptation pride prejudice seen available versions except mormon bride prejudice movie realistic portrays unclean times back dirty gross anything don worry perhaps filmmakers went little too far case bennet house done contrast situation those darcy bingley casting excellent hesitant keira knightley first only seen couple other movies liked bend like beckham lizzy blew away portrayed arch outspoken side lizzy well sweet unoffensive nature really showed character youth matthew mcfayden darcy totally different any interpretation seen shy puppydog couldn call inaccurate lizzy really chemistry together brenda blethyn amazing mrs bennet annoying embarrassing believable over top rosamunde pike beautiful jane waiting none other janes seen even pretty lizzy some changes people might like love bingley goof caroline little meaner mary prettier
IMDB_0593,imdb,film,finally got chance watch latest version found lacking every category movie gloomy dark undertones didn capture austen beautiful story nor does compare favorably far superior bbc version starring jennifer ehle colin firth felt like watching bronte light rather anything remotely related pride prejudice producers behind production honest simply adapted bronte sister works rather butchering austen classic biggest complaints decision replace austen beautiful language inferior dialog modern terminology sounded awkward inappropriate far acting while liked macfadyen darcy thought knightly elizabeth insipid unappealing
IMDB_0594,imdb,film,saw movie last night wonderful acting sensational acting extraordinary every character seemed entirely real never read book now seen movie really want read book sometimes hard hear characters saying sometimes talked fast comprehend saying basically only reason give movie visuals stunning mean example sunsets star nights etc pulchritudinous great story highly recommend see movie best movies year
IMDB_0595,imdb,film,thought pride prejudice overall excellent film best movie seen fall season certainly better harry potter seen week before didn think any adaptation jane austen beloved book surpass hour version colin firth certainly done keira knightley truly embodied character elizabeth bennet matthew macfadyen played darcy perfect touch sensuality awkwardness couldn imagine austen lengthy love story fit mere two hour length done superbly actors well chosen comment rather goofing nature bingley film imagine him way nevertheless only contributed positively quality movie
IMDB_0596,imdb,film,excellent adaptation version surpasses bbc mini series many respects especially due well condensed format where start riveting soundtrack keeps interested throughout whole film scenery movie takes viewer memorable journey through rural england likes paradise garden eden does interact commonly urban scapes today costumes literally plunge victorian era well designed stellar acting sutherland puts best performances seen long time two older bennets being worth praise lizzie keira knightley does look pretty after lip surgery cares does great job too movie good forced overlook such trivialities jane rosamund pike truly shines subtle tones believe capable after james bond affair centre success new remake jane austen novel powerful grip piece gets viewer let forget character story idyllic doubt isn wish our own life like donald make laugh ongoing sarcasm between darcy matthew macfadyen clearly star show putting colin firth subdued interpretation drawer true achievement part
IMDB_0597,imdb,film,movie perhaps perfect saw four times four weeks always same day way knew treat waiting tuesday teach jane austen university system familiar work well film television adaptations movie better most people know colin firth mini series while understandably cannot follow facts book accurately much longer mini series much life mini series life seems translated directly book life movie delights sort beauty rich colour water light right now imagining deep water fed grass trees seem little prehistoric fantastic keira dresses eyes take through ball after turning corner rests finally keira sad face blue shadow abridged version might say pride prejudice graceful filled brim grace even deeper
IMDB_0598,imdb,film,sincere wish jane austen readers non readers miss big screen viewing joe wright pride prejudice because let themselves influenced negative comments ellen jamesian sect jane austen society particularly odious those presumptuous enough declare austen herself consider film disservice attempting discourage potential viewers manner reveals staggering conceit utter cluelessness read film power visual medium film adaptation austen classic first fully capture essence within economical efficient package two hour feature film does technically proficient way cinematography production design editing perfect physical casting excellent directing scene staging fine performances entire ensemble isolation simply best film ever made because original screenplay critics downgraded bit plus minus acknowledgment debt owns austen jane austen once said artist cannot anything slovenly joe wright film perfect least slovenly cinema history reminded film treatment georgiana darcy sister georgiana minor extremely important character book elizabeth point view observations darcy tender treatment shy little sister austen shows elizabeth first realization darcy worthy love initially disappointed georgiana only two brief appearances film reflection realized scenes staged scripted well said everything needed relationship dynamics three characters film successfully brings austen ironic insert comic here observations character manners screen title proclaims story double theme pride aristocrat prejudicing middle class heroine against him elizabeth explains father favorite scene darcy flip sides each other pride long blinded darcy efforts overcome prejudice class hers film captures critical macro element austen novel idea generous humanness can transcend motivations social class society imperfect while social order encourages foolish prides mean prejudices enables kindness
IMDB_0599,imdb,film,forgive awful lot forgive cutting characters reassigning dialog forth given enormously difficult prospect cutting down such large novel fit movie length forgive inclinations modernize take liberties historicity forgive deliberate attempt stake different take well worn classic mind wouldn forgive easily forgive thing can forgive stripping work humor sparkling wit hilarious characters make austen original shine through splendidly mini series version undeniably love most deprive them deprives interest project whereas original mrs bennett bennett collins hilarious separate ways here most decidedly problem clearly script direction actors both mrs bennett collins seem game able script direction lets them down mrs bennett clearly deliberately sabotaged make sympathetic collins simply doesn get enough screen time wax rosings lady catherine mean
IMDB_0600,imdb,film,depiction period done quite well although never really takes focus clearly story well done admired hopeless romantics like myself never read austen book dialogue both external internal obviously comes brilliant writing kiera knightly absolutely striking even dressed down role mannerism didn stray far endearing ways love actually fit character lizzy well confidence articulation held true well written dialogue matthew macfadyen caught surprise magnificent job portraying man appears arrogant different beneath surface supporting characters well cast sutherland dench blethyn well siblings blethtn quite colorful younger sisters bit silly fact sutherland really touched father daughter scene romance falls place neatly almost too neatly sniffles heard throughout theater during final scenes including mine definitely worth see big screen those still believe romance
IMDB_0601,imdb,film,compelled see movie twice within many days found myself moved beyond thought possible considering genre relative predictability ending acting screenplay casting cinematography music set costume design totality simply incandescent exactly feeling hope conclusion every movie see book read having said mention bought book sentimental rereading context intend buy dvd soundtrack become hardyheartfelt bravo involved movie production
IMDB_0602,imdb,film,never seen movie before until two nights ago friends persuaded watch ran movies first night watching decided wasn chick flick went sleep following night decided watch blew mind away right now seen movie four times cried much because thought sweetest movie ever seen jane austen incredible job masterpiece fact thinking really hard life movie sweet way portrayed modern day life exceptionally great must comment actors well job couldn even see them themselves characters anyhow see
IMDB_0603,imdb,film,although probably best known novel only previously filmed laurence olivier greer garson pride prejudice seemed miss great jane austen cycle late nineties saw filmed versions sense sensibility mansfield park persuasion two emma reason doubtless film makers feared comparisons highly popular british television adaptation makers film obviously felt memories series faded over last decade comments board suggest colin firth jennifer ehle still definitive darcy elizabeth bennet many people minds director joe wright seems quite deliberate intention giving film different look normally associated jane austen presumably order differentiate other cinema television adaptations works set decade novel written rather decade most austen adaptations set version however updated
IMDB_0604,imdb,film,pride prejudice gilmore girls take jane austen delightful much loved bbc mini series last decade didn think possible need another version adapter deborah moggach help emma thompson director joe wright shot story through adrenaline everyone lot lively throw down version being portrayed too old folks first adaptation where right age classic personified emotional people stuffed icons while too much landscape admiration opening dawn crowded bennet household immediately captured filled five noisy twittering sisters surrounded household laundry liveliness particularly noteworthy simply danced ball scenes crowded downtown dance club brimming youthful energy flirtations first adaptation seen clearly distinguishes between public private balls costumes attitudes while fully clothed modest period costumes exuberance injects awareness bodies visual subtext constant buzz serves marvelous foil extremely dour almost eeyore gloomy darcy serves emphasize social awkwardness situations where every young non snob having jolly good time surrounded much amiable guy friends think matthew macfadyen disagreeable man possibly appeal keira knightly live wire elizabeth bennet creates sudden sexual tension pouring rain first obnoxiously worded proposal builds moment charged jimmy stewart donna reed phone wonderful life later relaxed comfort own home splits screen warm smile suddenly makes viewer lizzie aware beautiful blue eyes though don get see sister startled response pre spencer hepburn competitive raillery men portrayed much sympathetically rounded previous versions benefit few guys audience dragged women lives though dad donald sutherland barely trying british accent enjoying being villain playing recently
IMDB_0605,imdb,film,after seeing film came conclusion taken same cast sets costumes etc instead making pride prejudice made wuthering heights absolutely fantastic opinion colin firth nothing worry well deserved reputation darcy isn under any threat story well done considering awful lot content get hours film cost much characterisation comedy humour sure long scenic shots elizabeth staring distance statues herself mirror meant achieve actual content instead jane austen didn bother elaborate scenic imagery film didn really need either definitely worth seeing version definitive remains bbc adaptation
IMDB_0606,imdb,film,afraid don agree joejoesan having seen both think series merits film great standalone friend both big fans series although both agree jennifer ehle colin firth miscast first because wasn feisty enough second because other roles rather wooden however series whole enjoyable film impact both felt keira brought feisty elizabeth bennett life matthew macfadyen much believable darcy actually saw emotion face heard voice course looked like suffering cold wandering around grassy meadows cold english climate doing nothing beats book course can populate characters your own interpretations like see series done keira matthew leading roles wet shirt scene please kisses series only itself end watch dvd video can see err unromantic edited think film didn need based viewing trailer probably cut before film released give happy watch film again tesoro
IMDB_0607,imdb,film,many people seem watched film view mind bbc series yardstick against renditions measured quite wrong aside form obvious flaw film being able cover much series many flaws series overcome film first thing fans series notice house bennets live far smaller bbc choice immediately establishes social standing financial position family secondly choice kira knightly isn lovely elizabeth bennet far better choice jennifer ehle because jennifer ehle too darn old kira made elizabeth bennet seem like young witty girl does think before humours where jennifer made seem old enough know better rude final usurping moment came brenda blethyn portrayal mrs bennet although may hilarious laugh character bbc series flouncing getting huff girls course screaming bennet extremely unfair character quite right knows these girls must married destitute inheritance nowhere prospect sustaining themselves late century breda blethyn turns mrs bennet bbc costume drama clown reasonable character film far surpasses original people see
IMDB_0608,imdb,film,some great movies takes time fully appreciate every aspect them joe wright pride prejudice original unique highly sophisticated remarkably beautiful keira knightley crates beautiful naturally charming original version elizabeth performance flawless love deep emotion girlish beauty combines tomboyance strength character really proved herself leading lady such young age cinematography film brilliant yes film worth seeing theater because beautifully shot see several shots country life grass mud rain animals farming see beautiful landscape sceneries lady catherine house darcy house
IMDB_0609,imdb,film,read book least times watched bbc version many times confess fast forwarding gasp through bbc version once twice craved joy beauty series lacked time movie obviously missing some quirks characters love jane austen book however certainly familiar enough material fill blanks movie created know wickhams full story therefore disturbed absence detail new version enjoyed movie found pleasant romantic escape daily grind managed sneak theatre twice see gladly again opportunity arose left movie smiling warm fuzzy feeling good enough buy comes dvd notice costco complete works jane austen leather bound making sure under christmas tree year give chance enjoy yourself
IMDB_0610,imdb,film,beautifully filmed fine attention detail subtle musical score excellent performances moving hand held camera work engaging festive ballroom scenes engages viewer lighting exceptional dark candle lit interiors brightness full sun lighting oscar worthy really brings reality century england closer reality imagination film somewhat different interpretation previous versions classic novel keira knightley smile engaging matthew macfadyen performance darcy brooding understated manages convey depth feelings commend direction joe wright english countryside looks lovely usual judy dench good presence every period english movie beginning seem bit enjoyed movie beginning end best film seen year
IMDB_0611,imdb,film,absolutely looking forward film looking forward donald sutherland brenda blethyn never heard matthew macfayden thought keira knightley never pull off well after first twenty minutes curling toes knocking knees yawning feel passion darcy charisma keira knightley always blank expression face meant character build waste money script austen must really shaking bones austen fan want watch film relive story stick mini series can buy dvd after seeing bought straight away colin firth only darcy mystery charisma sexiness huskiness can only colin firth miss bennet childish charm freshness genuine character played jennifer ehle conclusion forget paying watch version save your money popcorn tortilla crisps stay home mini series unless course sutherland fan only reason why need watch remake
IMDB_0612,imdb,film,chemistry between elizabeth bennet kiera knightley darcy matthew macfadyen amazing truly beautiful see right beginning attraction between two lovers badly wanted them together glad end seems like such fairytale watching storyline superb don think ever get bored wonderful movie highly recommend movie seen second most beautiful movie ever seen after sound music course hope remains around forever deserves excellent movie stars
IMDB_0613,imdb,film,literally laughed every time watch women bending male movie comedy funny movie thing thoroughly laughed don know why think because never seen such scene movies sure movie most wonderful movies ever saw language really great acting pure started falling love keira knightley some two days earlier saw another movie keira knightley atonement always does great keira knightley evey gave extraordinary performance greatest love story much moved move rosamund pike marvelous everyone acted like suppose act first movie provoked write comments never done before much impressed dialogs someone don like romance movie see movie love opinion movie
IMDB_0614,imdb,film,saw film evening liked really much kneightley great right beginning exactly kind elizabeth always imagined without knowing darcy needs little time spread real fascination does does properly great cast great setting wonderful dresses good balance between open sky scenes inner locations everything film lively seems happen most natural way initial dancing scenes example give idea folks having real fun quite unusual dancing scene playing upper class england end century usually much boring walked cinema feeling really good sorry english perfect hope message clear
IMDB_0615,imdb,film,adaptation amazing such great job staying true book course cut some scenes taste fully way director moved film along brilliant ball scenes make wish todays culture same dances far enjoyable only thing say against movie wickham still too likable even after viewer discovers truth though rest characters well casted encourage everyone see movie good older version collin firth need read jane austens book understand going good read want believe true love movie fghs student
IMDB_0616,imdb,film,real fan novel bbc series went theater totally expecting disappointed movie came away thinking movie good own way shorter format made accessible wider audience loved period change earlier right loved knightly elizabeth only complaint made darcy bit lovesick puppy where struggles marble statue scene thought man supposed good taste much earthier interpretation think gained lot
IMDB_0617,imdb,film,central awfulness film brainlessly carnivorous vanity knightly performance elizabeth note few shots face closely relating anyone else faces shot separately because evidently impossible act too bad elizabeth bennett supposed wise sensitive other people self absorbed portrayal here lacks these aspects watching dvd extras film apparent joe wright sort mtv kind director why film really nothing collection overblown syrupy tableaux addition despite manifest smugness screenwriter good job done every thing added does little trivialize austen intentions while taken away leaves something depth bodice ripper pulp novel other actors least competent though often misdirected caricatures
IMDB_0618,imdb,film,thought great movie hands down criticized being good series didn see might completely reliable review think recent movie holds own cinematography amazing really drawing your emotions making feel intense passion scenery book setting cast amazing yes didn portray darcy same way portrayed book still done beautifully think along same thread book read book few years before watching movie successfully brought back wishful thinking romanticism book conjures purist don mind little condensing story movie purposes love movie
IMDB_0619,imdb,film,version pride prejudice always favorite movies despite hokum due great performances laurence olivier greer garson however don generally like english themed costume dramas masterpiece theatre mode last can think liked aside roman polanski tess decidely production ang lee sense sensibility due primarily acting didn expect much only movie playing visiting peterborough new hampshire pleasantly surprised film struck aside keira knightley performance once actresses playing roles bennett sisters austen heroines age appropriate sisters even looked like sisters production found acting good satisfying thompson alan rickman tom wilkinson kate winslet
IMDB_0620,imdb,film,daughter age loved movie saw first time loved even saw again next day can wait see again soon comes home college christmas break delightful joyful movie ponderous some period movies can even costumes hairstyles overdone most actors excellent job however movie belongs keira knightley captivating wonderfully conveyed elizabeth intelligence spirit humor book darcy admiration elizabeth fine eyes often mentioned referred expression color shape keira eyes beautiful expressive hard take your own eyes off screen first thought matthew macfadyen too stiff darcy
IMDB_0621,imdb,film,film timeless read book pride prejudice jane austin high school hated thought horrible read hard age like really grasp beauty story now grown older decided give story another shot watching film mostly because keira knightly favorite actors such good display story changed mind think tag line film don know word word says sometimes hate can live without great line summary story feel young liz wonders through life trying find great love realizing man grown hate destiny
IMDB_0622,imdb,film,loved version pride prejudice cannot tell many times watched wasn sure receive new version found utterly charming beautiful watch loved took different approach many scenes version joe wright directed beautifully opening scenes where meanders through bennet house ball netherfield delight thought keira knightley made lizzie own matthew macfayden darcy brilliant wasn sure him first really grew film progressed expressive eyes rest cast delight especially donald sutherland bennet admit now seen movie twice enjoyed even second time can wait dvd
IMDB_0623,imdb,film,predictable movie something made feel say love after watched movie laughed like crazy person sweet smart romantic comedy cinematography eye catching acting brilliant led miss knighley charm mcfadyen support supporting cast made must see guys haven see bother most fact why matthew mcfadyen list actor after doing movie keira became huge star after doing why isn perfect feel good movie sure
IMDB_0624,imdb,film,although loved bbc version mainly because colin firth performance think even better earthy bennett household anxious flowsy mother crush people indolent long suffering father narrowness life cash strapped provincial backwater wonderfully well caught can totally understand why lydia desperate adventure escape why girls obsessed search husband some romance absolute imperative making good marriage communicated unsparing sharpness focus charlotte lucas announcing engagement lizzie wonderful cameo scene tartly corrects lizzie romantic notions heavy dose practicality realism goes touch our hearts warm hearted pleasure once married
IMDB_0625,imdb,film,enjoyed movie jane austen pride prejudice masterpiece plot dialog live forever director joe wright used camera imaginatively most outdoor scenes made excellent use beautiful english countryside film moves pace way characters interact seems modern happen dressed period costume deborah moggach script incorporates most dramatic set pieces memorable liners book bit like greatest hits compilation keira knightly elizabeth beautiful charismatic full life making darcy attraction easy understand matthew macfadyen darcy shy man unwilling let emotions show seems drawn lizzie confidence vitality sense fun initially appears haughty arrogant later good deeds humility wealth play part winning lizzie over darcy difficult part play macfadyen does good job donald sutherland plays bennet like stoner sense humor rosamund pike pretty jane brenda blethyn portrayal mrs bennet perhaps too sympathetic tom hollander excellent awful collins judi dench little disappointing battle axe lady catherine bourg wickham hardly makes appearance version probably enough time balance preferred five hour bbc version colin firth jennifer ehle time let characters develop focused marvelous dialog shorter compressed version first rate strong visual style came fresh without knowing story might wonder fuss
IMDB_0626,imdb,film,seen read everything done jane austen say movie makes happy know doesn quite compare colin firth version hour version comes close really weary any remake something didn really need fixing never less version still rooting end music scenery movie come together give right feel romantic story saying something because rarely ever happy music movie even movie expecting like come least respect love
IMDB_0627,imdb,film,maybe hopes jane austen adaptation too high seen trailer gives thumbs down casting director thinking none may say none actors match role again maybe expectations too high after last two much loved adaptations sense sensibility bbcs pride prejudice both these adaptions marvel definite collectors item looks like made rtv movie funny even wonder shot english countryside most scenes kind make feel dry american summer carolina even donald sutherland fine actor way matches role sorry wait shown sure sometime early next year
IMDB_0628,imdb,film,thoroughly enjoyed adaptation pride prejudice went movie having read book over years hoping enjoy plot line characters nonetheless least bit disappointed filming beautifully done first few scenes lizzy walking back home scenery lovely disparity between rich poor conveyed clearly stature homes yards music lovely acting superb interactions conflicts between darcy lizzie memorable wonderful story joy sit through like many others wish movie longer only prolong feeling left movie culminates like period romances like emma sense sensibility shakespeare love ever after little women sure enjoy pride prejudice way pig scene innocuous idea why much made ridiculous
IMDB_0629,imdb,film,movie treat start end genuine feelings embarrassment induced mere movie made realize well whole charade actually portrayed naturally based strong story ridiculous attempts desperately find suitable husbands flock century maidens poverty stricken household gradually evolves tear jerking tale indeed pride prejudice finally prevailing love romance great hails praise sounded keira knightley most subtle gestures conveys secret feelings knowing audience sucked masterpiece excellent screenplay fine outdoor shots together chirping sound birds makes gradually become immersed long gone world feudal tendencies since story told many different times outcome most surprise way told must make difference indeed rendering stands markedly superb balance between serious humorous grave light aspects story never dull steady pace eloquence elizabeth finds wonderful match keira sets new standards smart mouthedness compared previous flicks seen cast strong altogether well place them behold fearsome appearance judi dench mockery donald sutherland examples like darcy glance stiff upper lip behavior vouch trustworthiness bingley silly grin concocted enjoy
IMDB_0630,imdb,film,won try review movie write impression left simply put felt deeply affected something atmosphere something way beautiful country scenery combined awesome music almost makes fly perfect harmony artistic environment actors create effect only end century produce pride prejudice compare other movie certainly choose forrest gump though setting plot completely different same gentle humor feeling both them fills delight afraid emotional tide motion picture brings excuse seeing
IMDB_0631,imdb,film,like pride prejudice much saw three times theatres probably once before comes dvd loved movie recommend anyone loves kiera knightly matthew macfadyen bad looking either makes well worth seven dollars spend get theatres great date movie funny romantic same time well worth see cannot wait come dvd february can any sooner say see yourself see mean nothing best
IMDB_0632,imdb,film,bought after oscar buzz didn watch long time thought long boring finally watch becuase wanted something fall asleep too found myself thoroughly engaged ended falling asleep until after watched every moment end impressed seen knightley movies convinced performance best may ever really gave everything recommend anyone thinks may like may surprised easy watch get involved
IMDB_0633,imdb,film,jane austen pride prejudice voted most romantic book time latest film adaptation literary classic features keira knightley oscar nominated role elizabeth bennet strong willed heroine settle anything less love time women marry attain themselves family financial security love considered luxury put off seemingly proud wealthy obstinate darcy constantly surprises story unfolds donald sutherland plays doting father wonderfully keira radiates screen fresh hip charming romantic film way stuffy bbc period piece oscar nominated score sets graceful tone film impress surprise visual emotional moments rated good clean fun
IMDB_0634,imdb,film,came movie theater much anticipation having remembered earlier versions same title because didn see them because weren opinion memorable prior watching movie upset leading critic like movie while partner reputably greater notoriety accomplishment opinion liked movie especially keira knightley performance liz happy say recommend movie fronts take issue aspects film purposely staged among those issues writers pension make film coming knightley giving plethora liners untimely proposal
IMDB_0635,imdb,film,pride prejucie lovely english movie immaculately writtenshot acted takes jane austen century novel turns regency rom com century audience plot revolves around bennett household late century english countryside women role society other wives mothers bennet girls need husbands particularly headstrong independent elizabeth kiera knightly story charts relationship darcy matthew macfaddyen seems initially humourless unapproachable rich film opens sunrise twittering blackbirds english countryside english countryside never beautiful since far maddening crowd shot entirely location various stately homes houses kent derbyshire lincolnshire studio work other standout performances uniformly good even small roles check way tom hollander makes most every moment reverend collins centre kiera knightly illuminates screen like other actress since gwyneth paltrow first appeared emma decade ago cinematography art direction costumes exquisite best joe wright direction feels confidently cinematic look use steadcam shot capturing moments ball film lighter cinematic ang lee soporific sense sensibility got good acting charming script
IMDB_0636,imdb,film,keira knightley plain horrible elizabeth yes pretty elizabeth struck shallow silly selfish never once believed someone darcy bewitched couldn wait movie end started seriously checking watch hour twenty minute mark beautiful footage countryside enough carry film too bad usually such great story like see matthew macfadyen something else though looks like might interesting anyone any suggestions americanized ending hardly call romantic awkward like some things better left imagination
IMDB_0637,imdb,film,read works jane austen over over course most favorite pride prejudice seen every movie option available went see new version awe amazing actors amazing job music perfect fit background perfect gave life book opinion made enjoyable people didn enjoy book officially favorite movie find some errors wardrobe can easily overlooked skeptical new darcy before viewing after seeing movie can only say bravo gave character bit mystery withdrawn personality though wasn hard believe good guy whom everyone fall love definitely movie see don worry buying moment get chance
IMDB_0638,imdb,film,most enduring adaptations jane austen novel ever filmed outstanding adaptation premiere novel superbly brought life outstanding cast film frew while equal bbc version sill excellent film visually superb wonderful screenplay does lose sight central thesis austen novel knightley gives best performance date enchantingcaptivating lively supporting cast excellent especially donald sutherland elizabeth long suffering father loved bbc adaptation definitely enjoy cinematic tour force
IMDB_0639,imdb,film,ordinary reading previous enjoyment actors involved prepared movie first sequence keira knightley walk through yard reading book introduced england lush fecund cannot denied here movie growth passion director joe wright first full length movie shows fresh eye world paints camera lush landscapes bustle life busy lower end genteel home cool grandeur regal manor estate contrasted warmth small family room manor keira knightley muse piece lives breathes elizabeth bennet wright constantly finds new angles capture lizzie emotions lizzie proud cold proud yes full fire uncompromising choices passions knightley rises above other performances give lizzie hardly dares dream finding love world often pushes another direction scene after lizzie turned down darcy proposal haunt viewer far after movie over movie passion story pared down essential message growth darcy elizabeth love see darcy glances yearning far before horribly expresses growing emotions lizzie cast sublime passionate brenda blethyn gently histrionic mrs bennet judy dench turn darcy aunt esteemed lady catherine bourg strong performances americans donald sutherland jena malone fit english accents swirling around them particularly enjoyed claudie blakley performance decisive charlotte character strongly contrasted last film role defeated mabel nesbitt movie shows much living shabbily genteel country life truly turn century stiff formality bennet family life see geese pigs cows living cheek jowl humans raked manure yard
IMDB_0640,imdb,film,movie started off extremely slow once got going really went amazing actors actresses keira knightley quite good lead actress pride prejudice matthew macfadyen played excellently alongside because keira knightley such fantastic experienced actress feel emotion going through made believe believed hate hated times completely forgot sitting couch movie watching pride prejudice movie amazing
IMDB_0641,imdb,film,yourself favor watch your significant other fantastic movie levels extremely entertaining lulls smart script incredible cinematography great acting story draws doesnt let until over comes loaded old school grace charm lacking our society example scene where darcy helping lizzie carriage gently guides hand camera zooms hands backs off darcy walking away zooms him extending fingers showing effect touch him another scene lizzies sister wearing sheer white dress ball love interest walks behind split second grasps dress material between thumb forefinger get point mesmerized presence remiss didnt mention flawless character lizzies father donald sutherland role father several daughters amazing especially relationship between him lizzie obvious favorite any father daughters totally relate complaint old english verbiage pedantic like watch subtitles understand hell say stars sure bravo
IMDB_0642,imdb,film,watched lot movies consider myself opinion only expert good movies acting movie brilliantly directed cast acted parties involved thinking back film cannot recall flaw literal perfect rendition amazing book knightley well way being next big thing hollywood shows off acting chops here earn minimum best actress nod donald sutherland lights screen rendition always classic bennett receive nod academy film down best picture never watch oscars again
IMDB_0643,imdb,film,awful think nobody red book can understand whats going why long scenic shots imply time problem bad script huge holes storyline story does make any sense motivation characters left order show rainy meadows minutes walking them even independent love story film make any sense famous title sure see even broadcasted hallmark channel pleased adaptation emma hoped find same kind competence huge disappointment
IMDB_0644,imdb,film,decided read book first before watching movie book incredibly entertaining read most books leaves impressions think characters act look behave came watching movie these characterizations head most part movie lived expectations elizabeth bennet pictured book along sisters rest bennett family perfect casting opinion perfect acting females film embodied spirits characters book qualms come males cast film starting bingley thought made him look much weaker much dumber awkward appears book movie sort stumbles over words seems sort shifty too confident whereas book pictured him being confident
IMDB_0645,imdb,film,loved film romantic shot beautifully keira knightly gave brilliant performance elizabeth bennet wouldn surprised nominated work academy awards another person impressed man played darcy definitely character justice saw bbc version pride prejudice always thought colin firth best darcy until now new guy good sat end movie couldn believe great movie saw chemistry between two them mesmerizing can even explain good movie recommend movie anyone loves romance
IMDB_0646,imdb,film,joe wright pride prejudice truly solid bit film making can say whether good adaptation being read novel nor seen other film treatments however piece work own right succeeds accounts gorgeous look debut shows signs greatness achieve year atonement multiple long takes sweeping through scenery choreographed perfection order allow characters flow frame wonderfully shot dance sequences two balls craft unreal don want knock story though quite good never having really taken time acquaint myself jane austen canon pleasantly surprised good tale love premature judgments character firing cylinders
IMDB_0647,imdb,film,really liked movie matthew macfadyen done awesome job playing arcy saying something seen colin firth portrayal think else justice well kiera knightly really didn think pull off surprising never once while watching movie compared firth macfadyen ehle knightly portrayals loved watch them both see attraction between main characters almost start some ways love version think macfadyen portrayal arcy tender seemingly heartfelt kiera knightly portrayal right amount spunk elizabeth entire cast perfect movie even donald sutherland portrayal bennett glad added movie collection son insisted taking threatre version movie hope see these fine actors future
IMDB_0648,imdb,film,movie takes right back high school mandatory reading much enjoyable much difficult appreciate story kiera knightley does great job feisty firey elizabeth bennet star macfadyen darcy does awesome job proud initially cold character chemistry between two undeniable great elements comic relief throughout flick captures tone book wardrobe great enjoy checking georgian attire enjoy movies such sense sensibility movie disappoint
IMDB_0649,imdb,film,went movie wanting like start isn keira knightley too perfect romantic period drama type say surprised myself only enjoy movie actually wouldn minded watching again keira knightley well say probably performance career far does leave wondering get role doesn stand pouting most time matthew macfadden darcy impressed whole thing seemed lack something however version colin firth fill gaps left rather satisfied ending film left rather nasty taste too abrupt good film recommend anyone same time recommend version something compare
IMDB_0650,imdb,film,while new pride prejudice film gorgeous view soundtrack lovely seeing jane austen pride prejudice film some reason set back early rather regency period where novel set scholars long shown bennets longbourn estate ram shackled looks like cold comfort farm yet bennets novel gentry class own farm pig does walk through house nor farmyard manure chicken droppings contiguous home scenes set noveland lest forget jane austen placed scenes certain locations reason example film puts big darcy proposal scene outside storm front neoclassical temple opposed inside collins parsonage why jane austen put parsonage because while lizzy darcy speak total brutal honesty each other scene collinses never shared honest word why rain outdoor proposal looks like jane eyre meeting rochester elizabeth walks across windy field stand cliff view panorama
IMDB_0651,imdb,film,isimply enchant myself scenes impressive didn knew history jena austin really hit history although version saw does appear final scene kisses between happy pair hope dvd included loved think great film love films like dances excellent clothes performances young actors although enchants colin firth excellent seems performance matthew macfadyen see new people doing films like thisthe music great too mean everything film super
IMDB_0652,imdb,film,well prepared critical movie golly fine wonderful movie usually crier weeping end direction set direction costumes acting really come together collins mrs bennet mary bennet even lady catherine fully realized previous versions jane bennet reserved hope georgiana wonderful jena malone lydia bennet managed play down bennet cries gives permission elizabeth always wanted thanksgiving came early
IMDB_0653,imdb,film,saw movie tonight must confess waiting ever since heard being made come truly admire keira knightly actress keenly interested seeing bring role lizzy bennett much concerned see dare step shoes colin firth romantically filled years ago disappointed after holding breath first few minutes terrified knightly lizzy might bit too giggly soon relaxed settled refreshing interpretation classic story knightly provided anticipated spark needed truly bring lizzy life while matthew macfadyen brooding stares means fell short affecting own version darcy well assembled supporting cast including judi dench donald sutherland certainly aided two bringing story life story itself some things bit line nothing serious some dialog switches some characters saying others said book complete absence mrs hurst some changes scenery some scenes instead parlor darcy first proposes rain instance other
IMDB_0654,imdb,film,scarcely heard pride prejudice before movie released movie definitely rubbed right way pleased couldn keep smiling broadly rest day tale charming course definite chemistry between keira knightley matthew macfayden actors wonderful scenery absolutely gorgeous moved wonderful wonderful film bought book read over course days believe movie book justice course every detail fit movie surprised much book movie think condensed any better way music pride prejudice sweet refreshing next endeavor buy soundtrack conclusion absolutely your mind see pride prejudice can guarantee disappointed
IMDB_0655,imdb,film,stories like don happen any time where much fuss body attributes looks contrast inner values character first meeting driven course events elizabeth bennet fitzwilliam darcy each outgrow disposition elizabeth rises playful superficial adolescence profound impressive young woman while darcy descends haughtiness noble decency prototype romance rather triggered fresh dialogs mutual desire darcy initially attracted confused elizabeth spontaneity ability dumbfound him considers views concluded rather bored social activities around him till end never kiss almost never touch each other except dancing helping coach still air between them filled romance movie paints picture century family society where only adequate aim young woman marry advantageously elizabeth being kind heroine because free open mind unbending authority original novel jane austen rather truthfully adopted some restrictions due inevitable bit director scriptwriter dramatic freedom book such scene where darcy approaches through morning fogs well good old hollywood little dip romance here imo tolerable rather decorates original plot instead altering conclusion romantic likes such settings jane austen fanatics might take exception few details left filled
IMDB_0656,imdb,film,finished watching movie minutes ago already want see again fantastic representation book true book well austen fans knightly macfayden really great chemistry both acted really well malone scene stealer bubbly yet sometimes annoying lydia bennet movie romantic witty some amusing parts macfayden good darcy hard filling colin firth shoes same broody proud attitude really recommend movie anyway likes romantic happy ending enjoy austen novels because few differences novel
IMDB_0657,imdb,film,dreadful dreary rendition splendid cherished classic photographer seemed able give viewer whole scene rather boring close after another forcing viewer story numerous lines mumbled spoken actors actresses backs audience close heavy balls pig gave final credence decision production poorly made sham austen beautiful story appeared director photographer attempting show off themselves rather austen timeless tale production colin firth far far superior grade attempt classic
IMDB_0658,imdb,film,yes grand tradition merchant ivory movie measures treat brilliant cinematography acting sound costumes music captivated breathtaking landscapes convoluted relationships order seeing hearing feeling era range emotion intellect risk reward wealth creates senses modern day cornucopia sometimes almost sure smell food table saw film minute can see large bowl parsley potatoes amazing lensmanship those birds livestock perhaps food animals stand because saw film day after thanksgiving
IMDB_0659,imdb,film,entertaining movie engaging performances leads jane austin wit social observations preserved some subtle pleasing modern touches camera work superb really shown great effect ballroom sequences individual characters focus across crowded rooms atmosphere time meticulously portrayed various settings pointing differences wealth social status through many great touches such mature male pig being herded through house only quibble sound modern grand piano standing older instruments used camera thought sound editor used authentic sounding instruments match beautiful visual settings like period drama keeps sense humour remains true roots see movie well done indeed
IMDB_0660,imdb,film,see both versions pride prejudice must say both good saw comment here bad matthew macfadyen must say better cast hugh grant proposed think matthew didn get chance show true darcy try hours while colin firth almost hours think film can compared series film bit modern comes setting costumes think great casting film always hard make remake something big hit opinion film makers good job film keira knightley showed can carry film loved small parts donald sutherland judi dench right person play lady catherine lizzy darcy don kiss end didn bother thought lovely romantic version novel
IMDB_0661,imdb,film,gritty realistic brilliantly acted these some ways describe new version jane austen classic century tale pride prejudice tells story young woman stuck craziness family culture era see oldest sister get ditched perfect man younger sister runs away elopes scoundrel story sees mother desperately trying marry off daughters wealthy men stuck world where people marry economic family reasons thing world wants marry love bbc released mini series pride prejudice became standard classic british stories filmed plush beautiful characters looked well groomed pretty time england century however recent film starring young keira knightley known realistic portrayal country life knightley plays lead character elizabeth bennet comes fairly well off family english countryside opinionated well read isn afraid speak mind other words everything woman century knightley plays part brilliantly can see both strength vulnerability same time reaped oscar nod portrayal deservedly matthew macfadyen darcy brooding silent lot film therefore actually proclaims love bennet
IMDB_0662,imdb,film,wow saw film twice second day though extrordinary betting rest theater full first last show day being brought jane austen losing respect corporations make cheap films magnificent work little afraid case movie definitely condensed hour mini series can understand why hit main points casting must say beyond spectacular item made question heard fact some characters say lines novel don belong them example movie mary sayswhat men rocks mountains
IMDB_0663,imdb,film,first time watched movie thought beautiful actually started watching over over realized much beautiful acting true shots adequate scene realistic yet unseen movies kind music throughout movie awakens your senses can feel every emotion thought scene darcy portrayed matthew macfadyen beginning prejudiced proud sort unpleasant fellow bennett words beauty personality grows through movie elizabeth bennett love respect grow him wonderful scene rain where opens lets emotions run
IMDB_0664,imdb,film,willing give new pride prejudice chance after favorite books thoroughly disappointed version keira knightly lacked intelligent spark makes elizabeth bennet greatest characters literature instead became tomboy without extraordinary personality darcy became man gosh darn shy gosh darn boring instead proud awkward emotions rest cast pretty good cinematography beautiful two leads made film painful want mindless romantic comedy guess film lacks passion intelligence true jane austen
IMDB_0665,imdb,film,rather good adaptation classic regency novel beautiful soundtrack stunning scenery wonderful costumes keira knighley surprisingly good lizzy bennet found unbelievably irritating pirates caribbean films much suited looks age manner character jennifer ehle bbc version actor playing darcy brings right amount reserve arrogance sexiness role while tom hollander wonderful collins enjoyed rustic natural appearance bennet home gardens some aspects book changed mostly faithful adaptation only criticism representation goergiana darcy shy reserved book scarred after experience wicham too bouncy giggly like another younger bennett sister avoid watching american ending special feature dvd version glad only extra our ending
IMDB_0666,imdb,film,most delight provided joe wright pride prejudice late century material jane austen celebrated novel handled subtle imperceptible modern touch though heroines much different high school girls two centuries later movie modernized such way betrayed jane austen spirit clearly stated intention target younger audiences found perfect note tone much perfect actresses even coincidence plot driving bennett sisters played future list players carey mulligan rosamund pike last least keira knightley today gathered oscar nominations together donald sutherland most charming endearing roles father stricken blessing curse having only daughters watching these sisters interact during film reminded teenage girls gossiping wondering school heartthrob said can approach him without looking too pushy needy same game pride prejudice works even better film because stakes higher simple flirt date film marriage know meant century girls much men man profession good fortune married eighteen girl find such man
IMDB_0667,imdb,film,sick reading stuff bad going film major fall see good movie watch over over each time truly good notice things didn pick first despite fact watching something already seen still moves know movie truly great people criticize movie holding true austen cruel intentions entertain make observation society move movie holds true those ideals may loved hour version well good mini series can movie cant don mad idea matt days poor job darcy regardless boring may find him mini series pictured your head remember unlike book movie representation someone else saw head while reading novel didn see same thing doesn make bad different need realize respect movie joe writes pure cinematic genius first feature film mathew mcfadden ability play darcy any man can respect way portrays darcy beautiful moving spend whole time going hey isn darcy well quite frankly wrong because darcy macfadyen sees him don like make your own movie stop comparing other jane austen attempts maybe realize movie brilliant beautiful moving musical background well picked combined cinematically stunning concepts make really feel love between these two characters some giddy fake foolish love see society today love seems real problems perfection chaotic brings anyone male female point long something true life love something most beautiful love stories ever written having read book consider fantastic adaptation great novel two hours your day beg please watch movie regardless others site say because may find yourself filled strange yet pleasant emotion end film never felt before movie suppose combine wonder story music portrays mood cinematography emphasizes emotion way other medium can last thing don kiss bridge kiss cheese joe wright avoids kiss intentionally listen commentary know
IMDB_0668,imdb,film,big fan colin firth version pride prejudice shorter versions pretty disappointing exception bride prejudice charming musical version finally newest film proved wonderful rendition tale story allowed chemistry overall underlying sensuality side darcy far vulnerable previously demonstrated way various scenes condensed together done amazingly well cinematography gorgeous character lizzy played well changes extremely happy character protective darcy end rather allowing family speak ill him final scenes romantic packed emotion tenderness truly rare thing these days good love story rating time those films can wait released dvd romantic great add collection favorites
IMDB_0669,imdb,film,movie tainted death innocents many rabbits murdered specifically movie lived wild unmolested free evil production company responsible pride prejudice selfish uncaring desire realistic props why cartload dead rabbits seen movie actually cartload dead rabbits live near where movie shot spoken extra film confirmed above harrowing fact behaviour these movie makers disgusting
IMDB_0670,imdb,film,completely disagree said pride prejudice soon film begun beautiful piano piece come knew enjoy movie film shot beautifully taking scenery architecture houses without needing include kissing sex joe wright created such romance atmosphere never experienced any other film before read book does explain troubles women back captures love growing between darcy elizabeth creates story book maybe much detail leaving lots keeping most important pieces focusing romance marriage beautifully filmed pure feeling amazed seen left thinking film next few days discussing family friends beautiful atmospheric film definite must see
IMDB_0671,imdb,film,huge fan mini series since aired years ago doubts movie version first can any man redo colin firth celebrated performance secondly keira knightly justice eliza bennet most importantly can enjoy film without comparing mini series answer first question matthew mcfayden fantastic job great passionate actor keira knightly fit perfectly eliza bennet believe doubts performance outstanding lastly mini series first minutes film compare every actor every movement mini series became wrapped sensuality film something bbc miniseries lacked granted version true novel room intelligent banter novel preservation because hours long although mini series lack
IMDB_0672,imdb,film,unarguably finest love story time themes characters film beautiful timeless joe wright manages capture every flawless element novel while making massively entertaining creating best cinematography seen long while gorgeous landscapes mixed pouring rain entrancing score create utterly joyous experience throughout seamless blend side splitting humor gut wrenching drama most passionate beautiful romance ever brought screen performance wise film flawless storytelling knightley deserved oscar nomination win books phenomenal work acting field doesn stop everyone rosamund pike donald sutherland back matthew macfadyen deliver nothing praise worthy brilliance finale most joyous wonderful simply pleasing experiences lifetime utter joy watch high among best decade far best year undoubtedly
IMDB_0673,imdb,film,pride prejudice based famous novel jane austen keira knightley plays elizabeth bennet five sisters living georgian england trying find husband difficult bennet sisters being noble birth find hard acquire suitable husbands fact elizabeth really looking concerned finding happiness herself sisters true love comes doorstep only must contend own feelings class struggle does your heart care social class good humorous tale only acting entire cast impressive use language throughout movie precise set late everyone talk manner appropriate period done well impressed most
IMDB_0674,imdb,film,avid jane austen fan both excited apprehensive thought seeing most recent film adaptation pride prejudice pleasantly surprised however accuracy much story presented costumes scenery story well done kept close original possible film adaptation only disappointment way ball netherfield conducted seemed too loud boisterous such civilized age dancing seemed far too simplistic intricacies dance time period served separate aristocracy rest society because only ones able spend time learning intricate dances believe dances shown simple enough anyone learn therefore must question historical accuracy case overall movie good representation jane austen work enjoyable
IMDB_0675,imdb,film,well let start off saying anyone says horrible adaptation jane austens novel crazy read book seen bbc series enjoyed them both movie though something novel mini series didn filled joy thinking back watching movie first time makes happy think any movie does can bad yes script may kept every line same some phrases maybe wouldn said public house bennets like any other family drama fights jealousy love each other enjoyed aspect movie much casing superb keira knightly made perfect elizabeth bennet mathew macfayden wonderfully new fresh face darcy even though left some scenes loved book bbc series truly believe anyone enjoy movie everyone least watch movie even haven read book guarantee after watch movie want read
IMDB_0676,imdb,film,although far most reviews find movie great found choppy thought acting strained best best acting done judi dench thought donald southerland made father seem totally inept disservice part seen earlier versions movie read novel hard time following plot part problem may lie whoever wrote adapted screen play found problem film editing couple times where talking done quickly like mumbling over music background only understand five words
IMDB_0677,imdb,film,think ones tastes depends movie seen first huge fan austen bronte sister yes read books interest seeing any adaptation never sure come like them book commentary treatment women whose lives social status depended upon having suitable husband marriage book perception prejudices based first impressions movie passionate lush beautiful cinematography keira knightly outstanding matthew mcfayden darcy towering man wealth suffering unrequited love elizabeth bennett despises him entire cast stellar
IMDB_0678,imdb,film,absolutely amazing movie funny happy outstanding soundtrack makes want read book can constantly think movie amazing characters incredibly acting actors actresses always character portrayed characters well like book cant get bored watching movie doesn slow down get boring anytime costumes hair make location style well done people picked movie exactly imagine look like read book few funny parts can always feel happy watching matter many times seen say best movies seen set olden days greatest romance film novel beats twilight any other new romance movies novels credit people involved movie
IMDB_0679,imdb,film,matthew macfadyen plays well role can say because read book course developed book only two hours think really good job matthew macfadyen always watching elisabeth really important moreover story does change book elisabeth shows well proud think enough two hours difficult hate somebody love him after wickham enough here even hate man film don really understand why darcy loves quickly miss elisabeth because some moments miss book see each other lot film really really good can feel feel recommend everybody
IMDB_0680,imdb,film,love jane austin read stories books many times over going see version wasn expecting much because hollywood usually butchers authors vison transfer book script movie can sum version four words best adaptation ever deborah moggach adapted jane austin vision perfection cast spot cinematography makes want ever scouting locations genius complaint keira knightly costumes made look like large breast side none other love movie going buy comes dvd
IMDB_0681,imdb,film,seen original every remake classic tale favourite period drama must come top being worst yet century surely film industry capable much better beautiful scenery accurate costumes pretty actors make film great remake failed completely build any characters really show early animosity between elizabeth darcy let alone give reason little show terrible plight youngest daughters elopement brought family importance darcy help fact whole film charged through story like high speed train showing bit scenery being able stop long enough appreciate any characters dull lifeless always felt some emotion quite bit watching films gave nothing can cry adverts utterly disappointed everything film amazed even felt need alter story unnecessarily far too little time justice story without improvisation complete waist time money
IMDB_0682,imdb,film,surprised negative comments picture read original novel several times admit lovely watching brilliant condensed version screen without windy tedious often boring conversations letters characters jane austen book carried wrote romance nutshell acting good loved seen much dame judi dench soundtrack magnificent play often dario marianelli robbed oscars daughters cherish film always bought day come dvd glad saw big screen too thought younger people interested original novels once brought screen daughters enchanted movie intend read novel well sad lovely piece film making wasn even nominated oscar instead something called crash won sigh
IMDB_0683,imdb,film,first heard movie being made year ago first being reported keira knightley cast little interest being only fourteen time next summer came around turned fifteen still little interest although little piqued since pride prejudice books reading british literature english course once classes started august after plodding through jane eyre really liking reached pride prejudice almost moment started book interest upcoming movie reached boiling point loved book start finish couldn wait arrival movie luckily only wait four weeks time started book time movie came class watched version elizabeth garvie david rintoul thought good weeks leading movie release greedily watched watched every clip find rented colin firth version bride prejudice expecting much movie november rolled around ecstatic well movie didn meet expectations exceeded them pride prejudice became favorite movie year definitely top ten absolutely loved thought keira knightley excellent job even bit too giggly times thought matthew macfadyen amazing darcy liked him better colin firth acting superb story amazing being condensed much costumes cinematography amazingly done well love soundtrack beautifully done short loved everything movie watch million times over
IMDB_0684,imdb,film,going comment much like say film absolutely beautiful fantastic sceneries people shot beautifully opinion felt really moment score film joy listen really tied scenes keira matthew both great lizzie bennet darcy other characters brilliant especially mrs bennet collins really brought humour film thought joe well summing novel two hour film fortunate seen times row gets better every time
IMDB_0685,imdb,film,once read comment nobody does victorian like brits generally agree both writing movie making here agreeably surprised though way handled jane austin book especially struck realism costumes make surroundings scenery most time get impression everyone these movies goes bed make freshly done perms worse get same way here get freshness used victorian movies may downside off course pride prejudice being love story everything being clean beautiful adds beauty feeling fortunately here managed maintain magic love story nonetheless both main characters elisabeth darcy help getting romantic mood whereas music finishing tough mood setting making novel movie always looses aspects off course book being filled information often get feeling hey here forgot something movie off course able complete example mini series energy put main characters elisabeth darcy whereas other characters less present does influence explanation pride prejudice only aspect movie appreciate way bingly character portrayed bingly supposed good hearted well educated elegant young man worth love equally elegant beautiful jane here get feeling bingly simpleton good hearted guy nonetheless doesn any way ruin movie thoroughly enjoyed likely get dvd collection
IMDB_0686,imdb,film,between deborah moggach god awful screenplay director joe wright dismal vision filthy graceless english upper class most dismal many film versions jane austen classic since laughably bad movie elizabeth bennett movie slovenly thick headed country bumpkin eats like slob plays pianoforte like ham fisted year old conversational skills autistic teenage boy lives grubby falling down hovel surrounded untended fields dusty drives muddy yards filled free roaming livestock compared version poor elizabeth tess durbervilles like marie antoinette elizabeth alone coarseness however director wright gives entire class people look like ragtag medieval peasants century aristocrats yourself favor ignore travesty marvelous mini series starring colin firth jennifer ehle vastly better every way especially choice sticking faithfully jane austen dialogue plot line instead debasing them cheesy hollywood attempt embellishment
IMDB_0687,imdb,film,agree said previous review add own two cents must make known adore mini series unfortunately matthew colin firth always darcy said matthew fantastic commendable job filling colin daunting shoes only qualm movie comes end won spoil hoping much satisfying conclusion while parting line clever left feeling empty like entire two hours invested watching movie nothing please please please give alternate ending dvd must least see lizzie darcy together anything
IMDB_0688,imdb,film,huge fan miniseries came colin firth someone else put definitive darcy however fell love darcy pretty early likable other darcy start pace lot faster miniseries obvious reasons some aspects absolutely loved liked difference between poor rich played much loved new bingley character loved fathers character yes different good most part see expect another interpretation film keira good can little irritating times spiteful happy expression same never ever seen abc miniseries now ultimate favourite movie intend see again
IMDB_0689,imdb,film,mathew mcfadyen spook kept reminding might production important elements acting superb much thought gone flawless script cinematography dragged century keira knightly blooms english rose jane prettier settings beautiful rustic can see nearness poverty bennet lives five daughters governess almost explaining thoughtless self absorption mother only thing jars feeling gang spooks may hand drag wickham away cinematic aspects modernised fades visual segways occasion character might introduced sun behind them maintaining ambiguity short time some fades make scenes appear like old photo images countryside achingly beautiful knightly hair looks dirty strength version lies inflating female interplay beyond yet maintaining balance can see long suffering father loves mother although endures pettiness quips threats mother pettiness softened love forgiveness elizabeth accepts mother respects despite shortcomings
IMDB_0690,imdb,film,only watched two adaptations pride prejudice mini series doing book adaptation impossible please everyone especially book widely beloved pleased seen some reviews nitpick movie death historical inaccuracies looking adaptation faithfully accurate times might fall bit short mini series might closer mark looking movie captures essence elizabeth darcy shortened version leaves some charming scenes lines book however given excellent portrayal characters particularly elizabeth darcy find easy forgive loved colin firth darcy might personally like him actor darcy went cold fish love sick pup right back cold fish again final scene between darcy elizabeth version abut warm ice cube darcy part here felt matthew macfadyen much better job capturing essence darcy brought inner struggle across rather merely appearing devoid emotion entirely keira knightley stunningly captivating elizabeth chemistry between two cannot surpassed really can find much fault portrayal any character included book except miss darcy charming portrayal true book description character feel miss deberg looked little too healthy handsome neither trouble haven read book perhaps watched different adaptation
IMDB_0691,imdb,film,since member gentler sex nor particularly care knightley wasn exactly psyched watch film imagine surprise ended enjoying spite myself cast high caliber special mention going donald sutherland especially judi dench keira knightley never better thought ever worth watching before hate single individuals though because single actor actress seemed place visually film quite attractive director doesn often get creative does always interesting never detracts story characters admire use music throughout both score played various characters read novel upon film based cannot comment accuracy adaptation storyline presented here compelling though doubt females most appreciative audience those males touch inner romanticist may similarly swayed
IMDB_0692,imdb,film,love book love fantastic mini series see http www imdb com title much looking forward film especially keira being cast elizabeth much potential yet such utter let down film heavy handed full fake smiles screwed noses keira grated bingley absolutely horrendous far too stupid foppish worse still story distorted such extent anyone read book must wince cringe fact points quite angry seeing trying take film isolation remove disappointment terrible things story line think term best describes over acted left wondering supposed comedy times honest failed dismally too somewhere between quite either hugely disappointing keira jane austen fan
IMDB_0693,imdb,film,pride prejudice started read book grade years ago never got finish school year ended unfortunately couldn read close enough library sign admit miss some although finished three quarters wonderful story series saw part actually decided change channel because end whole series wanted watch start instead never read book never saw series love movie because touching tale love course misunderstanding sweet tale really overall thought great because haven read entire book because long admittedly since read
IMDB_0694,imdb,film,fell love first sight film liked every thing way heart beats faster every time see keira knightley proved really talented actress nomination particular time gave career great boost cinematography absolutely perfect why liked film gives great feeling british country century brief presence judi dench god needed perfect better yet considering debut joe wright think revealed himself filmmaker watched
IMDB_0695,imdb,film,love jane austin particular film directed joe wright goodness sake your heart flip flop review year old hopeless romantic love thank amazing film
IMDB_0696,imdb,film,think best thing film characters elizabeth darcy actually showed much love each other chemistry scene amazing unlike pride prejudice where elizabeth darcy colin firth jennifer ehle showed signs love emotion towards each other throughout series even though film wasn prefect telling pride prejudice story pretty well highly recommend bad points film follows why elizabeth tomboy attitude problem where trust between elizabeth jane why wickham lydia runaway marriage little space film major part story why collins nice supposed arrogant pompous insulting idiot why characters missing
IMDB_0697,imdb,film,elizabeth indeed loved darcy first sight little inferiormaybe girl want make good reason cover inferiority think everyone loved person deservedsometimes gives upsometimes struggles until new attendsometimes gets bravely lacked such kind courage dayi gave energy message walked looked eyes stopped tears eyes finally took off heart said love wanted accept words unexpected told walked too far turn round sayi loved
IMDB_0698,imdb,film,biggest austen fan some reason wasn fan book goodness got favorite films cinematography first elements drew film soft whistles grass luminous sunrise beautiful piano background proved character own love knightley work especially raved performance elizabeth entire bennett family humorous love between them definitely evident really enjoyed macfadyen cold yet warming darcy colin firth always darcy acting film well done lovers mini series hope enjoy adaptation beloved novel
IMDB_0699,imdb,film,gets three rather simply because rarely laughed much film believe don think director planned those laughs whilst undeniably visually attractive film comes across send pride prejudice rather new gritty realistic portrayal obviously entire budget spent keira knightley pay cheque hence ridiculous cgi shot cliff derbyshire too expensive actually obviously puffing smoke machine scene where darcy comes striding through mist script horrific mix lines lifted straight book alongside ones sound jarringly modern plot due time restrictions literally told huge speeches characters bludgeoning audience round head facts rather letting find ourselves charlotte lucas telling lizzy why married colins case point lydia telling lizzy darcy paid wedding most ridiculous example lizzy telling father does fact love darcy because proud prejudiced
IMDB_0700,imdb,film,beautifully shot movie lovely music amazing piano playing jean ives thibaudet familiar novel bbc version enjoy outright belong those viewers jane austen fans need see version once overcome barriers imposed rushed drastically summarized script odd dare say unnecessary distortions austen milieu social mores however each repeated viewing sense scriptwriter embeds layers excised scenes dialog gestures facial expressions days months pass seconds inside mind characters read novel depth may able project those layers unto characterizations movie criticisms read site mark indeed knightley seems too modern disheveled bingley can barely speak intelligently wickham although attractive reduced minor character macfadyen seems too shy awkward first although eyes incredibly expressive voice beautiful
IMDB_0701,imdb,film,time favourite movies big surprise type movie usually enjoy
IMDB_0702,imdb,film,loved movie thought quite charming followed along book well thought great adaptation having read book weeks before seeing movie both keira knightley matthew macfadyen excellent well other cast members real chemistry between characters movie absolutely believable locations filming movie extraordinary well set designs costumes each characters beautifully written thought best adaptation ever seen definitely recommend movie everyone see
IMDB_0703,imdb,film,story elizabeth bennet fraught complications time lower rank position woman own severe independence makes character alive realistic any modern heroine darcy closed off upperclassmen becomes bewitched way nor ever intended start mutual disdain elizabeth thinking him proud arrogant darcy seeing simple difficult continuously thrown together situations darcy sees bright personality tale portrayed during eighteenth century england complete mesmerizing sets enchanting classical music flows through film easily both knightley macfadyed exquisite starring roles playing off another such pleasing way subtleties range bring delight watch enjoy romances fierce heroines laugh loud witty dialog love captivating story woman does fade away supposedly dreary station life beautiful passionate sexy way only sexless jane austen movie can
IMDB_0704,imdb,film,pride prejudicedirected joe wright pride prejudice another adaptation jane austen beloved novel focus main character elizabeth family life turned upside down due new presence two wealthy bachelors get comedy tragic some exciting moments throughout movie actually version original novel include mini series movies seen any these before read novel either fact seen two other successful oscar winning austen adaptations sense sensibility emma jane austen adaptations actually quite new area therefore really know expect movie before saw ratings came unlike suspicions quite good reviews followed suddenly keira got some buzz
IMDB_0705,imdb,film,loved movie every aspect enthralled throughout entire film audience along myself laughed sighed cried lizzie darcy wonderful experience agree movie longer lizzie darcy thing notice laugh kiera wig extensions cover short hairline therefore leaving choppy looking appearance grand scheme movie minor detail thought giddiness cute added personality being well rounded young woman impression family destitute actually time line undefined having read book movie wonderful known any difference read these reviews day after viewing renting bbc version plan read book now new fan pride prejudice
IMDB_0706,imdb,film,seen movie many times scenery compositions scenes truly wonderful beautiful beautiful film
IMDB_0707,imdb,film,jane austen never disappoints colin firth aka darcy hard beat luckily makers film chose another wonderful british actor matthew loved him spooks tears left show absolutely thrilled find cast darcy beside keira knightley elizabeth really mix well brilliant screen together donald sutherland wonderful bennett loved talulah riley mary rosamund pike lovely watched rosamund wives daughter adored nice see keira wonderful elizabeth too seen british series spooks get dvd watch wonderful wonderful show brilliant cast matthew leads seasons matthew walks across fields elizabeth final scenes thought heathcliff evokes images scenes lizzie darcy night pemberley dvd extra heart beating stuff why why didn use movie ending better ending film glad put dvd version bbc mini colin firth jennifer ehle brilliant thought unbeatable movie comes pretty damn close versions worth serious look laurence olivier greer garson superb elizabeth garvey david rintoul version mini brilliant peter cushing daphne slater version mini lovely colin firth jennifer ehle version mini extraordinary brilliantthese next best versions look jane austen better
IMDB_0708,imdb,film,joke mockery good may remind certain book jane austin book written well good genre aimed highly popular well film managed cut half book film book award winning novel wrecked travesty film worst film ever seen following plot poor acting most stars baring judi dench emotion didn make big impression target audience any audience pathetic waste time space rosumand pike loved herself far too much keira knightly gave sickening performance never allowed act again donald sutherland well comment acting classes needed cast part everyone waited between lizzie darcy any emotion expressed simply thrown window macfayden knightly took roles didn display emotion ruined perfectly good novel cannot stress enough dreadfully sickening film highly unreccomended give improve film new cast can act well get four hits targets target audience four six novel portrayed entertainingly good light genre target audience six eight above get achieved get above achieved outstandingly done well amazing way
IMDB_0709,imdb,film,wettest door burstiest bird chirpiest pride prejudice sure donald sutherland knew where movie filming confused hobo certainly different take bennett
IMDB_0710,imdb,film,keira knightley matthew macfeydanwhat revelation new film version jane austen best loved novel even usually bruce willis action movies husband didn mind seeing film course keira beautiful luminous role lizzie matthew surprise made darcy own nuanced portrayal heavy handed goodness those eyes swooon keira deserved oscar nomination rather fiery tempestuous portrayal independently spirited lizzie commend joe wright most sensuous jane austen adaptation put film disagree others cannot get minds mini series colin firth jennifer ehle can can better colin great darcy matthew gave him vulnerable sexy edge keira absolutely fantastic especially proposal scene both wet takes care colin pond scene got girls hearts aflutter joe wright says time frame closer date jane wrote novel explains natural waistlines clothes bennett women wore film except jane women wear empire gowns women starting wear end course some reason netherfield ball bennett women except mrs bennett wear empire gowns does lizzie traipse over rainy cold english countryside without bonnet barely spencer coat cloak keep catching cold
IMDB_0711,imdb,film,jane austen affected sea change novel early before time novel limited rather far fetched adventure stories like daniel defoe robinson crusoe early century writing everyday events quite ordinary jane first successfully portray behind scenes workings ladies gentlemen english countryside watching new adaptation jane austen novel like seeing shakespeare hamlet surprises final outcome rather entertainment comes particular adaptation actor skills production qualities austen pride prejudice most popular novels each time found way onto big screen dvd created lot passion against adaptation universal production number disappointed viewers evidenced many online review disappointment typically seems stem having something casting decisions perceived lack chemistry between principal players conversely some felt too much chemistry enough propriety manner bennet conducted themselves bennet incorrectly shown struggling financially therefore didn live dress idealized version english gentility chemistry actors believe casting universal version excellent matthew macfadyen perfectly portrayed aloof shy yet emotionally caring darcy keira knightley surprise role able capture strong willed
IMDB_0712,imdb,film,someone gets teary eyed classics period dramas due hesitation started watch movie fact only attempted because referenced comedy series red dwarf initially misgivings seemed justified whilst found characters larger life painful stereotypes seemed rather unsubtle plot started twist things seemed black white became less clearcut found myself drawn world where people expected socialise far less marry outside class particularly impressed gradual metamorphosis darcy managed move villain hero without ever perceptibly altering persona sheer charm keira knightley impossible love favourite character donald sutherland
IMDB_0713,imdb,film,thought movie cute well acted actor played darcy bingley sister good seeming extremely snobby tension between darcy elizabeth lot better haven seen much kiera knightleys work movie showcased talent didn feel anything feeling great depth funny way bingley nervous uncomfortable trying profess love like humor movie midst sadness anyone notice darcy always wears same bloody blue jacket well glad saw though however buy worth money much rather buy better intense love story whole pull your heartstrings kind thing elizabeth sisters quite excited close book didn like lydia superficial cold hearted give ten made cry bit maybe give seven give think showed plot between darcy elizabeth created emotional attachment viewer know mean
IMDB_0714,imdb,film,pride prejudice certainly nice movie joe wright directed movie nicely other movies wright such atonement nice pride prejudice different completely interesting excellent movie read novel jane austen long time ago think movie adaption best adaption novel casting music excellent keira knightley played heroine elizabeth certainly keira acted nicely movie other actors like matthew macfadyen donald sutherland especially like praise performance brenda blethyn played mrs bennett funny mother elizabeth movie keira knightley brenda blethyn according opinion gave best performances movie rosamund pike played elizabeth elder sister jane gave nice performance short
IMDB_0715,imdb,film,didn like dark dirty grim aspect movie mud dreary dresses bennett girls mumbling unshaven bennett general frowziness scene boar being herded house shed world accept bennett family less wealthy darcy grabbing food table walking barefoot mud seemed film set backwoods kentucky like bingley strange hair bumbling ways however judi dench wonderful portrayal lady catherine appreciated brenda blethyn mrs bennett fluttery screechy episode lydia running off wickham touched lightly mystery hadn already seen film other versions plus book fear average movie goer seen read story puzzled many parts
IMDB_0716,imdb,film,film really worth jane austen wonderful novel funny sad witty romantic photography absolutely beautifulthe scenes english countryside breathtaking rare kind realism showing fancy everyday life bennetts servants acting magnificent especially liked brenda blethyn mrs bennett donald sutherland bennett rosamund pike jane bennett mention simon wood bingley haven read book years film brings back pleasure reading pick once seen other films based austen novels think best far
IMDB_0717,imdb,film,read book many times lost track first few minutes realized each character perfectly aligned imagined them although some minor things differed book true lover austen felt movie really justice mrs bennet perfect together keira knightley matthew macfadyen elizabeth bennet darcy ideally matched strong connection screen beautiful film great script excellent believable characters plan seeing movie again buying comes excited read book again
IMDB_0718,imdb,film,say extremely surprised didn try modern ize movie any extensive love scenes etc nice see movie like doesn need good film kiera knightly absolutely fantastic really embraces character elizabeth bennet matthew macfayden only male actors move literally took breath away another thing liked movie almost identical novel except course some dialogue changes however most part exactly same fantastic job movie stayed extremely close reality time period liked someone couldn hug them kiss them because liked them therefore those times danced darcy helped elizabeth carriage only amount physical contact women only role back marry only real way better themselves any way really liked lot become favorite movies time
IMDB_0719,imdb,film,crazy romantic movies pride prejudice favorite movies most sensitive movie stimulate feelings wonderful cinematography can forget full screen green grass elizabeth walking alone long time scene arguing elizabeth darcy exploding anger rain beautiful melody softly continues playing piano british actors sound full pride gives feeling live georgian period far better visual audio conveying feeling read book story well known jane austen novel lots films made based novel until now latest film directed joe wright acted kiera knightly matthew macfadyen released favourite because think kinds cinematic techniques well story lovely music camera angles try catch lovers mournful eye contact darcy matthew macfadyen looks silly rude first part film kind person sensible pure heart misunderstands elizabeth meets dance party small village elizabeth lives young girl wants marry rich man without love time goes darcy gets attracting smartness enthusiasm loves much recognize thought wrong changes mind help gets problem elder sister elizabeth good relationship father sisters strong doesn want marry without love meets darcy first time dance party thinks him kind person rude selfish falls love like destiny after throw away pride prejudice love each other passionately film lots sweet romantic dialogue heard love pain
IMDB_0720,imdb,film,went pre opening provided evening washington see movie wed evening after long day work totally engrossed beginning end says volumes movie husband date never blinked eye says something too husband fallen asleep total action flick tired interested discovering sites estates country side around london brighton mentioned course south london jane austen spent great deal time bath wonder nearby scenes actually shot must see inspiring great reminder true love pre colonial times
IMDB_0721,imdb,film,production felt extremely flat somehow managed bore most people theatre kiera knightley okay basically ripped off performance jennifer ehle matthew macfayden wooden mark poor film high number close ups directors can use them hide turgid acting characters gel joe wright film full close ups full fancy rotating tracking shots cannot cover fact film feels flat lifeless dipping conversations tracking entire house party leaves unable get involved any characters result simply care happens any them none relationships film develop any chemistry none romances none sibling sibling even parent child relations final scene lacklustre way end great story some nice shots english countryside seen before believe critics advertising ask yourself many people reviewing imdb work represent studio patch bbc production even version existed still lousy movie made two hours feel like eight
IMDB_0722,imdb,film,love watching movie another jane austen book because movie
IMDB_0723,imdb,film,admit being big jane austen fan can get enough portrayal georgian life film wonderful buy dvd can slow down see details first time can remember see gentry romping dance like many other movies portray upper classes boringly gliding while servants having fun some details puzzled like know why lizzie round cake bunch sage looks nice wouldn eat sweet cake only first viewing can sure other jane fans greedily devour film cake sage acting wasn bad either
IMDB_0724,imdb,film,opinion pride prejudice definitely must see anyone loves modernized version romantic timepiece looking exact replica jane austen classic certain instances take novel seemed misplaced unnecessary other additions however made lesser side characters intricate less forgettable novel portrays bennets somewhat disorganized household always maintain air elegance decorum movie paints conflicting picture bennet household being constant state chaos carelessness whilst novel shows bennet household slightly neglected staff making faults movie shows house nearly tatters hardly any help dim witted servants always thought bennet novel laidback father only voiced opinion absolutely necessary seemed almost uninterested family affairs movie however took active fatherly role always invested best daughters while bennet movie rendition didn follow novel form tee found movie characteristics multidimensional realistic lackluster novel appearance see younger bennet girls traits heightened significantly movie compared novel younger girls immature unruly movie already pictured novel constant giggles childishness pestering actions make actions inconsistent mannerisms time movie incredibly entertaining believe most embellishments enhance majority side characters made storylines complex interesting
IMDB_0725,imdb,film,really stunning every way lovely tribute book enough own originality
IMDB_0726,imdb,film,many comparisons these comments far superior mini series ehle firth quite apt add adaption little resemblance austen book present here lovely setting mushy romance austen wrote version eliminates satire wit hallmarks austen almost every character likable film judi densch portrays lady catherine appropriately imperious snobbish portrayal misses humor lady catherine idiot higher class mrs bennet full nonsensical observations overtly stupid though tells much bennet family erroneously portrayed endearingly eccentric lovable again consistent austen novel mrs bennet horrid parents detached neglectful other selfish miserable role model daughters blethyn sutherland benign bennets far creations jane austen movie portrays bennets good folks bit trailer trash side mrs bennet loud vulgar animals running through house nor allowed daughters eat like pigs trough movie put airs lived above family means never get impression adaptation dvd interviews several cast members quite telling actor playing darcy says darcy isn proud
IMDB_0727,imdb,film,look alternate version section imdb film says difference between version where film ends after blessing scene version compared version where shows darcy elizabeth talking future saw film years ago toronto international film festival version saw version time director talked differences between films added extended ending version american audiences saw version found way too sappy too sugary liking glad saw tiff way movie ended darcy sitting back smiling after gives elizabeth blessing gets perfect gave version because ending ruined considered pretty much perfect film
IMDB_0728,imdb,film,seen several adaptations jane austen books found them both dull repetitive sat down quiet afternoon watch pride prejudice family underlying fear leave same foul taste mouth others within minutes after previews finished saw wrong talented actors elegant dialogue beautiful scenery architecture thought provoking symbolism director captured attention start finish quickly made way list favorite films believe truly captures picture jane austen painted words pick copy video store worth
IMDB_0729,imdb,film,many regarded novel version jane austen best work ever less easy see why heard colin firth near perfect interpretation darcy bbc series really affect much prior watching film mrs bennet donald sutherland brenda blethyn respectively five daughters jane elizabeth kitty mary lydia mrs bennet married lifetime find suitable husbands daughters second elizabeth keira knightley lizzie affectionately known does want married matter day bennets received news wealthy bachelor friends coming take summer residence nearby where residing naturally especially mrs bennet good news ball charles bingley simon woods sister caroline kelly reilly even bingley friend darcy matthew macfayden while bingley taken eldest bennet daughter jane lizzie does like friend darcy thought arrogant really case jane austen work same name certainly lives film version beautiful setting georgian england jane austen time quite joy delight watch given being while since first read novel certainly brings back lot memories
IMDB_0730,imdb,film,saw laurence olivier david rintoul colin firth darcy first want watch film know story other versions television several times wants see after these actors after colin firth version different darcy like before now normal man named darcy played matthew macfadyen whole new elizabeth bennet played keira knightley film edited fast clear low dof natural light warm colors actors well guided almost every scene composed like painting time love hand held camera tracking dance scene like new modern music videos without unnecessary cuts filmed take brilliant
IMDB_0731,imdb,film,pride prejudice far favorite novel jane austen amazing author elizabeth bennet favorite character time heard movie being made bit skeptical mini series amazing colin firth darcy breathtaking needless say lot reservations movie while movie only bit over two hours long gives audiences want love story perfect every way matthew macfadyen fabulous darcy keira knightley continues impress movie after movie now see elizabeth bennet leave movie disappointed leave movie incandescently happy think see again yeah seeing again
IMDB_0732,imdb,film,avid fan novel although exceedingly fond mini series own dvd watch every often memorized several lines heart watched newest version open mind didn want prejudiced against end being too proud admit good alas however hard tried bring myself fully embrace sure visually gorgeous film generally well acted thought brenda blethyn excellent end stunned felt unmoved darcy elizabeth bennet two most popular beloved figures literature yet watching movie didn find myself caring them least keira knightley lovely competent actress perhaps because much exposure lately couldn distance persona character elizabeth people often rave actors disappearing roles unfortunately film spirit substance elizabeth eluded
IMDB_0733,imdb,film,thoroughly enjoyed film say while since read book jane austen haven watched bbc version movie masterpiece choice actors actresses good liked setting camera movements seemed scan every room every scene appropriate because made setting realistic viewer easily feel like time period think greatest achievements movie makes stand other pictures made previously time course story amazing romance well developed can imagine someone doesn know story quite entertaining wouldn think keira knightly right actress role merely because used seeing modern movies playing roles sporty tomcat girls must say magic director played quite well made role elizabeth bennet come life think recommend movie mostly female audiences although some males might find interesting particularly some background time movie
IMDB_0734,imdb,film,competently crafted period movie british first time feature film director joe wright jane austen novel adapted production deborah moggach additional uncredited rewriting emma thompson overall acting photography good movement story proceeds briskly enough hour plus running time does feel tediously long well versed jane austen leave question fidelity text knowing hand critics like jonathan rosenbaum writing chicago reader finds adaptation hopelessly mangled miss austen work may movie holds together reasonably well costumes production design good scenes ball especially well done good camera movement stimulating mix details broader shots donald sutherland highly pleasing watch patient wise english country squire bennet though aspires marry off five daughters order ease burdens old age
IMDB_0735,imdb,film,may say sure pride prejudice favourite movie watched countless times still love watching feel like might like darcy sometimes rude other side person kind might able everything other person because knows soul mate keira knightley most amazing actress ever known made type movies really really touching piece art makes believe myself keep believing love everyone after watching movie might feel bit like darcy elizabeth find your soulmate must watch
IMDB_0736,imdb,film,sister actually encouraged watch bbc mini series starring colin firth because said closer book thought really good now normally prefer series over movies series being longer giving someone time get appreciation understanding true characters however found myself appreciating movie after seeing series found series quite dull actor actress times lacked showing certain emotions emotion lined saying didn feel love connection between elizabeth darcy any time during series however keira knightley matthew macfadyen incredible screen chemistry felt attraction characters each other even through characters awkward silences felt like much being said series actually remember saying myself boring can please say something can remember your lines keira knightley brings real wit charm character prejudiced unlikable quality somehow still isn unlikable fact got even deeper understanding darcy actually love despite fortune because feel love despite prejudice acts last name knightley seems meant play role jane austen story never read book don plan believe important fact because think reading appreciating book gives bigger appreciate movie believe truly helps appreciate series love book fact series closer book movie despite series lacking real energy love movie now before recommend try watch mini series colin firth well series does give information certain events take place movie think movie best other jane austen american version films made
IMDB_0737,imdb,film,keira knightley donald sutherland excellent movie set acting early england like love through like movie
IMDB_0738,imdb,film,don know why british fuss over ending film photographed transcript novel wanted them get together declare love each other because entire movie novel matter inexorably moving way felt faults characters real faults fault scripting acting directing liked settings smallness most interiors houses real makes wonder whether real complete modern pride prejudice course regency scenery terrific photography beautiful close ups nicely done family interactions enjoyable
IMDB_0739,imdb,film,loved novel child happy find movie version represented novel brilliantly keira knightley natural wonder stuff like role elizabeth really suits hoped jane outstanding focus since pride prejudice both lizzie jane matthew mcfadyen charming darcy looks talent boot chemistry between darcy lizzie electric dialogue witty whole movie helped setting absolutely english music excellent well judi dench lady catherine bourgh effectively scary
IMDB_0740,imdb,film,owe film last hangover order get over awfulness went got seriously drunk jane austen fans don watch kill non jane austen fans please don judge work based parody adaptation keira knightly really like think such great actress can make anything success being think again didn even try act matthew mac fadyan earth told darcy look like dog beaten newspaper barely changed expression whole while flat boring thus outraging millions fans your performance good news future darcies need worry doesn get any worse yours rosamunde pike only oasis wretched film believe decent miss bennett script allowed joe wright
IMDB_0741,imdb,film,favorite movie over love romantic movies many expression thoughts pride prejudice over many years different thoughts different perceptiveness getting older however become wordless try put words looks impossible find day recall details want tell beside years passed really interested anyone planing film another
IMDB_0742,imdb,film,anyone whose idea proper sentence dude like know movie same foreign language film absolutely hate reason never wildly popular north america even though deserves forget them married almost years now reluctant audience many chickflicks semi hostile authority genre though best chickflick ever seen everybody performance good lives depended keira knightley absolutely gorgeous angelina watch again see keira hey wife watch every brad pitt movie why can film brings era life allow yourself absorbed times language shows english can elegant french sad see evolve sad state today hopefully review convince guys see suggest watch once dvd without subtitles
IMDB_0743,imdb,film,movie great soon start watching feels like transported whole different place time time true love rare anyone found considered blessed emotions deep can help draw lives these characters darcy elizabeth perfect each other even beginning can tell meant together even haven read book elizabeth family almost like any family can found today can help laugh happy times cry sad ones end movie make sigh wish forever
IMDB_0744,imdb,film,lover story both original book form bbc production faithfully stuck book initially found many surprises contained film somewhat off putting reaction second viewing decidedly positive love pithy new lines script unique slants characters whole thing feels accessible based reality older production main complaint does feel abbreviated those unfamiliar story may even find incoherent several characters substantially better cast portrayed film production judi dench presence expect lady catherine rosamund pike drop dead gorgeous imagine jane julia sawalha isn silly enough lydia mrs bennett collins miss bingley too over top darcy elizabeth great both productions although quite different firth darcy handsome aristocratic macfayden younger less aloof less sure himself ehle little too old elizabeth knightley right like both bennetts sutherland brings some beautiful new nuances
IMDB_0745,imdb,film,pretty scenes think can considered natural others still prefer bbc version studied novel two whole years gce exams know nearer book bbc version nearer want give new version chance still prefer bbc version years ago new darcy matthew wonderful look darcy always recommend book read before movie watched especially english literature dickens bronte etc costumes important appearance only occasion story elizabeth looked unravelled unshevelled after hurredly walked over netherfield jane ill
IMDB_0746,imdb,film,first sat preview screening only norway stressed agony sheer agony stress moment relax watched completely blacked didn like well wasn sure saw again dvd entirely skeptic yet people bragging internet days saw loved adored probably seen over ten thousand times love keira knightley fresh acting elizabeth bennet matthew macfadyen incredible darcy entirely earnest best least watch even highly skeptic any costume drama watch again even thought rubbish because know first impressions never accurate
IMDB_0747,imdb,film,rendition pride prejudice sheer delight only mind bringing beloved jane austen book screen again most visually splendid film seen long time colors used every single scene give eye spots highlight without sharp contrast unless superbly useful impact dialogue event occurring time gowns each ladies wore ball scenes vary color give idea might seen time subtle enough texture differentiate singleness each person crowd color rooms each respective houses gave credence personality inhabitants farm ish spread bennett house browns working blues stark royal colors rosings park signifying wealth lavish embellishments bingly house temporary type hotel feel homey trinkets enough color show wealth inhabitants feel permanence main colors tans whites gold accents darcy course contrasting starkly black suit humble abode clergyman new wife give feel subservient man enough needs without flash giving rise position favorite two scenes lizzie herself most part first course used opener dvd standing rocks vast land spread behind rich gold subtle gray skirt billowing wind behind other small rotunda rain vivid green grass surrounding soaking rain sustenance shimmering black pond front contrasting gray stone rotunda
IMDB_0748,imdb,film,finest movies ever seen because gentlemen history now love strong wanna like future read novel good mean jane austen novel genius can any tell still any gentlemen left earth don think because gone wind never met gentlemen whole life pride prejudice movie must see can love love most bingley made ball darcy cold changed degree love told make amends after done still isn enough him
IMDB_0749,imdb,film,week ago went cinema see latest version pride prejudice some weeks ago only saw some trailers captured movie during first minutes movie fascinated pictures actors music later wonderful landscape like painting began live performance actors great especially keira knightley matthew macfadyen chemistry them good already feel didn expect movie touch incredible jane austen fan read pride prejudice english german only thing can say movie little too short
IMDB_0750,imdb,film,pride prejudicejoe wright pride prejudice example lush indulgent film can visuals while still balancing perfectly told story exemplary retelling unquestionably classic story well suited today audience yet never giving demands modern audience steering clear romanticizing story setting joe wright made jane austen classic compelling beauty does entirely lie lavish gowns perfectly decorated houses lies lifestyles characters interaction between bennet family desire use little finances make luxurious living longing true love list goes incredible camera tricks used show passage time never feel gimmicky place overall incredible debut director shows promise become major force revitalizing genre classic literature put film story evolves around bennet family middle class family mother desperately trying marry off daughters despite lack dowry though watch romantic social activities daughters focus lies tumultuous courting elizabeth bennet played beautifully stunning keira knightly rigid darcy matthew mcfadyen though story center story elizabeth darcy seems travel slowly inevitable conclusion twists turns bring offer plenty surprises witty dialogue dynamite performances managed keep guessing these two ever end together aside joe wright direction perhaps attributed direction performances entire ensemble perfection brenda blethyn matriarchal mrs bennet does exactly blethyn always does does perfectly here donald sutherland brings serenity film calm charming performance bennet credit must given matthew mcfadyen taking role darcy role many people argue perfectly captured colin firth bbc version capturing cold nature outer personality
IMDB_0751,imdb,film,burdened having seen famous bbc nor read original austen book saw pride prejudice first foremost keira knightley bewitched throws herself lizzie cheer throughout fends off unwanted suitors interfering rich matrons equal parts aplomb sarcasm performance retains veneer period attitudes behavior strong willed independent woman quite modern lizzie final walk through fields impeccably staged filmed treat movie lovers everywhere most exquisite two minutes ever seen motion picture can stop watching dvd over over again thanks joe wright your crew fashioned timeless image hopeless romantics like myself can savor forever sure feelings hindered your regard help overcome
IMDB_0752,imdb,film,saw movie yesterday husband doesn like kind movie really amazing liked lot sense humor photography delicate long takings dances between dancers great darcy really charming fell completely love him only smile ones movie best smile ever seen other movies jane austen novels even think better novel book mean maybe best adaptation sorry emma thompson great movie now favorites
IMDB_0753,imdb,film,even though pride prejudice typical century romance story modern filmmaking keeps audience glued screen sense film created action picture intention wowing audiences flashy effects engaging them same type intensity brilliant creators pride prejudice composed some best cinematography hollywood ever seen addition audiences see some england most regal estates these century old mansions magnificent today may need admission ticket get peek inside another equally important aspect filmmaking attention detail matter happening scene audience eye always something entertaining view characters pride prejudice make film ultimate love story audiences swept off feet each character takes them amazing journey conflict emotion find captivating complexity each possesses every unique personality helps audience fall head over heels plot line believability realism pride prejudice comes brilliant actors portray these marvelous characters deliver unique consistent performance makes story appealing real much delight watching movie comes keira knightly plays elisabeth bennet many ways perfect iconic beloved heroine less famous star matthew macfadyen gives most outstanding performance greatest romantic heroes time
IMDB_0754,imdb,film,beautiful movie loved bollywood story typed flick really pleasure watch keira act pretty ever done something different domino wonderful makes movie fresh got touch winona sure darcy took heart away keep chemistry between lizze darcy alive make movie romantic though story usual loved movie say hundred times better bollywood flick yes true gwyneth winona can get oscar sil little women keira deserved too acting wise everyone awesome scene movie good beautiful language hard understand yet get along think finally jane austin book got justified humorous scenes presented nicely everything set perfectly best part movie scene where darcy confesses secret love lizze lizze sis joan prettiest person movie joan undying love bimgly well presented two people too proud themselves can really fall love thing makes movie romantic really miss movie most beautiful movie year
IMDB_0755,imdb,film,because story compelling kept dialog almost exactly same predecessor whole thing wasn too painful watch got bad kiera knightly wimpy demeanor little girl lost voice spoke elizabeth bennet went spunky bratty ideals went wanting help family being unwilling compromise heart simply wanting anyone said like little two year old kept expecting pout throw peas darcy whose name escapes donald sutherland seemed like three musketeers fact costumes bit off lavish instead rather plain white empire waisted dresses typical time can see little girls middle aged ladies anyone spends good deal time shopping mall enjoying movie
IMDB_0756,imdb,film,guy love movie completely amazing somehow really connected elizabeth bennett took while figure why think might fact both huge families really act interestingly like plot classic amazing few stories connected everybody really staid alive through two hundred years acting amazing keira knightley given some decent performances before now amazing taken reese witherspoon oscar donald sutherland brenda blethyn everybody else amazing oscar worthy direction fine oscar worthy gets everything done correctly cinematography art direction costume design amazing some best year loved movie
IMDB_0757,imdb,film,modern version jane austen pride prejudice good sure entertain most ardent jane austen fans remarkable bbc mini series movie might even win hearts most die hard austen fans movie several small weaknesses some strengths mostly make those among strong points roles several actors keira knightley rosamund pike excellent oldest bennet sisters elizabeth jane brenda blethyn good mrs bennet claudie blakely does well charlotte lucas matthew macfadyen good darcy judi dench plays lady bourg well roles other major players most lesser players developed enough other strong points film cinematography makeup sets excellent movie considered modern adaptation austen novel language manners personal behavior characters films made stories take place past however along ago reflect those times culture customs closely possible serve great value such windows history culture those past times educate movie goers times
IMDB_0758,imdb,film,excellent direction acting script character development sets photography editing believe jane austen well satisfied film version book even though successful life woman england limited marriage successful bennet family real characters real aspirations real makes jane austen books forever current become characters book wonderful remake movie even without sound movie glorious visual feast some landscape scenes beautiful art grace walls home brooding scenes keira knightley seen felt vivian leigh gone wind movie classic
IMDB_0759,imdb,film,saw pride prejudice packed theater observed disappointed viewers indicated applause film received end many things impressed immediately firstly camera work exceptional scenes colors breathtaking costumes spot people populate screen characters pulled idealized scene early century people appear those people often unshaven clothes pressed washed many older films made costumes makeup hair perfectly presented actors seemed plastic unapproachable language film well brought book want see again listen characterizations superb each character depth substance sutherland wonderful father mother gave dimension gave woman nervousness inappropriateness pitiable side judy dench brilliant royal bone marrow aunt looks down nose every other character comes within purview leads well played interesting watch even viewer well versed story
IMDB_0760,imdb,film,joe explained got two pure flukes filming movie scene geese flying over lake other scene last movie sun raised right moment elizabeth darcy love united flukes indeed believed god put blessings movie these two scenes done beautifully viewer thankful see through god eyes loved movie simplicity empowered every possibility imaginations music natural scenes arts every honest soul movie made film alive especially love showed daughters husband wife friends sisters brothers
IMDB_0761,imdb,film,really liked movie few years ago serbia montenegro series pride prejudice shown liked ittoo opinion series betterbut normal because longer describes situations many details think movie longer acting great oneespecially keira showed gentles truth talentso some situations can feel love among elisabet darcy some wrapped way love hurt themselves experience during movie think movie shows people pride especially prejudice can make useven break great loves cause great tragics sopeoplewithout prejudice prideyou example learn movie pair escaped dangerous trap prejudicesand try itit maybe hardbut worthy hello anyone liked movie
IMDB_0762,imdb,film,pure simply jane austen dumbed down audience assumed attention span dead frog beautiful language book hopelessly mangled delivered machine gun pace gabble gabble gabble expect certain standard dress period drama everyone even dreaded lady catherine looked rather worn shabby film given stars simply because darcy fairly nice look some scenes filmed stourhead where spent wonderful day other half loved sneer caroline bingley incidentally only decent frock entire piece gorgeous red number year old mother says can beat colin firth
IMDB_0763,imdb,film,beautiful cinematography well acted worthy adaptiton true masterpiece
IMDB_0764,imdb,film,took many prejudices viewing film like numerous others huge jane austen fan pride prejudice favorite colin firth jennifer ehle bbc version critical need remake classic since thought bbc couldn topped colin firth quintessential darcy let tell wrong proud admit deborah moggach written screen play competently allows both newcomers jane austen buffs plenty enjoyment time limit film minutes means moggach develop darcy elizabeth affection fairly quickly doesn seem strained begin make doe eyes each other towards film end moggach makes clear liking get darcy shyly eyes elizabeth introductory ball elizabeth clearly wounded overhears darcy sharp remarks bingley easy see through carefully placed side ways glances meaningful quick touches darcy elizabeth chemistry though both too stubborn admit beginning immediate attraction doubt make rest story plausible first time viewers cast perfect say having previously deep concerns young modernly attractive somewhat inexperienced keira knightley playing lizzie colin firth
IMDB_0765,imdb,film,dear readers lovely adaptation favorite jane austen novel once again proves words based novel insert your favorite author here mean nothing less novel yet people continuously lambast being keira knightly does splendid job eliza anyone especially males tell beautiful strong funny loyal everything eliza meant matthew macfayden darcy quite effective yes played painfully shy does show snottiness loathe him novel think depth feeling expressed adaptation uncharacteristic previous screen plays much based slaves jane austen novels public rather staid image them meant appeal masses only those can understand adore subtleties georgian english herein lies rub funny charming romantic entertaining novel want novel dears
IMDB_0766,imdb,film,vote may seem excessive movie owns several years ago saw version colin firth since bbc presentation turned mini series split over few days get full extent story because younger hadn seen shot new came looked promising previous compelled see times later saw version again compare emotional suspense newer version included found lessened dialogue beneficial overall impact movie actors fabulous kiera knightly outstanding performance alongside matthew mcfadyen mysterious colin firth role cinematography much improved fact condensed made better viewing without needing interrupt movie general love evident newer recommend wholeheartedly
IMDB_0767,imdb,film,film absolutely beautiful love love love anyways entire scenery movie great really felt actually movie eavesdropping everything think may found future husband matthew macfayden darcy seen bbc adaption found colin firth performance absolutely awesome believe now room two darcy while macfayden excellent keira knightley superb many people thought tolerable other films believe proved herself since first started movies such bend like beckham pirates caribeann jacket similar looks combined natalie portman winona ryder keira knightley lizzie bennet supporting cast fine well rosamund pike great shy modest jane brenda blethyn donald sutherland great usual judi dench nothing short excellent other sisters cute giggly bingley funny great good laugh collins short definitely seeing again adios
IMDB_0768,imdb,film,love movie liked mini series movie excellent great actresses actors amazing script wonderful costumes keira knightley excellent role elizabeth bennet loved character rosamund pike good job well several times during movie couldn help thinking looked old play jane only thought looked way older simon woods plays bingley way older girls played younger sisters weren character supposed around years old can barely wait dvd release luckily ins long residents region thanks play com
IMDB_0769,imdb,film,want see distilled version pride prejudice get along understand containing book hour film might require some cutting minor characters might well left wickham whole film screen time given such central character yet barely screen before decamped brighton any newcomers austen might realise any great flirtation between eliza wickham warrant such defense character darcy during proposal scene seemed too rushed language butchered wonder why bothered compete against jennifer ehle colin firth mini series adaptation
IMDB_0770,imdb,film,always loved jane austen novels thought never see good adaptation pride prejudice partly because thought adaptation emma thompson sense sensibility superb never before unsurpassed partly because thought impossible actors these days portray characters faithfully appropriately completely amazed pleased above version thought keira poor justice elizabeth even considered going cinema first must admit truly impressed delighted whole perfect movie love fact don necessarily need show kissing sex convey love film less piece art does true justice original novel thoroughly recommend anyone seeking fun romantic drama twist film complete every way talented cast breathtaking landscapes surprisingly artistic carefully elaborate camera shots lots lots perfection every way cannot miss watching perfect
IMDB_0771,imdb,film,currently watching version colin firth keep having flashbacks beautifully shot version keira knightley matthew macfadyen can say portrays shy awkward confusing love well matthew macfadyen wonderful movie indeed great retelling classic love story found edits made plot line order ensure fit within time frame quite pleasing left material nothing substantial development plot characters loved movie such long time wasn until recently gave second thought macfadyen portrayal darcy plays darcy such subtle grace such amazing technique man darcy
IMDB_0772,imdb,film,pride prejudice best movie ever seen acting great story easy follow whole movie overall absolutely magnificent story class conscious england near close century five bennet sisters elizabeth lizzie jane lydia mary kitty raised well aware mother fixation finding them husbands securing set futures spirited intelligent elizabeth however strives live life broader perspective encouraged doting father wealthy bachelor bingley takes residence nearby mansion bennets abuzz amongst man sophisticated circle london friends influx young militia officers surely shortage suitors bennet sisters eldest daughter jane serene beautiful
IMDB_0773,imdb,film,truly favorite movies now favorite books too keira knightley absolutely fantastic might add young maybe considered inexperienced comes critiquing movies don hold against movie absolutely beautiful start finish keira knightley elizabeth bennett captured heart beginning growing love between darcy made heart swell being huge gushy romantic recommend movie anyone everyone movie truly shows weren really different simply different culture felt same things people feel today easy connect characters movie funny profound three thumbs
IMDB_0774,imdb,film,fan book since hooked bbc television series saw trailers desperate see yet apprehensive too keira knightley great elizabeth darcy enigmatic properly darcyish many things cut book due time limits think amazingly well kept essential parts need promote darcy elizabeth relationship wickham lose think worked shooting film brought really new dramatic romantic depth movement superb excess animals around bennets home developing relationship between darcy elizabeth exhilarating darcy version colin firth wonderful same keira knightley superb elizabeth witty proper yet desperately human come cinema thinking perhaps going long treks rain only disapointement end after fathers approval shock elizabeth attachment credits roll don see them get together however true fans suppose left imagination definitely see again own dvd
IMDB_0775,imdb,film,lovers great literature great movies think died gone heaven cast excellent keira knightly elizabeth bennet convincing earn first oscar nomination judi dench turns yet another tiny role get oscar nominated once again last time being mere minutes screen shakespeare love donald sutherland wonderfully convincing jane austin vision bennet moment meet bennet sisters drawn lives joys disappointments cinematography english countryside haunting wonderful cast fine direction screenplay rolls along well makes ask two hours already gives may finest adaptation yet
IMDB_0776,imdb,film,once upon time feisty lovely woman ahead time managed ruffle few feathers way quest find love life rather simplistic way put words happens charming bewitching film isn first time see adaptation jane austen title times feel rewarded satisfied design hard fail supporting cast imposing judy dench giving another powerhouse scene stealing performances makes film joy watch casting behind heroine film knightley years old can hold own against most formidable figures british cinema does capable job handling austen precise vocabulary projects both fiery spirit combined lovely intelligence shades alluring sensuality powerful quiet scenes film where hangs around camera able capture chemistry between both leading actors flows know film works best addition faithful portrayals rest characters tale social classes marked differences between wealthy class family barely hangs middle class fine characterization female archetype something behold treated range variety consistency great performances around much admire love story stories depth
IMDB_0777,imdb,film,jane austen immortal love story template every romantic comedy ever made pride prejudice hadn written two hundred years ago bridget jones diary love actually big fat greek wedding certainly bridge prejudice maybe even wedding crashers yes old story boy meets girl boy insults girl girl hates boy boy falls madly love girl somehow girl furious rage toward boy turns passionate everlasting love only reason old story even exists because jane austen wrote let face neither hugh grant nor colin firth career today weren century writer know book great reading because want know keira knightly film version pride prejudice fantastic may take place couple centuries ago movie best see our chaotic pathetic love lives reflected back darcy played brooding dreamy matthew macfadyen pompous
IMDB_0778,imdb,film,admit jane austen novel bbc adaptation hold dear places heart cannot help speak bias judging film only adaptation movie general cannot help speak disdain course expect film achieve perfect vision novel expected quality film least however disappointed shall try concise script poor can appreciate difficulty adapting novel two hour screenplay still film lacks depth plot character furthermore expositions transitions practically nonexistent those read novel probably difficulty following story casting acting decent keira knightly flirtatious artless portrayal elizabeth lacks subtlety wit character cherished other actors however justice characters disappoint mrs bennet jane
IMDB_0779,imdb,film,think jane austen most famous novel need another cinematic treatment given definitive bbc version decade ago classic mgm version starring greer garson laurence olivier mention contemporary bollywood style musical according imdb least six other versions however first time feature director joe wright first time screenwriter deborah moggach uncredited assistance austen adaptation veteran emma thompson brought youthful vigor wild thomas hardy like element movie whole works well almost makes overly familiar novel feel revitalized those forgotten required high school reading story focuses downscale bennet family passive father domineering mother latter intent marrying off five daughters wealthy families eldest daughter jane becomes smitten rich somewhat weak willed bingley bookish mary keeps piano while two youngest daughters kitty lydia giggly boy crazy other hand headstrong elizabeth wants marriage terms intellectual equal
IMDB_0780,imdb,film,considering acclaim bbc production pride prejudice went cinema wondering new delights first time director joe wright bring oft told tale happy report production team succeeded adding vitality flavour mix examples claustrophobic cavorting meryton knees little later post netherfield hangover scene sweeping away much novel clutter course bennett household adaptation tidy point whilst retaining humour observation know fans jane austen complain axed characters scenes either omitted wrongly sited nothing lost result indeed darcy first proposal better location rain red blooded man wouldn want reach kiss lizzie moment resisted darcy done think casting spot churlish single any performance everyone dazzled combined wonderful settings whole thing treat pointless trying make comparisons between earlier version adaptation film different television silver screen only two hours disposal box five some critics seem understand yes might prefer colin firth darcy keira elizabeth such arguments purely subjective real purist stick book those given film wide berth because don enjoy costume drama cast aside prejudice give superb
IMDB_0781,imdb,film,pride prejudice only favorite book time die hard fan bbc mini series having said say loved movie few incidences messed some most important iconic lines most part good job giddy romance end seen every version pride prejudice made version lawrence olivier greer garson bbc version found something love them mini series above best version ever made remember hours long average movie around hours time work movie absolutely wonderful must see jane austen enthusiasts see enjoy wonderful filming well because only movie good adaptation beautifully filmed work wonderful colors camera work
IMDB_0782,imdb,film,version outstanding difficult compare bbc version found myself doing enjoyed light fun take thoroughness former cast well chosen darcy imagined him movie light fun novel dictates serious passionately moving proper times relationships between characters right movie moves through novel brightly scenery gorgeous rain romantically placed audience left smiling good interpretation novel author surely approve mom comment let add truly refreshing movie highly recommend please forget ever saw bbc series too different compared really hours hours going different though like bbc series alot movie completely different lighter feel darcy much human love colin firth arrogant unlikable likable way darcy like book sure read fan knightly okay really disappointed chose elizabeth pulled off well fact like book way too skinny even attractive considered sick way beside point jane perfect bbc jane bothered sooo much laughed every time said pretty jane beautiful perfect rest cast great too feel movie much like book happy quick ending too soon say ending movie bothered felt like wedding scene appropriate simple kiss mrs darcy stuff uncomfortable those aren canada didn miss anything where keria knightly really started annoy definitely movie worth seeing like said before please stop comparing old like them both possible folks lets prejudiced
IMDB_0783,imdb,film,interested see joe wright fit story hours bbc series trouble fitting film done really well keeping tone mood jane austen story while making sensitive adjustments like leaving bingley married sister husband changing famous lady bourgh scene shrubbery etc matthew mcfadyen colin firth equal different pleasure them both saw laurence olivier version cross between paint your wagon gone wind story adaptation astonishingly ridiculous still worth look know good quality see joe wright liked way matthew mcf darcy used haughtiness simply order cope life basically shy lad desperate wish great woman make man him loved jane perfect keira bit light okay end bingley fine too judi dench donald sutherland superb although donald teeth bit american bright white old man like caroline wilton too
IMDB_0784,imdb,film,despite much money treasures can never fill emptiness needs full emptiness love big fan romance genre few stories really like love pride prejudice favorite romance story because those rare cases romance story done right way sense honesty romantic tension banter most universal effect most other romance stories done right like show castle well japaninese anime show macross way sci retelling literary story plenty come cinematography location great see wide shots some medium shots look feel century england long ago wide lawn characters cross weather conditions open space where houses located interiors ballrooms wealthy memorable moment film stood mind most like ballroom scene both them dance another soon everyone else fades room both can moment see each others hearts music score beautiful fits film perfectly thanks perfect casting everyone seems portray characters accuracy understand them keira knightly favorite actresses perfect elesbeth bennet because literally character love liz beautiful inside intellectual interest books art never lacks courage
IMDB_0785,imdb,film,horrible remake huge fan bbc aae version still date relevant mention immensely popular don know why even made movie bbc miniseries made movie quality argue six hours too long evidenced new version cannot story justice without giving full time too complex story told short cuts despite willing give try being massive austen fan extremely disappointed story choppy difficult follow viewers already seen other versions read book filming style reminiscent bad day sea gave nauseated stomachache pitching around camera think tried make story earthier ended misrepresenting austen settings characters poor gentile gentile country people chickens running through house maybe rural appalachian america
IMDB_0786,imdb,film,sensuality beauty love detail used create masterpiece make must cultured moviegoer casting cinematography music costume well period etiquette used create film make work art utmost beauty world jane austen portrayed such wonderful way social psycho social conflicts austen time reflected uncorrupted way austen point view uncorrupted reflection early century upper class europe hardships emotional rigidness time almost unbearable today viewer truly conflict heart ache austen experienced portrayed wonderfully film sit back let yourself bathed visual musical beauty
IMDB_0787,imdb,film,saw movie yesterday good friends absolutely positively loved came knowing nothing seen trailer absolutely enchanted soon begun never seen any previous versions never read book breath taken scenery costumes brilliant acting friends sat front row cheering keira knightley sharp tongued witty elizabeth lizzie bennet swooning over matthew macfayden snobbish rich darcy laughing brenda blethyn marriage obsessed mrs bennet tom hollander awkward hilariously short collins amazed insight put lizzie showed insight keira knightley standing cliff looking positively gorgeous landscape friends including came stamping our feet pouting whining want darcy matthew mcfayden played extremely sexy rugged endearing leading man friends end movie screaming kiss kiss kiss already screen getting shh popcorn thrown them screaming irrefutable far
IMDB_0788,imdb,film,few see movie missed bbc mini series starring colin firth definitive yes better olivier darcy cannot help liken new darcy heathcliff rather stiff mannered darcy jane austen describes however portrayal met objection movie going companion neither read book nor seen bbc version fact loved therefore must count myself prejudiced liking darcy elizabeth better these two tiny chested knightley rather unlikely candidate famed beauty century however reason thinking worthy good rating bingley jane chemistry palpable stumbling bingley absolutely charming believable jane beautiful demure can besottedness enchants viewer course always case feature length films made long books many nuances intricacies austen supplies reader went missing yet film does creditable job covering major plot points small time without actually changing any essence remarkable achievement
IMDB_0789,imdb,film,edition pride prejudice truest adaptation seen jane austen famous novel surprised movie made reasonably recent wake popular bbc mini series colin firth darcy glad film like series awe inspiring landscapes stately home settings favourite scene peak district keira knightley standing some rocks hill difference between version pride prejudice others faultless acting keira captured elizabeth bennett persona read highly intelligent opinionated strong sense playful mischief matthew macfadyen darcy arrogance credible sense vulnerability made believe elizabeth fallen him left wondering other versions earth elizabeth any feelings beyond gratitude darcy because still remained contained brenda blethyn perfect mother role easy overact mrs bennett character crass another aspect liked film truly reflected family status genteel poverty lovely home rather worse wear thing chuckle though state farm can believe anyone let yard get such scruffy state matter little money surprisingly good film husband enjoyed much ergo your standard period drama girls
IMDB_0790,imdb,film,love movie before came excited little afraid raising hopes expectations too high surely movie does compare version less time play think film portrayed book refreshingly new way only aspect movie can complain fast went action moves problem another without giving time take breath sat theater another hour any die hard pride prejudice fan well movie trying appeal bigger audience many ways think movie showed income difference between darcy elizabeth better version knightly macfadyen great job cannot wait until can see again theaters really come dvd soon enough
IMDB_0791,imdb,film,loved movie bit reluctant seeing great fan went enjoyed immensely know trying squash two hours means some things left overall excellent adaptation seen called iconic mini series didn like jennifer ehle too old made lizzy seem fat matronly lizzy only ehle too mature part stupid smirk does everything seen really annoyed find movie lacking humour find collins lady catherine flat devoid character neither portrayal bingley failure quite opposite audience shared viewing seemed find collins amusing loved bingley keira knightley superb performance delight see why darcy collins wickham captured comments making look plain why needed elizabeth bennet described pretty second most attractive bennet sisters after jane why knightley made look plain loved period depiction refreshing cast speak naturally instead putting false airs often case period movies country setting squalor bennet household mud dirty hems rest helped bring life loved wish longer only criticism
IMDB_0792,imdb,film,can begin tell unspeakably awful adaptation luckily done admirably well previous comment makers these pages although quickly mention bit actually makes blood boil unbelievably wrong regency period england man went barging ladies bedroom wasn dressed probably public scandal enjoy jane austen see film please ignore panderers gave proceeded make excuses mistakes script casting locations costumes etc nothing makes mistakes bad film best ignore perhaps away bbc mini series far beyond better unwashed toilet bowl film please see instead happy
IMDB_0793,imdb,film,review matthew mcfayden literally steals every scene ominous presence finally get see him smile home can help fall love him incredible actor glad decided movies especially good comedic anna karenina shows versatility real creep hbo succession way messes greg awful well done
IMDB_0794,imdb,film,watch movies lot husband love must say movie captured heart now favorite love movie time don changing favorite movie time either thought charming witty only funny interesting best love stories time fine myself normally being disappointed bored watching movies based time movie far anything watched times days trust don stuff highly recommend movie anyone looking love story stories captured heart don think passionate movie since little thankyou
IMDB_0795,imdb,film,director joe wright created visual musical enchantment keira knightley deserves oscar nomination captures movie essence movie revolves around persona english country side photography set designs beautiful big ballroom scene classically done camera following main characters each own little world perspective later watched bbc version can understand why bbc stalwarts defensive colin firth arcy anybody big feet follow those footsteps bbc version hours minutes too long movie version minutes too short hours allows character development quite draggy many parts movie version difficult pick nuances especially don know story movie arcy doesn hold well pride doesn show much self doubt hesitancy agree movie bingley bit too floppish idiotic while movie collins far superior version boy getting confusing bottom line people like year old lizzie bennett year old lizzie bennett mature college age overall beautiful story well made both movie versions
IMDB_0796,imdb,film,acting adaptation top notch might compelled gush quite much only keira matthew donald brenda entire cast give heartfelt loyal performances music cinematography scenery locations film techniques such refined excellently assembled package think actors quite read phone book lines thinking wasn bad film jane austen wonderful dialogue deliver top rest made film delight already shared next generation hope share next generation complain don while these fine actors assembled filmed hours hours hours filling wonderful details left cut distribution add cut scenes back dvd gladly sit before television hours worth film
IMDB_0797,imdb,film,having seen enjoyed bbc drama series looking forward film watched year old daughter never read book seen bbc version particularly worried actor playing darcy never live colin firth portrayal needn worried darcy does disappoint both enjoyed every minute film found ourselves totally immersed beautiful filmthe many fine acting performances excellent use humour coursethe intense love themes lack hollywood make gloss especially noticeable start film refreshing film captures spirit time original book
IMDB_0798,imdb,film,wanted like film end found disappointing several crucial levels don expect word word dialogue jane austens book expect clever satire remain tact anachronisms within adaption both conversation environment lead believe maybe both deborah maggoch joe wright didn truly understand material chose ignore screenplay director respectively gone before can improved least show something new neither here performances good given canvas frustrated film some moments hinted some potential good much deeper appreciation work emma thompson adapting sense sensibility your romance humor sport making society lost pride prejudice romance both darcy lizzy certain prejudices speak must demonstrated overcome actions conversation interpreted badly become pair spoiled brats here argument direction screenplay darcy lizzy must engage each other sort verbal sparring match exposes each flaws polite pointed manner darcy must shown such way believe words actions might possibly misunderstood lizzy elite because believes elite deserve station where lizzy must demonstrate qualities deportment make darcy consider despite being among elite class here film darcy comes across snobbish dull lizzy impertinent sense over entitlement believable subtle humor caricature class system washed away attempt grandeur realism left told works instead shown works why cast fault here adaption
IMDB_0799,imdb,film,through moving film realize feelings ideas love remained same throughout our history elizabeth darcy characters savoured relished through literary history film perfectly seamlessly demonstrates proud enchanting characters appreciated years story timeless film part your timeless collection watch keira knitely matthew macfadyen main contributers films excellence along perfect story film through trance many emotions make want keep watching feel intense pleasures perfect love story during most desirable time periods history
IMDB_0800,imdb,film,pride prejudice greatest books ever read adaptation bbc production lot deliver turn film adaptation even better wasn disappointed still believe roles written colin firth jennifer ehle keira knightly matthew macfayden great bbc production luxury being able tell story hours where film only realistically important aspects book present film even here changes film generally romanticised truly emphasised difference between rich darcy poor elizabeth bennet some say pride prejudice isn love story disagree believe story time society most can always trust your first impression definitely love story having read book several times watched bbc adaptation knew ending yet still edge seat suppose hopeless romantic however severely disappointed wet shirt scene didn feature other lack important scene film adaptation worth seeing only prove bad think going
IMDB_0801,imdb,film,note sundry probably most romantic movie ever seen date half past your favorite mine opening music cinematography long long long shot beautifully drab lizzy walking home across field loves while reading book loves girls don anymore clash pride prejudice between herself darcy along tortured path through misunderstanding slow revelation final love agasp happy movie makes agasp tell agasp even play light across lizzy face while asleep carriage way peak district along hauntingly beautiful score themselves singularly romantic events
IMDB_0802,imdb,film,loved look new version pride prejudice people perspire bad haircuts dirt visible bennet house sometimes dance scenes dance floor seemed actually crowded even several servants bennets lives looked imperfect mrs bennet often describes them confirmed janeite trouble first accepting modified dialog love austen prose each character own voice new screenplay shortened long exchanges slowed action realize now incredible achievement fitting plot two hours possible original wording favorite scenes preserved none major plot points cut only few brothers law aunts left script makes story accessible new audience know folks already starting read book result having seen film although satisfied most part casting interested ages actors actresses susannah harker played jane bennet born too old rosamund pike those four years make quite difference believability regardless true age jena malone bratty never seemed minute over keira knightley captured combination vivaciousness someone barely teens wisdom makes elizabeth bennet favorite fictional character greer garson played elizabeth however
IMDB_0803,imdb,film,read original novel before seen version starring sir laurence olivier greer garson adaption simply fabulous keira knightly free spirited independent elizabeth bennett real treat see especially men elizabeth embodies kind woman many girls long like victorian era free choose future wherever wind takes miss knightly star grand foil independent character typical gentleman time man uninterested free thinking young women disdains society seems mask need affection love british literature fan fall love story feel free upon finale film
IMDB_0804,imdb,film,considered adaptation austen pride prejudice far like somebody tried build script high school pupil crit austen pride prejudice unfortunately chose crit decidedly below average high school pupil only relate story turning teen soap opera film simply does deserve name nor association austen work honestly nothing like film beggars belief many talented high profile actors prepared associate themselves project rotten core every single aspect writing truly appalling thing take few liberties novel condensing comparatively short form film even understandable language dumbed down little mass market however hatchet job done here austen dialogue unforgivable strips story meaning leaving only blandest most uninspiring insipid middle road romances strips characters intelligence humour insight leaving only dull spoiled nonsensical blobs trundling forward without motive cohesion every aspect dialogue story direction sets hair costume make relating period crude downright wrong like watching cross between disney cartoon worst those period pieces where everything pink orange polyester version victoriana regardless actual period even ugly fruit sorbet vomit tint colouring whilst lot acting talent offer
IMDB_0805,imdb,film,another spin country old austen here come hertford kent derbyshire few other locations well two most striking things version pride prejudice liveliness direction exuberance cast keira knightley whose flawless beauty years old can stand closest close ups can act well despite odd anachronism deborah moggach script gives appropriately spirited elizabeth bennet matthew mcfadyen spooks battling against definitive image colin firth role version gives darcy compare match bennet family lively noisy lot brenda blethyn mrs bennet manages make something comic upstart matchmaker previous versions thought donald sutherland canadian bennet something anomaly hard expunge memories benjamin whitrow role even does quite convince english gentleman large family reduced circumstances handles fond father bit well minor characters disappoint either tom hollander does superb collins
IMDB_0806,imdb,film,like say think pride prejudice excellent film only first wondered point watching movie therefore contained sex language violence however great many other ways visually stunning well acted believe appeals audience normally interested film version classic far bogging watcher down confusing dialogue overcomplicated plot told story authentic way without alienating younger audience although wouldn recommend small children definitely tell anyone completely repulsed idea jane austen novel screen watch
IMDB_0807,imdb,film,discovered movie before reading book everyday wish see first time fan historical love stories best translation romantism truly combination camera placements unforgettables sentences makes masterpiece some may seem like movie lot borings scenes participate make descriptive profound please watch haven make your own opinion sure everyone can find something resonate himself price prejudice yes ultimate romantic movie
IMDB_0808,imdb,film,read novel even though much jane austen fan keira knightly lovable ever think might crush breathtaking wonder darcy falls anyone looks personality portraits here every other actors job perfectly cinematography costumes writing good too before watched watched emma adapted jane austen novel difference movies like black white put movie perspective bennett family girls kinda remind sisters young overall hours took watch couldn spent better
IMDB_0809,imdb,film,favourite classic shows true raw emotion expressed characters creates real bond audience making feel within feel romance beautiful love progresses darcy improves throughout specifically elizabeth adore elizabeths character feel relatable loves reading much loveable such honest bright character hopeful read classic soon movie perfect any romance fan alike meets expectations exceeds them making perfect film absolutely love
IMDB_0810,imdb,film,pride prejudice movie directed famous director joe wright based novel jane austen haven read novel yet because lived under rock beginning elizabeth darcy false beliefs towards each other thinks rude considers higher social status find wrong leave egos side end falling love may think taking book big screen mistake dialogues taken straight book cast amazing keira knightley let down chemistry matthew macfadyen couldn special way filmed takes back feminist romance century moreover movie own soundtrack once listen associate scenes movie definitely recommend movie everyone even people don like romantic movies romantic period drama help understand like century social events manners missed
IMDB_0811,imdb,film,gratified pulls younger crowd gets few them reading incomparable jane austen bbc remains unvanquished screen adaptation book offers few improvements over bbc production some jane supposed knock dead beautiful played bovine looking actress bbc production got casting here straight ditto wickham actor bbc wickham odd looking charming enough warrant lizzy lydia plus rest town swooning over him first meeting again much better casting job here like darcy surprised after colin firth didn think anyone ever again come close nailing character darcy something colin firth made difficult shift being cold snobbish start final lovable darcy believably where newer falls short way too much time spent close ups kira knightley much pack movie why waste time these pointless scenes after sighing boredom couldn costumers chosen wardrobe better disguised knightley painful thinness something wrong stop paying attention movie instead muse whether knightley anorexia host colony tapeworms why why portray bennett house longbourne something akin pig farm every wall cracked needed paint
IMDB_0812,imdb,film,writing review express humble opinion movie pride prejudice say amazing time watching some refreshing nature scenes anticipating gripping plot both realistic interesting movie accurately represented old age era habits clothes furnitures definitely original story keeps viewers edge seats only negative aspect masterpiece open ending while deserved detailed overall recommend movie realistic stories lovers because definitely left lasting impression
IMDB_0813,imdb,film,must strongly disagree ehenders australia almost every point huge jane austen fan watched three versions pride prejudice keira knightley included though bbc favorite long time really impressed last sure shorter can display someone pride six scenes joe wright same two point story rushed perhaps strongest point made besides movie far emotionally passionately done any other adaptation movie strong point ability pack heart soul story shorter amount time enough chemistry between darcy elizabeth clearly displayed displayed beautifully sensitively too cast great bennett grew quickly made touching father completely favorite actor three versions characters cast matthew macfayden darcy captured outwardly proud inwardly sensitive type better seen yet showed soft side himself effectively managed look proud without looking egotistical thought made story
IMDB_0814,imdb,film,novel pride prejudice jane austen effectively developed film directed joe wright movie depicted relationship between elizabeth darcy well bingley jane extremely well characters portrayed exactly same book described them considering both physical appearance personality casting movie exceptional however wish wickham screen time significant role movie character seemed lack story arc wickham elizabeth relationship definitely prominent book opposed movie thought relationship between five daughters similar austen described them forced unhappy relationship between mrs bennet came across same way book overall thoroughly enjoyed movie pride prejudice directed joe wright
IMDB_0815,imdb,film,okay yes want let know sucker anything romance beats them pride prejudice best movie ever seen entire life used obsessed movie notebook after seeing changed isn too much kissing stuff like notebook get sick after while still keeps hoping lizzy darcy end together reading book can wait get comes dvd movie stays true book even better because find read book watch movie like example notebook harry potter lot different movie disappoints pride prejudice even took lines book makes similar seen theaters couple times strongly suggest see
IMDB_0816,imdb,film,immediately fell love movie cant help myself watching over again paying special attention confrontation rather confession love marriage proposal darcy elizabeth dawn scene dialogue script imagined myself living during period everything being said part poem enjoyed listening though many times wished darcy expressed feelings through meaningful gestures those per director instructions thing increased excitement lack intimate moments between darcy elizabeth such kiss after confrontation where seemed kiss during moment dawn excited imagination viewers much moreso end abrupt leaving everything again our imagination lastly matthew macfayden appropriately chosen role handsome long hair reactions anyone
IMDB_0817,imdb,film,pride prejudice jane austen timeless tale courtship marriage during time bridging late early century found another film version itself keira knightley elizabeth second five bennet sisters girl possessed sharp wit mother mrs bennet brenda blethlyn determined see sisters eldest jane rosamund pike reclusive mary talulah riley two youngest daughters too naive frivolous own right catherine carey mulligan lydia jena malone married wealthy gents because son become heir bennet family estate bennet donald sutherland cousin collins tom hollander clergyman inherit upon former death movie begins bachelor bingley simon woods taking shelter house near bennets mrs bennet convinced daughters must wife him snobbish darcy matthew macfadyen whom elizabeth hasn good first impression collins tom hollander arrives believing heir property
IMDB_0818,imdb,film,movie wasn good enjoy long really boring people planing seeing don waste money see woke morning see first showing off thought going good wasn friend sister thought good other friend got lot during movie talk wasn thought going like definitely see again bye movie enjoy movies take place older ages think makers film made took place better didn look rating goti looked rating before spending money movie enjoyed once again see movie
IMDB_0819,imdb,film,interesting movie writing review express humble opinion movie pride prejudice say amazing time watching some refreshing nature scenes anticipating gripping plot both realistic interesting movie accurately represented old age era habits clothes furnitures definitely original story keeps viewers edge seats only negative aspect masterpiece open ending while deserved detailed overall recommend movie realistic stories lovers because definitely left lasting impression
IMDB_0820,imdb,film,passion acting prowess cinematography beautiful always left wanting watch ends especially sonsidering condensed movie pacing marvelous
IMDB_0821,imdb,film,movie good sometimes acting seemed like reading script movie supposed transport back time didn work movie delineated great deal book like lot bbc version better longer better haven seen bbc version can compare book movie perfect romantic comedy kiera knightley good well donald sutherland both good job absorbing themselves script brenda blethlyn mrs bennet character seemed reading script adding own character
IMDB_0822,imdb,film,top romantic dramas watched plot boring cinematography great needless say acting lead characters marvelous costume design makeup well mesmerizing
IMDB_0823,imdb,film,pride prejudice top list years way before discover commentary director film wonder why touches many people hearts effort thinking crew put hidden storylines background stories cohort each other beautiful movie please check commentary meanings discovered agree comment novel bit too light added layers shades makes possible senses elevate messages even always long time movie hold close heart
IMDB_0824,imdb,film,studied pride prejudice novel jane austen college quickly fell love easier watch movies based novels watched back omg fell love even choice cast sceneries iit actually made everything magical became favourites novel movie say obsessed perfect
IMDB_0825,imdb,film,thank goodness fiber jane austen being extant planet bear witness least successful adaptation most famous novel austen enthusiast misgivings entered theater see film alas sorely justified problem suspect director joe wright took pains avoid mini series adaptation famous book totally missing single best screen translation memory version single biggest hurdle film goer here some ten years later problem ask word keira miss knightley almost too beautiful believed times soft cinematography framing seems best suited soap commercial previous elizabeths weren necessarily bereft beauty assets earlier filmmakers smart enough cast actresses slowly grow win over audience work sort magic elizabeth works aggrieved lovelorn darcy keira bless fine actress seems contain none tempestuousness found greer garson jennifer ehle depth here merely sighs looks off placidly big eyes almost eerily space alien like matthew macfadyen hey dude shaun dead plays stern yet impenetrable
IMDB_0826,imdb,film,didn notice movie certainly book can anyone tell lost jacs darcy call cross mrs darcy elizabeth bennet may only call mrs darcy completely perfectly incandescently happy darcy evening mrs darcy kisses elizabeth forehead darcy mrs darcy kisses cheek darcy mrs darcy kisses nose darcy mrs darcy kisses other cheek darcy mrs voice whisper fades draws elizabeth closer him leans kisses
IMDB_0827,imdb,film,read book young cannot understand deep meaning story watched movie already middle age found myself becoming character story discontent omission female lead response darcy second proposal said mind changed lot many other scenes omitted pride prejudice great long film covers much scenes satisfy fans above choice actor elizabeth too modern darcy far handsome fact little odd jane bit old lover simply looks silly costume house surroundings say super
IMDB_0828,imdb,film,always liked donald sutherland work think role here far best many british movies experience audio difficult understand because background noise annoying too frequent occurrence british movies haven read book yet movie directed deft touch good british humour afraid poke fun themselves scenes daughters especially delightful especially father think sutherland gets best line turns down parson offer marriage says lizzie your mother won see again don marry him won perfect deadpan delivery question end credits thank emma thompson
IMDB_0829,imdb,film,love movie teaches crosstalk talking through behind
IMDB_0830,imdb,film,loved film modern interpretation austen novel yes think those see detrimental overall quality misunderstand true definition film making art form clear any viewer particular interpretation austen novel intended artful completely historically accurate numerous lengthy varying scenes english countryside might pass stand alone own art nevermind sparse yet insightful dialogue beautifully understated wardrobe obviously coordinated emphasize love story between eliabeth darcy point art meant interpreted although legitimate hate movie solely based fact isn exact copy version novel itself perhaps both prideful prejudiced unique fusion modern values dialogue austen original vision film most remarkable appealing quality
IMDB_0831,imdb,film,first never read book probably never isn kind reading prefer honest time decided watch movie our local cinema tonight didn really because movie enough expected something read heard lot movie finally saw came surprise some much can done those old books make movie well best describe movie only middle aged woman like thanks joe wright didn anything right though story hadn much left surprises even didn know book kept bounded end keira obviously fabulous job though some scenes like pavilion rain felled really great loved cockiness smile irony loved play donald sutherland look say pages phrases course gonna dream big huge dark eyes tonight honestly probably pay movie nothing hour close face smile eyes back movie brenda donald parents hilarious father plagued house teenage daughters furious wife brenda seemed anything get daughters married other daughters
IMDB_0832,imdb,film,reason jane austen pride prejudice popular great book entertaining love story however two hundred years ago along huge advancements technology severely shortened attention spans matter high mighty educationally superior pride prejudice cannot deemed entirely suitable today viewing audience version novel easier relate highly pleasurable viewing commend screenwriter updating most popular love stories ever told
IMDB_0833,imdb,film,favorite film those eyes can stop cry watching
IMDB_0834,imdb,film,fictional film based novel jane austen love story bit syrupy sentimental akin modern day soap opera genre much better early version lot prideful prejudicial behavior part main protagonists gossip often leads prejudice pride misinterpreted backed prejudice observation without direct validation may lead misinterpretation hurts rather helps another person darcy seems social phobia leading difficulty interacting people other those close him elizabeth exhibits mild histrionic behavior too easily affected gossip thus complicating relationships most love stories best served happy ending can appreciate book considered classic
IMDB_0835,imdb,film,movie makes fall love darcy even read book feel given time encompassed time made movie captured whimsical nature jane writes steps carries through leave under same misconceptions elizabeth until last darcy can explain himself feel like fool elizabeth movie transports time daughters married off connections gives little hope maybe our ancestors least some able find happiness well even book movie solely fiction
IMDB_0836,imdb,film,movie good watch too think book different storyline times kinda confusing understand tryna say british accent bit hard too understand guess british accent maybe people used talk back days overall liked movie already expected ending wasn surprising wanna read book too
IMDB_0837,imdb,film,movie pride prejudice adapted jane austen classic novel story takes place century england explores contrasts between rich proud fitzwilliam darcy independent strong willed elizabeth bennet elizabeth character afraid express thoughts darcy stuation different movie describes complex relationship between them nuanced style does shy away criticism focusing class differences period film deals emational development relationships characters depth acting costume design quite impressive some viewers can noticed complex dialogues may find parts movie slow pace challenging overall pride prejudice considered important film interesting choice fans english literature romance
IMDB_0838,imdb,film,studied english lit college supposed read pride prejudice only got through third jane austen writer either love hate belong latter category bourgeois nauseam obsession manners marriage extremely far removed own experience preferred way life like classic literature opinion jane austen work usually doesn qualify movie however creates proper worthwhile narrative loaded classic symbolism taking basic plot novel doing something quite different movie elizabeth darcy forces nature undergoing evolution towards union based poetic beauty conveyed long scene darcy estate towards end admiring sculptures etc scene book seen most other jane austen movies series saved reading books
IMDB_0839,imdb,film,love movie actors actresses goodand matthew macfadyen keira knightley fits well lizzie darcy think kinda weird seeing donald sutherland quietfamily dadbut does role goodthat can think any other done better brenda blethyni guess goodbut don think fits like motherand carey mulligan sorryto carey those like horrible next youngest sister felt like much younger jena malone lydia rupert friend doesn look bit like orlando bloom pretty good wickhamcan say anything else tom hollanderdid role collins wellbut didn feel like collins
IMDB_0840,imdb,film,must worst possible versions possibly conceived while realise difficulties fitting such rich story hour film time constraints excuse absolutely appalling acting couldn imagine worse lizzy bennett keira knightley seems possess only two facial expressions turns witty intelligent young woman silly insipid character darcy too none charm mystery expected those love book hardly displaying any personality writers screenplay seem entirely missed relationships undercurrents within bennett household well customs day story written only saving grace film performance dame judi dench lady catherine burgh does wonder why wish associate herself otherwise poor production anyone wishes acquaint themselves magic pride prejudice get hold copy bbc miniseries much true original story characters example turn jane austen masterpieces hour hollywood performance highly recommend mid sense sensibility emma thomson kate winslet show indeed way portraying century women something other giggling fools
IMDB_0841,imdb,film,movie adaption jane austen pride prejudice feel themes jane tried implement novel shown movie too major theme pride prejudice stated title shown throughout entire movie effects characters movies portrayed characters perfectly imagined book elizabeth prejudice towards darcy other characters consistently shown throughout movie likewise darcy pride seen beginning movie movie expressed change characters well end touched upon thinking time expressed jane austen thought social standards through certain scenes thought movie good job express ideals time
IMDB_0842,imdb,film,terrible nowhere near good bbc miniseries colin firth jennifer ehrle
IMDB_0843,imdb,film,film takes jane austen novel somehow makes even greater masterpiece longing mannerisms music hand flex truly picture perfection
IMDB_0844,imdb,film,someone read jane austin book pride prejudice felt movie truly captured original tone however feel though some choices actors best some able portray character attributes darcy
IMDB_0845,imdb,film,those films like call rant rave movies meaning find many things wrong can stop complaining pride prejudice history first read book finnish translation became those read once year things current round switched english after fourth year huge fan wit austen writing opens new different ways each reading consequence first problem version dialog mash altered austen lines ridiculously modern utterances underlined frankness elizabeth dialog makes want scream frustration where subtle clever girl can laugh herself everyone around girl ultimately tempts darcy because mind clearly stands rest film reduced silly giggler believes every word says true speaking giggling like know script version improvisation yes lydia kitty gigglers limit sillines can portrayed through other means besides nerve wrecking teeth grinding migraine brewing giggling know movies limited time frame maybe director used time characters left instead scenery result might felt rushed other hand scenery almost only thing actually liked film visual media seen meter screen every detail clearer why name gods see keira knightleys shorn hair felt like half movie production company ran money hire hairstylist don get started costumes accessories always thought making period film some knowledge historical facts involved stand corrected dame judi great little obvious choice lady catherine expected donald sutherland disliked characterization bennet driest wits ended coming across high kite couldn care less like hippie brenda blethyn does good job portraying mrs bennet think alison steadman still wasn topped sweet kind bingley happened idiot lacking propriety someone kind jane bennet love rosamund pike vision thought performance somewhat bland pompous collins well portrayed tom hollander again found some character too contemporary funny mannerism annoying still
IMDB_0846,imdb,film,basically everything everyone film met exceeded expectations making overall experience much entertaining involving interesting expected going enjoyed film much drawn period feel social milieu except thing black hole center film name keira knightley never problem before playing modern characters modern settings whenever camera focused think here kind supermodel wry seen smile face someone lives between limousine club must filmed movie between parties looked drunk drugged both near end scene long look eyes close time passed room distinct feeling miss can call anyone even spiteful scenes rebellion against arcy remarkably well acted macfayden whom don recall seeing before except somewhat reminiscent lead singer blur lady catherine fully absorbingly played judi densch come across red faced spoiled teen age celebrity misbehavior inner struggles evident nothing other impulses far see
IMDB_0847,imdb,film,version jane austen beloved story best marriages date pun only slightly intended integrity time simultaneously modern day cinematography film making standpoint shots both beautiful colorful those most recent rendition phantom opera honest real bridget jones diary life something like truth emotion relational dilemmas well displayed might expect film producer connections love actually special attention drawn way wide angles avoided unnecessary giving chance walk along side characters long shots continue through doorway after doorway nearly dragnet like crowd doors being open already most instances dollhouse shots outside bennet home give sense truly stepped back time viewing ghosts once possessed classic homes now walk through museums casting done remarkably actors selected costumed viewers might fall love characters until appropriate time making perhaps realize our own prejudices letting progress past them characters themselves pity film adopted realms such classics anne green gables since equally wrought social lessons remains family friendly while still addressing real issues people ages face even current times film offers men few lessons proposing women greater understanding wit self confidence assets femininity
IMDB_0848,imdb,film,jane austen produced amazing book movie does fall short splendor most influential elements movie falls actors themselves each character seems leaped pages onto big screen seeing jane bingley joyful dispositions intertwine elizabeth rebellious nature darcy solemn eloquent style truly brings film life even mrs bennet provides viewer many hearty laughs dramatic nature throughout film even being repelled bennet apathy however movie does include strange camera angles draws question why angle chosen example scene sees bennet standing ladder get shelf however viewer witnessing scene happen through view possible object hidden back shelf below overall however liveliness characters pulls film together create wonderful story
IMDB_0849,imdb,film,pride prejudice movie recently watched first time long time hbomax storyline follows family daughters where coming marrying age same time two older sister taking longer make decisions while flood suiters run through house younger sisters aren ready wait older sisters make decisions movie directed joe wright atonement stars keira knightley pirates caribbean matthew macfadyen succession rosamund pike gone girl donald sutherland invasion bodysnatchers kelly reilly flat carey mulligan shame brenda blethyn secrets lies well done picture fantastic storyline worthwhile characters dialogue magnificent storyline well paced unfolds perfectly cast fits characters well settings attire depiction era entertaining women era perspectives well depicted overall worthwhile addition genre strongly recommend score
IMDB_0850,imdb,film,honestly think best romance films ever made got amazing plot story love way elizabeth darcy two completely different still find ways connect really good movie really recommend
IMDB_0851,imdb,film,overdirected poorly paced overdone painfully obvious film disappointment nearly every respect oscar nominations smoking cinematic abound laboriously long slow approaches walter hill grandiose wide angle vistas cheap story devices made wish rented better rendition jane austen novel only film crafted studied restraint darcy instead juvenile giddiness lydia stubborn pride lizzie instead result same torturous relentless self indulgence lady catherine might display telling story
IMDB_0852,imdb,film,perfection every scene like old master perfectly staged acting superb directing costume everything only niggle hair makeup during filming kiera knightly hair cut another movie wear wig idea why couldn gel short layer back can see quite clearly under wig wig way great silly little layer sticking down back annoying still must seen
IMDB_0853,imdb,film,great story everyone see read keira knightley elizabeth absolutely great new darcy matthew macfadyen wonderful hour endeavor master complexities austen book masterpiece adaptation colin firth jennifer ehle fans both happy version rest knowing mini series still secure best breed pride prejudice interpretations through many years two things bothered end casting donald sutherland bennett accent georgia century england unforgivable reminded vain attempts brad pitt master accents seven years tibet redeeming himself snatch aspect sutherland distracting until final scene keira masterful due great writing direction cast american such closely scrutinized film bound least let sure find actors can english accent surely passed over some great ones donald favor secondly love hate relationship cinematography incredible annoying scenes shot masterful reminded bit great novel employing every literary little like watching play last supper where actors moment freeze positions famous painting same name except often seemed like strobe after another like said loved hated think some sure study dvd probably represented really creative departure convention need watch again other hand creative complexity many scenes amazing joe wright directing really told much story normally found austen dialog simply framing seemingly unrelated passing glance character scene focusing another portion story flawless believe wright get best director nomination knightly portrayal elizabeth suspect edgy cinematography get nod too lots other good stuff too much mention see
IMDB_0854,imdb,film,first like start saying music film first scene end credits some most beautiful ever heard anyone knows where find sheet music please email hotmail com now get movie mother pride prejudice fans many years seen different versions prior second saw production released included lot book jane austen lacked realistic clothing well demeanor being fan pride prejudice can imagine excited production make way theaters fact mother drove hour get theater playing let tell disappointed bennett family especially daughters extremely realistic kiera knightley top notch job portraying independent yet still beautiful elizabeth while thought character bit peasant like compared other girls overall good job rosamund pike good job jane quiet congenial other girls much like expect them
IMDB_0855,imdb,film,saw version british thought check some revues must single quite ludicrous verdict secondtake actually criticises mini series being poorly filmed other reviewers accurately criticised version being bit rushed imo despite film having considerable services knightly dench blethyn sutherland even penelope wilton support cases acting version hits right spot time again colin firth off charts darcy jennifer ehle even better elizabeth bennett parents pitch perfect odious collins way further repugnant scale donald sutherland presumably brought trans atlantic audiences though liked him umpteen films
IMDB_0856,imdb,film,simply best literary adaptations ever made clever funny romantic spirit jane austen lives breathes through every take delightful piece film art
IMDB_0857,imdb,film,scout mostly female friends take drama like mate won costume dramas now version jane austen classic outdoes previous dramatizations degree can see now some objections many stories set european drawing rooms especially those fussy decorative mercenary matchmaking joe pike puts many formulaic less excellent period pieces shade characters wear costumes rather being worn them dominated period gestures stereotypes frees characters confinement quaint past women independence laughable lives happiness gained through scheming strategies attract husbands joe pike arch statements simpering younger bennett girls endless conversational references annual incomes wealthy bachelors play context normal recognizable human behaviour every raised eyebrow fingered ribbon naturalistic characters mere types lamentable era whose strictures shudder casting film sublime donald sutherland seldom used much against type well judi dench authoritative always overpowering feisty miss bennett keira knightley remarkable presence strength almost prejudicial say such young actor add convincing recreation pastoral english countryside country dances dancers robustly enjoy themselves add finely rendered musical score mostly solo piano
IMDB_0858,imdb,film,anyone says like variation pride prejudice never read austen classic casting abysmal change setting regency georgian head scratching deviations action novel outrageous keira knightley anorexic elizabeth matthew macfadyen supposedly wimpy darcy barely expected manage mcdonald let alone vast estate pemberley why much time wasted elizabeth twisting swing devoted furthering plot cannot emphasize enough avoid film read novel watch bbc production confuse atrocity anything resembling austen
IMDB_0859,imdb,film,first exposure story pride prejudice can comment movie faithfulness novel compares previous film versions can only judge individual film found winner draws setting early century england presents some interesting characters too focusing family five unmarried sisters rituals courtship marriage involve great deal wit calculation suspense deviousness occasionally some actual love affection provided concerns finances reputation satisfied keira knightley plays lizzie second eldest five daughters plays well making tough
IMDB_0860,imdb,film,story revolves around young ladies bennet family elizabeth lily james jane bella heathcote kitty suki waterhouse lydia ellie bamber mary millie brady version century england countryside ravaged zombie outbreak amid carnage eating brains life goes young women must endeavor marry well better survive ravages undead anyone means sends children orient learn fighting arts wealthy send children japan wise send children china bennet girls alumni shaolin temple where previous incarnations jane austin young ladies playing harpsichord doing needlepoint young ladies pride prejudice zombies seen sharpening swords cleaning flintlock pistols seen training engaging combat legions walking dead sign yes action sequences get solid special effects equally good truth movie absolutely hilarious funny because aside adding zombies kenjutsu shaolin boxing writers kept everything else faithful jane austin possible seen pride prejudice starring keira knightley matthew macfadyen quite few times much dialogue identical
IMDB_0861,imdb,film,focal point movie workings society surrounding marriage director does really well bringing those rules society ladies well gentlemen exaggeration bennet house tries emphasize low standing bennets contrast bingley darcy way actors portray feelings characters extraordinary cause actually believe these real people movie does well comparison novel relayed events characters use dialogue novel itself appreciated because know director really want make close jane austen wanted through words
IMDB_0862,imdb,film,only comment where colin firth love movie same without colin firth maybe because short series pride prejudice britain implanted head darcy equals colin firth especially seeing him play role darcy bridget jones guess expected colin firth play darcy again know getting any younger still think play darcy well won notice age still good movie gotta love directors such good job cute comedy love story really love fact can make wonderful comedy love story everyday life situation like need use computer effects
IMDB_0863,imdb,film,give movie because quick fix terribly flawed beginning end however read book several times well watched bbc version too many times count recognize wrong works expect perfect adaption hours completely unrealistic casting unforgivable donald sutherland kiera knightly annoying watch jenna malone other sister wow can manage get through performances aren jane austen die hard expects work properly depicted hours might really like
IMDB_0864,imdb,film,disappointed really mini best where get whole story really some important things missing new ether read book watch mini before seeing know talking voted awful because disappointment bad acting don think anyone done half good those mini series saying keira knightly bad actress normally love lizzy mother hysterical enough really get sense despise see mother nothing special bingley doesn seem quite naive really least get impression book
IMDB_0865,imdb,film,pride prejudice love story middle class family bennet family consist parents sisters sisters don right inherit property mother struggles marry them rich man party second born sister elizabeth meets rich man darcy movie elizabeth strong prejudice against darcy darcy arrogant darcy attracted elizabeth hand expression expresses feeling well before darcy proposes elizabeth hate each other talk abuse each other however definitely attracted each other favorable lines facial expression eyelines reveal heart pounding hard really like atmosphere end century england set rural england where beautiful natural sights buildings dresses time beautiful really like love movie seen movie times already really recommend
IMDB_0866,imdb,film,way overcomes prejudices overcomes pride can finally see other truly never stop being beautiful mention darcy socially awkward lovingly adamant pursuit sarcastically independent lizzie insanely precious adorable man anything questions asked most swoon worthy thing possibly said man love don know way movie book course masterfully engages such clever dialogue witty remarks never stop being absolute delight behold moreover least made even better beautiful genuine performances every actor involved supremely skillful script writers stunning cinematography perfectly strengthens magic every scene
IMDB_0867,imdb,film,first read pride prejudice years old absolutely fell love subtle humor biting wit mention language carefully drawn characters however saw theaters presented such picture dialogue sloppy unrefined characters poorly read cast humor rather awkward having previously viewed faithful miniseries version pride prejudice often distracted jarring gaps plot staggering underdevelopment always enjoyed keira knightley performances acting felt rushed well performed biggest annoyance film directing cinematography shots director made overuse long moving panning shot seemed completely place made use angles framing unnecessarily peculiar style hour since watched movie theater still can help shutter memory darcy joke end film dripped repugnant cheese walked movie shoe laces entangled seat watch minseries people granted lacks pretty faces likes keira knightley jena malone
IMDB_0868,imdb,film,pride prejudice stands timeless classic captivating audiences enchanting portrayal love societal norms personal growth directed joe wright adaptation jane austen beloved novel delivers visually stunning emotionally resonant experience outset film immerses viewers elegant world century england where bennet sisters navigate complexities courtship marriage social status keira knightley shines role elizabeth bennet capturing character wit intelligence independent spirit effortless charm opposite matthew macfadyen delivers poignant portrayal darcy
IMDB_0869,imdb,film,interesting film caveat emptor current version while enjoyable lacks satirical moralistic spirit jane austen novel focus film romantic genre austen clergyman daughter deplored novels emphasized common sense character refinement although certainly physical emotional compatibility important especially elizabeth bennett darcy furthermore other problems presentation bennetts though book financially embarrassed shown here downright impoverished somewhat coarse girls appear ill groomed
IMDB_0870,imdb,film,honest movie beautiful charming actors such amazing job keira knightly mad such beautiful elegant elizabeth bennet thought matthew macfadyen captured quiet contemplating proud darcy quite well love despite being movie instead series still captures essence book beautifully much subtlety adore movie looks nuances gestures can clearly see rising tension between characters honestly feel best version far locations lovely feel like bennet sisters really match parts acting ages being silly mother perfectly dramatic easily frazzled sadly didn see many bingley sisters portrayed book two siblings film amazing bingley cute goofy while sister perfectly catty truth watched film over twenty times read book least three times can longer picture characters any other way wonderfully done
IMDB_0871,imdb,film,went see preview film last night say without comparison film pleasure watch big bbc adaptation far superior costume character general factor understand filmed tad realism regards costume dangerous lack make those whom seen bbc version hope agree most important factor film missing character development even first scene clear darcy liked lizzy where bbc clearly portrayed friction chemistry between them immediately course time provide viewer intimate touches intense glances darcy jenny ehle never recreated whole bbc right long lyme hall always pemberly colin firth forever darcy
IMDB_0872,imdb,film,first movie whole extremely well acted well scripted faithful relief see humor missed overplayed easily rated possibly even except quarter way movie wife leaned over whispered feeling bit dizzy may leave within less minute both realized why feeling dizzy movie cinematography time movie over come firm conclusion cinematographer roman olin devoted first half film concerted effort instill vertigo audience wife case succeeded understand full well sorts devices available film world influence audience perception sound color lighting framing skillful use these devices creates mood underscores message without audience being consciously aware device presence let alone impact filmmaker employs surgical tool another may use blunt instrument bludgeon unsuspecting victims viewers olin uses spinning swooping off balance shots such heavy handed surfeit during film first half risks inducing nausea while movie well done overall
IMDB_0873,imdb,film,love way cameras movement shows power transmission between darcy elizabeth however think story deserves technical ways tell movie doubt screenplay marvelous quite pity some classic removed movie
IMDB_0874,imdb,film,striking visuals attention detail rendition pride prejudice bring jane austen novel life creating color indicators each family scenes filmed entirely shot skills demonstrated creation film unnoticed starting costuming film some inaccurate period few less modest sleeveless dresses large party scenes yet color theming different families film became apparent almost instantly bennet subtle mute color palette browns greens yellows directly contrast bright whites blues reds worn bingleys creating visual distinction between them emphasizing bingley importance initially arrive netherfield another technical aspect film stands use continuous shot set scene used most ball party scenes show various events discussions occurring tandem each other technique particularly effective used context because creates realistic sense like attend large event like only being able hear snippets conversations whilst wander around room rather seeing whole scene interaction perspective before seeing again another perspective
IMDB_0875,imdb,film,some ask many versions jane austen read point fraying pride prejudice need current film archives show fewer ten versions growing viewer current jour satisfying any edited distilled main story lines without diminishing main message author deborah moggach can thanked screenplay some subtle revisions emma thompson joe wright sensitive forward momentum directing approach make version different successful first placement bennet family pig mud friendly country home sets scene properly driver film finding proper husbands five daughters whose well placed marriages assure lower class bennet family future stability yes bit untidy household makes family dependent land prone dreams marrying country ruled class system second casting bennnet family five truly young actresses keira knightly rosamund pike talulah riley jena malone carey mulligan instead older types trying appear like teenagers mother brenda blethyn indeed shows desperation class father donald sutherland epitomizes austen father figure mold add bennets credible men characters simon woods matthew macfadyen tom hollander
IMDB_0876,imdb,film,best thing jane austen heroines flawed people forced confront failings pride prejudice elisabeth bennet flaws multiple most brains family knows opinionated something intellectual snob can rather priggish holier thou adds prejudice blinds darcey virtues none austen miss bennet found visually attractive rather empty adaptation elisabeth bennet nice throughout story exhibiting trace imperfection any point even bookishness almost entirely cut lest find intimidating disapproval darcey too paper thin based entirely hard evidence anyone shoes feel same way given sees hears end turns information incomplete able accept advances simple misunderstanding cleared austen novel romantic comedy regency dress never think timid adaptation tries too hard liked ends pitifully short grit substance
IMDB_0877,imdb,film,story began fate doomed them meet again again face pure intelligent girl heart began melt slowly indifferent eyes finally began show warm meaning beloved girl under arrogant appearance hidden shy heart every meeting before crowd can only send polite greetings staring eyes shoot heart girl because misunderstanding eyes warmth ignored even disgusted didn know
IMDB_0878,imdb,film,joe wright creates brilliant visual jane austen classic novel imagery film quite breathtaking itself setting scenes range british countryside extravagant ballrooms music provides film sense story something bigger characters themselves though motion picture does strictly follow novel word word dialog added removed script gives film sense originality found other adaptations novel lack keira knightley performance makes elizabeth bennett appear woman trapped within rigid rules georgian english society believe wright vying matthew macfayden gives astounding performance aloof darcy however portrays passionate side darcy well arrogant overall joe wright adaptation favorite many versions pride prejudice impressive visuals quality acting
IMDB_0879,imdb,film,know read pride prejudice countless times remember laughing collins eight years old love understand jane austen don mix brontes debate any austenite great movie even compare six hour bbc adaptation own love okay bingley shouldn jane bedchamber lady catherine doing longbourne late night nevertheless jane austen considered great author because faithful documentation manners people because astonishing insightful mapping human heart why privilege read still today why any adaptation got reflect love bbc adaptation much anyone else trust matthew mcconnaghy got reason people love darcy instinctively because good decent vulnerable man put too early place authority thrall killer emotions woman sure eventually acts decency integrity good god every move shows movie emotion behind manners does exceedingly well conveying direction
IMDB_0880,imdb,film,joe wright film pride prejudice tough standards live based most beloved novels time comes years after acclaimed miniseries version same story leave other reviewers give new movie low marks supposed historical inaccuracy betrayal jane austen intentions someone admires austen novels admires good film making even found pride prejudice highly successful hours movie obviously can flesh supporting characters provide quite much social commentary novel miniseries because need tightly focus main plot line conveys emotional life heroine elizabeth bennet better other versions story intelligent opinionated elizabeth much deal over course six months year family includes silly mother sarcastic father flirtatious younger sisters beautiful older sister jane gets heart broken must contend characters like sycophantic collins judgmental lady catherine
IMDB_0881,imdb,film,read book easy enjoy movie time constraints especially familiar book because your mind knows behind scenes unsaid unfair compare movies course actresses sound alike reading same lines lines book buffs can hear pouring book mrs bennet seemed exactly supposed woman preyed nerves thus reddened complexion compared washerwoman wonderful loved sutherland bennet knightly sounds like lizzy ehle without unflattering curls mcfadden best darcy ever imagine him every time spend afternoon reading book truly find amusing many know austen mind well these same feel need throw such educated comments like works hardy pig house belongs tess walking through ally viewed doorway saw etc etc ooh ooh english lit major blather bbc version being better ballroom dances similar both movies perhaps movie follow something book bbc theatrical version way hollywood botches many novels even long extended versions liberties taken make sense far less public outcry
IMDB_0882,imdb,film,adaptation jane austen novel witty country beauty elizabeth lizzie bennett keira knightly super wealthy fitzwilliam darcy matthew macfadyen favorite among movie versions favorite adaptation time series starring colin firth whenever hanker short get together bennets darcys friends pick movie lizzie respectful relationship parents donald sutherland brenda blethyn warm bond lovely older sister jane rosamund pike homely friend charlotte lucas claudie blakley loving tolerance three rather silly younger sisters mary talulah riley kitty carey mulligan flirty lydia jena malone feel real heart warming coupled rustic homey setting longbourn bennets estate pigs geese freely coming kitchen while mary piano playing fills house pleasant music watching feels like visiting some favorite cousins home countryside matthew macfadyen darcy contrast snootiness gentleness delivers lines right right expression disdain confusion affability appropriate most anticipated proposal scene does disappoint however does take center stage
IMDB_0883,imdb,film,must watched times joe wright done brilliant job setting glorious countryside scenes soundtrack spectacular
IMDB_0884,imdb,film,usually too romantic dramas loved movie well written picked perfect cast acting timing point chemistry between main character love interest felt through screen appreciate cinematography style film some well choreographed long shots masterpieces anything negative say movie sincerely hope everyone can watch get enjoyment movie love every watch much loved watching first time
IMDB_0885,imdb,film,saw movie first time ten believe instantly became favorite movies drew world fictional romance part inspired start writing most beautifully put together movies ever seen love romance edgy feminism time period toxic characters play roles perfectly cannot say enough much love appreciate movie can stand mrs bennet reminds too much insufferable aunt looks sounds exactly like suppose existing movie doesn annoying mrs bennet
IMDB_0886,imdb,film,best romantic love story ever seen kissing scene set audience film through eye exchange between protagonists communication between hearts people can feel western romantic love films both hero heroine other supporting roles excellent don kind pretentious acting don kind acting sake acting perfect terms quality shooting casting roles small big main characters embody kind natural beauty comfortable people see especially kind communication between characters through heart eyes can make people look forward kind romantic love good expectation good loss worthy being classic blockbuster while especially stock market especially end story unexpected encounter between hero heroine left audience deeper expectations better blessings said most perfect work ever seen
IMDB_0887,imdb,film,pride prejudiced authored jane austen find social event sets stage remainder book mrs bennet gives party meryton order find husbands five daughters guests bingley rich young bachelor netherfield estate proves lively agreeable gentleman whop dances many girls seems head turned jane bennet sisters protagonists elizabeth bennet darcy clash first time first ball meryton ball elizabeth refreshingly frank darcy darcy offends aloofness elusiveness practically dubbing ugly public elizabeth rebuffs him rejecting offer dance wealthy handsome darcy unaccustomed effeminate remonstrance becomes intrigued elizabeth demeanor cover confusion continues insult banter elizabeth cannot help contrast honesty worshipful adoration usually subjected bores him tremendously subsequent social events darcy begins notice elizabeth attributes wits intelligence refreshing impressive personality even attractive eyes elizabeth poisoned wickham wickham fed elizabeth mendacious saga darcy purloined hereditary affluence following ball elizabeth engages darcy verbal bouts endeavors outwit him cleverly expressed views always spoken utmost courtesy darcy unaccustomed such braveness women subsequent ball elizabeth darcy dance together elizabeth darcy consists politely phrased put downs darcy grows interested elizabeth resumes verbal diatribes him original bias towards him brought wickham fabrications
IMDB_0888,imdb,film,really loved movie saw colin firth bbc version ages ago really don think two can compared first mini series allows lot detail secondly actors portray characters whole new light new film loved keira knightly elizabeth much adore colin firth really enjoyed new darcy found them both refreshing these characters whole atmosphere movie much realistic found other austen adaptations less formality dancing way dressing truly enjoyed movie recommend anyone
IMDB_0889,imdb,film,understand every single film intended breakthrough history cinema some films want entertain appreciate pride prejudice probably latter nevertheless judge film judge film exactly fun fair film reckon shouldn done story remain paper written because besides nice postcard wise sceneries catwalk wise women nothing wanted shown take off paper land big screen film intended entertain only seems intended people little stupid need things emphasised order understood characters caricatures darcy dare speak laugh look serious dumb elizabeth bennet witty clever single line down earth nice mother didn wish daughters married
IMDB_0890,imdb,film,reviewers going version thought terrible want true interpretation pride prejudice check version elizabeth garvey david rintoul version both humor charm found lacking edition having said film reminds version sense adaptation time century audience yes looser interpretation austen still enjoyed mary boland movie favorite version mother
IMDB_0891,imdb,film,expected love finally got around watching wasn expecting constantly gorgeous much movie sold charm darcy bennet guess missed everyone talking wonderful golden hour lighting early morning shots field shot crossing bridge rain wow delicate story depicts love currency focused attention failed attempts eschew attention darcy suddenly turning away avoid eye contact elizabeth trying failing play piano gets closer closer darcy awkwardly spilling words love every time utters elizabeth unconsciously smiling tells father him beautiful love little flairs joe wright throws here long take dance scene being interrupted cut them being only ones room mwah hated sudden peppering little mini zooms second half jim pam ass moves never read book little women kid famously jock varsity sports beloved literal centuries late convo shocked stunningly similar little women liked much little women several points where went little women know book came first technically little women even technically let pretend never said because exact kind observation someone gonna screenshot needlessly mad jokingly said jane austen novels same once podcast received several disappointed emails like voice reason handsome hometown basketball star impressed learned use computer
IMDB_0892,imdb,film,why anyone want make yet another jane austen movie think smart question ask utterly wrong why first many different ways make adaptation austen novels second somehow costume movies some shameful exceptions tend get better time new adaptation pride prejudice proves persuasively going summarize plot because every genuine fan austen novels treat grave offence let assume know story let tell instead makes particular project successful actually number things first much attention given crew careful convincing depiction historical setting admit knowledge georgian england rather limited yet professional historian almost suspicious whenever period movie comes because life used usually portrayed carefully sanitized rather simplified way remember those ugly plastic artefacts hollywood classics sixties fortunately does case anymore director staff really made remarkable job actors bit shaggy becomes obvious even affluent ones limited number stockings dresses shirts dwellings both simple mansions luxurious palaces like museums rented day shooting actually feeling being inhabited even poultry
IMDB_0893,imdb,film,large found enjoyable film visually stunning some touching moments features truly bewitching hero like scenery music buildings way filmed charming film over beautiful atmospheric emotional might wonder though much actually jane austen novel purist problem film making considerable changes plot settings characters novel believe noticeable effort capture general spirit book watching film listening director comments wondered read book where example get idea bennet such wonderful warm loving family jane austen novel bennets particularly dysfunct family only relationship fraught problems between elizabeth jane furthermore austenian language largely missing film
IMDB_0894,imdb,film,easily keira knightley best project date largely because timeless character lizzie bennet intelligence script supporting cast unsurpassed talent players flawless director old pro bbc full inventive ideas tickle purists kvetch movie takes chances classic unexpected way reminded watching godard altman flick first time wondering think next landscapes stunning often reminiscent barry lyndon without self important glossiness kubrick imparted difficult single anyone predict rosamund pike plays eldest sister jane may emerge next big thing donald sutherland brenda bleythen make wish sequel mrs bennet empty nest occupy after girls leave home sutherland two scenes knightley glisten your eye
IMDB_0895,imdb,film,most adaptations jane austen novels horrible exception emma thompson awesome sense sensibility perfectly captured spirit book most dialog fairly recent persuasion decent job version awful previous few including horrific version lawrence olivier main characters done terribly some reason actress can seem understand elizabeth playful teasing keira knightley like others turned bitchy smart ass found puppet like jaw hers highly distracting throughout movie darcy seemed depressed full pride confidence lifeless although enjoy scene near end him walking toward elizabeth across fields bingley book fun loving genuine happy natured person movie unattractive laughable half wit jane supposed beautiful yet see version where actress portraying bennett none sharp wit book mostly marshmallow bennett marriage converted basically happy enjoyable collins played too heavily without humor like recent horrible movie mansfield park version moved forward time simply way young women time subjected naked statues darcy house racy paintings lady debourgh completely ridiculous certainly part book can never understand hollywood writers hubris rewrite absolute classics like truly think can improve jane austen wish emma thompson write adaptations austen other novels
IMDB_0896,imdb,film,absolutely loved push pull two leads side story protagonist sister indubitable chemistry accompanied great acting feelings characters feel real through screen great value mention backgrounds lighting fit vibe scene giving viewer true experience something films decade rarely fail reproduce truly plays your heart everyone favorite since based heavily romance guess certainly cup tea
IMDB_0897,imdb,film,pride prejudice jane austen movie really good rendition book portrayed many characters many interesting ways example getting guy looks like hugh jackman play darcy chef kiss movie dude portrayal darcy spot imagined slow walking slow talking john wayne persona absolutely perfect furthermore movie portrayal book biggest goat bennet great nonsense chad imagined him book brought perfectly movie another thing movie got great characters most annoying character book mrs bennet actress over top dramatic acting really brought extravagant personality mrs bennet interesting aspect movie use frames animals though certain think use frames pointed english literature teacher used sort put certain characters spotlight showing certain character main focus scene animal part almost every scene bennet family whole
IMDB_0898,imdb,film,guess spoiled colin firth version presentation presentation plow through talk fast spend time making faces however wide long shots countryside impressive especially blu ray seen some houses production great houses britain however donald sutherland good contributor benet great scott forget said first paragraph presentation finally picks everyone gets over initial deceptions give movie too early finally get highs lows planned easiest thing tell story time view presentation already familiar jane austen need give too many things away say bennet family daughters lose meager estate passing father only male can inherit property time marry off daughters story unfolds understand title story main focus banter between elizabeth bennet darcy surrounded others posturing opportunity wells well end whole thing unravel people acquainted jane austin see obscure writer only hand full novels someone taken too soon screenplay deborah moggach heard last yet
IMDB_0899,imdb,film,didn see theaters waited dvd release being fan emma feeling good disappointed film excellent acting beautiful scenery family watch kept telling them move england now lol most important great love story thought well acted film too actor plays darcy never heard seen before can good thing only seen keira knightley pirates caribbean thought good choice proved good actress can emotional film well doesn like sappy love stories film see definitely recommend film anybody loves romantic movies happy endings love like emma know like too
IMDB_0900,imdb,film,those understand cinema story telling may like movie those know story may like movie personally every aspect think movie abomination director script writers horrible job trying convey unbearable anguish portrayed proof audience laughing entire time laughing because over emphasized humor movie boring kiera actor played darcy lacked experience play such deeply emotional roles actresses played sisters seemed lift winona ryder sisters little women please everyone waste your time money seeing theater even new release only credit give excellent costumes sets nice compositions cinematic affects justice
IMDB_0901,imdb,film,director version pride prejudice seems notion times change does our habits morals sense propriety miss such simple details dress costume drama unacceptable people constantly running around without head attire movie even soldiers uniform simply absurd even today really thing miss movie makers actually missed historical fact womens dependence early nineteen century reason why austens heroines concerned love matrimony marriage only honorable way live women social class film women hop cart travel london some amusement independent make marriage less important really run outside middle night meet half naked lovers without being heavily censured society need marriage realize impossible film novel without changing bits pieces make film life two hundred years ago least try adhere crucial historical facts pretty boring characters modernized lose characteristics why film austen novel interested essential points stories ang lee sense sensibility exact copy austens novel does manage express feeling work important filming book especially such famous pride prejudice
IMDB_0902,imdb,film,version pride prejudice utterly boring first moments film characters annoying charmless giggling girls enough make want run theater screaming pride character playing darcy seems completely dull keira knightly lovely doesn take much talent nor does make film acting here dreadful first role made cringe pass rent bbc version colin firth
IMDB_0903,imdb,film,much enjoy adaptation austen keira knightley them fine production great colour great music some outstanding actors heart story let down lead performance mtv camera work while macfadyen gives performance darcy within shout good colin firth keira over hyped lightweight little gravitas can carry film feels like frank lampard replaced chelsea midfield youth trainee save yourself bother buy bbc series dvd instead
IMDB_0904,imdb,film,understand world jane austin understand subtle layers upper class society georgian england austin doesn write common farmers doesn bother lower classes novels deal upper class society often gentleman family faces hard times due death relative possibly financial reversal these upper class people don work living bennett family wealthy upper class people many servants tenants estate valuable production makes them look like pig farmers poor worn torn desperate farmers family austin wrote bennett private fortune
IMDB_0905,imdb,film,haven actually seen film don need only look cast list see appalling going agree comments ferrerogrrl probably know nothing author book suspect even read only once seen bbc adaptation film annoy quick someone read pride prejudice least times studied gcse big austen fan sceptical even bbc adaptation however having seen having read watched documentary making know makers true period author keira knightley far too scrawny modern looking believable lizzy rosamund pike too tough jane donald sutherland well where start film adaptation emma versus small screen version save your money buy bbc version dvd
IMDB_0906,imdb,film,watched new pride prejudice tonight like slice air pie huge chunk hope anticipation creates severe void substance pleasure satisfaction accept limitations two hour movie encompassing such massive detailed story several bright spots pleasures way too few donald sutherland commendable bennett nervous nellie mrs bennett greatest disappointment dame judy dench performance being sad lack luster dench appeared downright low brow trashy darcy character insecure huh bingley fool elizabeth bennett played admirably seemed smile too much wrong times entire movie such jumble mismatched patched affair unlike wedding therein nutshell came across like abbreviated version readers digest version pride prejudice probably hit video shelves within month bright side book widely available great bargain
IMDB_0907,imdb,film,choose vote less believe film butchers classic novel brilliantly done bbc adaptation unlike film actually portrayed jane austens book true light showing characters speech places way great lover austen especially pride prejudice way through film became increasingly annoyed badly done thought other people may actually like offence actors fit characters film lacked much some good shots appeared impress film pride prejudice say plain simply cannot fit novel size two hour film film appeal whole people idea time film set actual jane austen story humour rather hollywood distorted modern humour
IMDB_0908,imdb,film,film insult novel read book over hundred times watched movie hoping book justice took amazing piece literature butchered cast couldn act characters save lives keira knightly lydia elizabeth further suggest learns act before taking role involves standing pouting dreadful piece garbage thoroughly ashamed them selves man play darcy suited role miss piggy elizabeth wickhams portrayal pitiful say least mention amount lines gave keira knightly belonged other characters evidently mummy daddy helped mortified jane austen see novel poorly enacted
IMDB_0909,imdb,film,anyone give trashy hollywood production completely fails capture regency period anything other rating thats being generous hard believe keira knightly pouts performs chin most movie looking like farmhand lower gentry bennett want see true version check bbc adaption online captures beautifully every character colin firths magnificent portrayal darcy forever define classic tale frankly found absolutely cringe worthy beginning end
IMDB_0910,imdb,film,agree wholeheartedly mkazmierczak review having first read book became die hard jane austen fan felt surely movie ever book justice least four hours truly capture justice characters marvelous dialog however early blown away faithful production saw mini series masterpiece theatre elizabeth garvey david rintoul didn think anything ever hold candle later came jennifer ehle colin firth version though first bit put off loved wore vhs tapes garvey rintoul version after couple viewings aired came love dearly well adding dvd library fortunately garvey rintoul version came dvd well able add
IMDB_0911,imdb,film,seen bbc version know story pride prejudice well bound love however full bad actors delivering wooden performances attempts modernize story badly making feel quite american some points quite cringe worthy keira knightly suits certain roles does suit anyway character lizzie story does suit limited time film too much story miss get started american ending pass bucket seen yet suggest watch bbc version way story meant told maybe watch attempt afterwards
IMDB_0912,imdb,film,read book aware bbc series version until reading comments here didn know colin firth played darcy either still found movie below potential leaving movie theater disappointed thought much better movie colin firth played darcy keira giggled less instead acted storyline better established sucn unfulfilled potential great love story better
IMDB_0913,imdb,film,extremely disappointed version screenplay appeared written someone hadn actually read book art director seemed read wuthering heights mistake keira knightley believable elizabeth darcy certainly jane austen intended him some sets stunning enough salvage film recommend getting bbc series any fans may lower budget dialogue characters million times better
IMDB_0914,imdb,film,dear choice give movie generous star latest adaptation pnp forgot adapt novel copied some dialogues novel here added some really dumb ones novel didn enough spectacular lines babe pig made special appearance where come made bennets poor servants justify keiras malnourished state bennet looks like drugs mrs bennet annoying enough mrs bennet dame judi dench talent wasted bingley complete moron don know why bothered put george wickam picture didn make any impact elizabeth better younger sisters keira eaten first before doing film perhaps anorexic state due much housework made darcy never strong presence never once thought handsome mathew macfadyen tried hard make darcy romantic forgot proud process whole cast look came washing machine many things made film failure adaptation even going compare much loved bbc mini series because comparison film made mess itself own
IMDB_0915,imdb,film,devotee both book bbc adaptation approached film certain amount trepidation kept open mind given good reviews alas found real disappointment while story obviously needed condensed order fit two hours felt rushed little plot development allowed virtually time identify sympathise any characters really ruined film however firstly lack any subtlety story whatsoever secondly modernisation parts dialogue thirdly whole film something mills boon feel austen imagine these aspects intended make film appeal broader audience undoubtedly done trick casting certainly better well most adequate best earth thinking cases darcy bingley wickham appalling three counts fair dues however must given tom hollander brilliant collins keira knightley spite being too thin conventionally beautiful role lizzy
IMDB_0916,imdb,film,wrong dresses wrong hair wrong ball wrong house absolutely wrong farm bennetts lived wrong dialogue crowning horror being trash spoken knightley macfadyen elizabeth darcy end movie watching bonus materials dvd illuminating actors said motherly mrs bennett much enjoyed being part such close happy family can only assume never read novel mischaracterisations discussed detail other reviewers two stood mary wrong played sensitive pathetic instead oblivious self centered mrs bennett intimate moment discussing happened day shake head wonder lack understanding relationship
IMDB_0917,imdb,film,another reviewer compared unfavourably against bride prejudice agree version better course comparison makes appear like bad amateur stage production confess yet see version lawrence olivier doubtless superb darcy casting acting dire find single character appeared anything like those book apart housekeeper pemberly incomparable dame judi lady catherine darcy become effeminate wimp lizzy little girl bennet now old american tramp mrs bennet looks like living benefits miss darcy sounds looks though years old jane clearly spent time hairdresser eyebrows match blond hair can only assume looked series tried cast completely opposite vain effort appear different script sadly far removed sharp witty writing jane austen worse still delivered melodramatic fashion making quite awful listen without ounce wit humour film jumps scene scene story does much flow jerk along waste your time poor highest praise can offer excuse adaptation much better versions available
IMDB_0918,imdb,film,watched numerous versions pride prejudice trying take book many adore enjoyed nearly them yes even including modern movie left good thing take conversations slurred losing heart story great conversations wit seemed focus random imagery such statues actors talent mcfayden director seem get any great effort any them performances underwhelming keira knightly isn least like elizabeth bennet book shame many people think hearing pride prejudice many other great versions watch colin firth masterfully done job even laurence olivier fan story skip past only pains true fans see squelched like
IMDB_0919,imdb,film,movie terrible exhibition jane austins pride prejudice movie sloppy characters weak without depth probably due terrible choice actors exception judi dench donald sutherland normally throughout movie characters grow unfortunately happen half way through ready walk costumes terribly chosen lacked glamor only positive thing say movie beautiful scenery few comical aspects must say way compares bbc version staring colin firth huge disappointment terrible portrayal pride prejudice badly done
IMDB_0920,imdb,film,almost watchable fan keira knightley however silly shallow elizabeth bennett don know why seen quite good other period roles terrible elizabeth bennett makes unlikealbe character don even root win end darcy omg literally possesses two emotions vapid slightly less vapid absolutely horrible does inspire thoughts romance love yourself favor catch version colin firth way done can find version catch becoming jane good too version truly watchable both acting interpretation story script terrible
IMDB_0921,imdb,film,keira knightly fan decided finally check version favorite austen story sorry mess changing story modernize doesn make better bennets may wealthy bingley darcy gentry movie looked almost like skid row inhabitants elizabeth came across nasty instead playfully pushing back pomposity subtle instead your face far subtlety goes darcy love elizabeth conveyed accordance reserved character overt early collins lacked comedic presence previous versions came across pathetic charlotte nasty told elizabeth marrying collins sure watched jane austen bbc version closest book
IMDB_0922,imdb,film,many holes can pick adaptation jane austen great novel pride prejudice scarcely know where start let begin matthew macfadyen keira knightly represent pride prejudice respectively macfadyen portrayal fitzwilliam darcy awful opinion acting flat manages make handsome proud haughty nobleman seem dull uninteresting wonder any woman possibly fall love him keira knightley does better portrayal elizabeth bennett doesn seem like middle class young lady regency period isn entirely miss knightley fault course fault production team going adapt novel time jane austen lived give some accurate historical detail production noticeably lacks donald sutherland elizabeth father bennett seems completely miscast brenda blethyn mother doesn feel right either comes across like dickens character jane austen tom hollander plays pompous somewhat comical parson collins proposes elizabeth rejected doesn seem anywhere near pompous enough comical written jane austen opinion only dame judy dench playing darcy aunt lady catherine burgh can take much credit acting department quite correctly pointed another reviewer dance where first introduced darcy friend bingley seems much like peasant barn dance refined regency ball interesting hear jane austen opinion production bet hated both bbc production david rintoul elizabeth garvie effort colin firth jennifer ehle done much better
IMDB_0923,imdb,film,script does match book because many passages changed diminishes quality entire film bothers most almost actors fail highlight qualities character opinion mrs bingley mrs darcy elizabeth mother mrs collins few simply can live requirements interpretation such character demands version pride prejudice movie doesn even compare bbc mini series mention masterpiece sir olivier lawrence great job male lead role disappointed nowadays longer make movies good shame advise after read book course first watch older version after can watch pay attention details make opinion based comparison between movies
IMDB_0924,imdb,film,production misses point novel completely jane austen dialogue wit formality both completely lacking film stunning scenery took screen time much better spent dialogue distortion austen film ticking boxes cinematography instead being characters kiera knightley worked well limited script think lot characters looked much age meant overall does novel justice complete lack etiquette politeness formality cringing ridiculous well important scene like darcy proposal set such informal settings never taken place language book used need romantic settings
IMDB_0925,imdb,film,really rather stunned after watching film avid fan book bbc adaptation starring colin firth jennifer ehle went along equally mad friend settled down treat got gently romantic comedy manners expecting bosom heaving rain soaked damsel moors style melodrama now know film makers didn nearly six hours play unlike bbc mega budget shed load talent every other opportunity create something masterful shame failed why why elizabeth bennett darcy continually bump each other wild rain drenched moorland cathy heithcliff never happened even allowing need cinema somewhat melodramatic unnecessary why name jane austen poor bingley reduced status buffoon else hear goofy laugh say goofy mean actor actually sound exactly like floppy eared cartoon character reckon film makers must thought comedy value needed thy scripted part why bennetts live farm hazy golden sunshine seemed permanently drench place reminded nothing much those hallmark dramas wrong film why keira knightley chosen role like actress played part too much pout too many modern cocky tilts head elizabeth strong independent
IMDB_0926,imdb,film,great film give because does come same standard film say see before see ones video because much better some people say great film thats really like say bad film director taken seriously used actors well special effects can good said rain effects really good darcy rubbish nothing like thought much less horrid say see before see video like ask buy bed only pounds
IMDB_0927,imdb,film,movie worst adaptation jane asten book ever seen starts actors chosen portray various characters continues slanting storyline big fan donald sutherland think overpaid amateur never seen him before story portrayed faithful actual novel movie too brief anyone saw see pride prejudice min production far superior cast truly faithful adaptation book produced mini series only way production work such can truly told complexity elizabeth bennet even come across movie hopefully anyone wants produce again watch version first
IMDB_0928,imdb,film,good remake version give rating because movie left lot understand predicting almost hours long like said good movie overall really liked movie want get better understanding going recommend version keira knightley fantastic job playing elizabeth bennet donald sutherland casted bennet better chose clasicly trained british actor tom hollander made good collins collins awkward little rat fellow uncomfertable own skin
IMDB_0929,imdb,film,think creators movie taken time actually read book study social proprieties day before making film spent time being shocked constant breaking rules etiquette enjoying watching movie real shame considering much looking forward seeing adaptation bingley walking jane room someone flogged scene elizabeth walking netherfield without hair done hat only half dressed never ever ever done great movie propriety completely pushed aside whatever reason creators real shame still don see why darcy fallen sarcastic version elizabeth plus family must poor considering clearly doesn eat enough think elizabeth wouldn fallen someone exciting stale bread entirely too much time spent looking elizabeth considering time constraints movie spent furthering deepening actual story making actually believe growing affection between elizabeth darcy however quite like actresses playing jane miss bingley call crazy find them far beautiful kiera knightly thought played suited roles much better sadly disappointed pride prejudice such wonderful story movie original justice
IMDB_0930,imdb,film,film well presented acting competent except scene between darcy elizabeth where finally accepts him macfadyean little hammy overall script too far original text grated why change classic lines reason rejection scene well filmed acted lines again right where classic line vain struggled feelings repressed must allow tell ardently admire love darcy goes insults family particular mother hardy austenesque absolute clanger after lady catherine bourg confrontation scene once your life why don leave alone again hardly sounds austenesque scene where bennett talks elizabeth darcy after proposal tells father darcy good deed wonder why scriptwriter felt need include unausten invention book left father dark remain doesn wish faithful adaptation austen original text least leave classic lines alone call purist too many people know treasure these lines hear them mangled cringing experience sad fact these lines need changed time saved clarity added goes show really only jane austen deborah moggach isn
IMDB_0931,imdb,film,actor thought most adverse most impressed macfayden portrayed believable darcy own choices style convincing quite attractive less impressed other actors character development knightly bennett believable lacked certain kind let say sophistication austin fans attracted far preferred caroline bingley portrayed mini series character development superior timeless qualities snobbery prejudice kelly reilly transparently today again lacked period sophistication portrayed brilliantly book mini series book mini series hardly wait lady catherine bourg camera editing choices movie left part wanting much admire dame judi dench satisfied portrayal tom hollander terrific collins physical type acting ability choices seemed good match especially liked camera angles shots countryside wondered long hard edits necessary make movie knew tough hand believable see chickens geese animals back dropped bennett property perhaps filled questions people speculated over years other handi get sense connectedness character character family family authentic connection especially period sophistication mannerisms want script changed interpreted though iambic pentameter something wanted portrayed exactly enchanting piece literature representing enchanting period time said ever seen mini series read book
IMDB_0932,imdb,film,well review over characters unfortunately only allowed ill sum brieflyi cant believe critic site gave movie stars being perfectly honest say worst movie ever seen period first movie review ever written movie felt motivated simply because movie horrible every single way first foremost two main leads keira knightley elizabeth bennet matthew macfayden darcy both terrible roles appalled knightley received oscar nomination role total interpretation elizabeth bennet general horrible acted completely ditsy air headed macfayden darcy horrible like knightley
IMDB_0933,imdb,film,interesting thing usually does bother tastes differ see quite few people honestly enjoy attempt adapting austen feels crazy try soothe myself however saying everyone watches because like austen general always loved particular book maybe came across nice romantic movie romantic some ways indeed own heart totally captivated saw series starring firth ehle course couldn help certain bias kept repeating myself words jennifer ehle once said nobody owns storythat still public domain everyone free experiment something along those lines finally achieved pretty much open minded state gave curiosity pressed play here comes big sad sigh basically two criticisms unfaithfulness austen original bad immature film making put first objection perhaps even enjoy called fresh take austen second seems unpardonable way
IMDB_0934,imdb,film,finished reading book week decided watch movie differences between them huge unfortunately movie isn good lot reasons make jane austen pride prejudice amazing book isn love story between lizzy darcy able concoct full circle story full subplots few hands even being written century book some kind written adapted somehow chapters divided like scenes those familiar books well known lack places descriptions fact single home writer woman never person traveled lot interested able know different places gives readers creative freedom build minds own places locations jane primer interests always people able relate each other within society different social classes era full manners customs gifted social observer knowing perfectly outline describe people personality characters giving readers possibility always differ characters ways most important thing dialogs way structures them couldn able describe perfectly place describe perfectly paint words character personality title says gears entire book resolves under both words jane plays them time making them part every single character sometimes being merit sometimes being flaw movie only cuts lot book misinterprets important meanings characters
IMDB_0935,imdb,film,done much better already bbc production far superior rendering movie version nearly unwatchable jane austen novels gems themselves too many times see modern day feminists trying wrangle views story line setting where never meant only makes final outcome untrue novel sacrilege jane austen fans real jane austen story lines men good men women good women side better other garbage jane austen feminists humanist saw good both sexes men movie either twittering idiots indolent charlatans conceited case point bingley described book easy going friendly socially proficient movie numbskull couldn hold conversation life depended didn live side side filthy animals roaming house bennet girls took great care appearance wasn evident movie don understand why much changed disappointment
IMDB_0936,imdb,film,say movie scene stuck memory pig balls say movie scene stuck memory pig balls say movie scene stuck memory pig balls say movie scene stuck memory pig balls say movie scene stuck memory pig balls say movie scene stuck memory pig balls
IMDB_0937,imdb,film,first saw new version pride prejudice immediate response read book least seen two longer adaptions leave theatre completely confused idea story really sudden comes kitty crying because invited bath lydia mrs forster first question confused mrs forster information left little whickham little everyone really short cannot wonderful book justice squeezing hour film needs time get know characters order get story since too complex contains too many important incidents each them casting well understand some think keira knighltey too pretty part beautiful young lady might seem credible some man might find pretty enough tempt him case jennifer ehle elizabeth garvie whose looks isn perhaps stricken first glance faces seem fit period keira knightley bothers most though locations longbourn too shabby bennet family servants seems here live abandoned barn house mrs bennet too shabby looking seem too poor get impression book version seemed lot true sense think jane austen mind darcy seems lost shy proud case version managed look like despised whole world always look face constant smell something rotten area darcy mostly looks scared though woman does feel strong sympathy him rejected especially considering those puppy eyes does want him get lizzy wants get true feeling jane austen read book see two adaptions recommend version
IMDB_0938,imdb,film,version pride prejudice keira knightley worst versions seen nothing like book settings look late century early century version jennifer ehle alison steadman far better alison steadman making perfect mrs bennet scenery version jennifer ehle beautiful acting second none david bamber perfect collins barbara leigh hunt perfect lady catherine bourgh give actors version pleasure watch music lovely version keira knightley leaves cold none actors suit each other acting terrible
IMDB_0939,imdb,film,doesn hold candle bbc collaborative mini series came wonderfully faithful book outstanding cast seriously hilarious watch david bamber rome such fantastic ass collins alison steadman brilliant ditsy mrs bennet mention colin firth may portrayed quintessential darcy certainly emulate first min isn enough time devote such big story judi dench lackluster seemed forced contract act movie donald sutherland embarrassingly miscast seemed keira knightley ever get oscar nomination role matthew macfadyen dimensional nowhere vivacious humor intellectual sparring rocks book too dull jane austin rent buy bbc version still much better
IMDB_0940,imdb,film,read jane austen novel pride prejudice liked movie clearly understand bit where subtlety where wit become okay pilage plunder classic british novels american bad taste why why keira knightley elizabeth bennet first obviously cannot act yep indignant fan lover book sue secondly underfed offense performance spotless probably gotten over such performance only spotless spotted mistaken spotless know mean obviously some people here clearly mistaken performance circus whole movie circus don even want begin analyze name performance know faded weak boring human being accidentally stumbled upon great role mighty darcy please
IMDB_0941,imdb,film,music too loud dialogue too fast entire pace movie too fast didn hear word uttered over loud music since know story well able follow much best book left plots costumes good can say good
IMDB_0942,imdb,film,disappointed flat bloodless adaptation spite beautiful location talented actors kira knightlys lizzie too immature plays teenager woman odd hear here speak polite polished roundabout way sophisticated young gentle women used century expect blow bubblegum put middle finger believable able feel great love story much darcy too nice start only bit sad big challenge impress such nice shy man why much going between lizzie darcy dynamics book totally missing darcy sexy generations woman because cold haughty jet feels hot passion underneath loose self control pity novel stops before really does now nice sweet little darcy move something entirely different quite bit new dialog written
IMDB_0943,imdb,film,keira knightley works well trying convincing somehow convinced right elizabeth bennet fair succeeds especially latter part version outdoor pavilion scene turns arcy proposal excellent nothing praise matthew macfadyen performance opinion best screen most erotic moment touches elizabeth hand reservations direction found too busy theatrical bit calm opening scenes better romantic music jars does opening ball seems over top theatricality entrance bingley arcy small world stands still again opinion too much grand moment overall enjoyable taken long time watch basic conservatism quite impressed like jane austen read still waiting excellence screen may well impossible
IMDB_0944,imdb,film,tried see pride prejudice simply couldn reach end awful version director understood word jane austen book bennet gentry farmers own farm does make them vulgar poor dirty certainly pigs run house pigsty country dances much elegant refined shown movie lady catherine hair loose witch cannot believe nobody noticed social classes jane austen wanted describe appear movie mention appalling lack chemistry between main characters astonishment indeed
IMDB_0945,imdb,film,any version pride prejudice gets nod because book dear pride prejudice jane austen wrote good short story version book characters developed cornerstone jane austens writing hard follow given length movie characters say written book missing two bingley sisters capital book characters sometime speak english day sometimes fast furious first mrs bennett being bold darcy introduce herself daughters time never slows way down elizabeth visits pemberly sure why let forget pond scene totally missing version pond scene way elizabeth darcy make love eyes after performs pemberly well worth watching version want see pride prejudice movie yourself jane favor watch bbc version colin firth darcy jennifer ehle elizabeth mention mrs bennett definitely better hands down now pride prejudice written jane austen version true spoken english jane wrote goes english spoken book true story fault movie because movie needs hours long cannot jane austen book justice please take time let yourself get swept away colin firth jennifer ehles portrayal elizabeth darcy glad
IMDB_0946,imdb,film,couldn get movie plot started veering book first minutes elizabeth played kiera knightly incredibly off real elizabeth character believe reason why couldn get version elizabeth bears absolutely resemblance real elizabeth grown love reason why book pride prejudice beloved many story characters movie massacres both like movie even little love real thing look mini series pride prejudice colin firth great movie best version book incredible jennifer ehle brought liveliness elizabeth same time stayed true original character didn hurt colin firth played darcy opinion firth best darcy ever looking forward incredible disappointment keira knightley please love god close your mouth poses mouth ever slightly open movies drove nuts pirates
IMDB_0947,imdb,film,film boring acting bad script terrible please don waste your time want good version novel try colin firth jennifer elhe version even greer garson lawrence olivier version both much funnier wittier enjoyable keira knightley running around sodden muddy landscape common kate winslet silly marianne sense sensibility much much better movie anything having bright articulate witty funny elizabeth bennett bennett girls giggling annoying makes twits bring much funnier film seem like regency wits vulgar obvious script makes airplane waaaay funnier film seem subtle haven read pride prejudice don bother film won explain why people love book much represent anything book beloved characters plot read pride prejudice don bother film won even make sense
IMDB_0948,imdb,film,true austen lover having read book seen amazing series only positive thing say absolute horrid failure film music quite nice every possible thing wrong film script language setting most actors god matthew mcfadyen supposed handsome powerful look like bloody wimp keira love movies stayed away takes real woman play elisabeth bennet don understand why made remake series absolutely perfect completely ludicrous
IMDB_0949,imdb,film,like version seems like speed rarely time breath granted taken complex novel condensed plus hours every bit dialog seems rushed little time anyone respond much less react really minded most choice leaving everyone elizabeth bennet keira knightley story see nothing sister jane little interest bingley none caustic wit bingley sister none wickham dalliances none lydia stupidity fact saw little darcy wondered any attraction some changes novel disturbing why charlotte lucas old maid instead someone simply wasn romantic chickens bennet front lawn work viewer must understand incredible prejudice everyone behalf darcy lady catherine embarrassing mrs bennet unfortunately doesn seem enough time any shame really because moments enjoyed
IMDB_0950,imdb,film,admit version amazing scenery probably close can get time period acting horrible only person every played elizabeth well jennifer ehle best darcy hands down colin firth complexity between elizabeth darcy relationship lost version hate cut much storyline ending terrible definitely took away story bbc version kept true austen story actors impeccable definitely fit characters because keira knightly pretty does mean can play role actor played darcy boring life whatsoever watching him like watching blank wall
IMDB_0951,imdb,film,can say tactless prejudiced unjust claim hollywood producers can justice classic literature sadly sentiment sometimes crops movie does help disprove miss knightley isn thing far cry macfadyen idea playing darcy seems consist trying say little possible look dark brooding moments getting impression looking disorientated drugged anything else heck really really gets while dialog plot book based producers evidently didn even try justice english landed gentry time mistakes glaringly obvious hurts kiera knightley running around hair open unkempt why show off fake long hair stapled neck okay pretty top level hair styles occurring movie still without hat either giggling mouth half open hair splitting yes
IMDB_0952,imdb,film,waiting finally really disappointed new version pride prejudice mean sure those never read book before never watched bbc version found good movie british countryside landscapes beautiful like some memorable scenes according too modern version century classic love story end bad arrives fast wedding between darcy miss benet doesn even happen didn find keira knightley acting extraordinary told written everywhere prefer modern movies such bend like beckham love actually pirates carrabeans
IMDB_0953,imdb,film,wow first word comes head after watching don even know movie huge disappointment left anger dismay being huge fan book colin firth version couldn believe seeing before watching movie interested seeing going cut movie coilin firth version over hour well got answer because shortened much feel any emotion towards characters build everything happened way fast mention speech almost like racing each other see say lines fastest really annoying speaking annoying keira knightley hair wig distracting where get thing trash mean horrible mention costume certain dress worn certain somebody don want spoil those seen place won love keira won blame mistake mean entitled
IMDB_0954,imdb,film,pride prejudice pride prejudice english literatures time classic novels over years adapted television drama stage play film working directed joe wright sadly misses mark film falls down tremendously many areas beginning director cinematography lack might argue good bread doesn need butter likewise such wonderful novel needs directorial spin given locations set age british becoming aware nature concept appreciating natural wonders felt such scope beautifully shot scenes english countryside dew covered cobwebs hedgerows misty morning sunrises exception sweeping landscape filmed yorkshire nothing way cinematography scenes shot often few limited camera angles whilst suggesting film needed cgi gimmicks feel lacked any real sense director input way failed stand any previous adaptations another failing casting donald sutherland bennett matthew macfadyn darcy must said colin firth claimed role own even twenty years later must fairly daunting task take given standard set begs question why cast macfadyn welshman welsh accent distracting may pales comparison expressionless face dull tedious portrayal darcy yet see hope never macfadyn believe far better cast intolerable collins lacked any charisma associates character darcy donald sutherland poorly cast felt wide illustrious career sutherland portrayal characters often limited depth actor immediately springs mine thinking bennett given immense depths british character film stage actors far capable playing role
IMDB_0955,imdb,film,saw execrable stage performance date version mrs bennet insisted lizzy listen collins proposal actually dragged kicking screaming offstage figured nothing possibly worse wrong keira knightly smirking mugging younger sisters incessant screeching lack decorum dancing visiting bingley jane bedroom historical inaccuracies houses clothing social conventions movie unwatchable first time tried watch quit elizabeth ran outside take some rags off clothesline time got far pig hindquarters wandering through longbourne bennets landed gentry although fabulously wealthy elizabeth tells lady catherine gentleman daughter family works bennet spends days library
IMDB_0956,imdb,film,bit limp biscuit really over abundance costume lack drama thought wright took panoramic house tour become nauseous proves beyond doubt austen suited screen best suited small screen where talking heads rather landscapes dominate knightly far too cute believable austen heroine pouty lips toothy grin convincing performance overall actual story compressed extreme great deal nuance wrung hence level emotional engagement part audience significantly reduced donald sutherland looking like reject rehab program quite charming much put upon bennett though english accent atrocious tour darcy home elizabeth fondling statuary laughable felt like tour elgin marbles scene film virtually dramatic energy underpinning scene whole venture suddenly became lost adrift sea pretty pictures perhaps consequence wright having only recently made leap big screen television where ironically story remained seems little overwhelmed new toys persuasion directed roger michel amanda root remains best film adaptation austen novel both sense sensibility mansfield park close second film distant third
IMDB_0957,imdb,film,outset must say huge fan novel bbc mini series having said went movie determined keep open mind give chance however despite efforts film left feeling unsatisfied while knew ending found myself caring whether lizzie darcy jane bingley end together found kiera knightley portrayal lizzy expect lydia character portrayed while matthew macfadyen adequate darcy seem quite capture nuances character written while understand story needed shortened fit hour time frame felt way achieved clumsy place enough emphasis minor characters story lines best example being wickham only scenes film felt rushed elements story enjoyable book other adaptations such development lizzie dislike changes lizzie darcy pemberly well intricacies social relationships interactions virtually dismissed dialogue some places seemed awkward over top some places simply too modern
IMDB_0958,imdb,film,whilst film quite good itself completely misrepresented jane austen made bennet family look poor chickens walking only farm yokels ladies always wore hair unlike film keira knightley pretty looked like beggar tatty clothes wispy hair miss bingley never wear strappy dress such clothing considered undergarments plot quick moving expected hour adaption generally character casting reasonable darcy lacks prowess handsomeness brenda bleythn nothing alison steadman pleasant romance worth watch enjoy romantic films bbc adaption far better only major characters played excellently hello colin firth anyone minor characters contribute much superior version
IMDB_0959,imdb,film,read novel many times different languages english chinese dutch watched versions series bbc another watched movie made hollywood say version worst actually quite surprised current point received gave only because still love novel comments really dislike most actors actresses film darcy looks dumb really charm bingley looks like gay sorry actor offence bennet looks too cool instead little bit humor mrs bennet talked nonsense novel describes however actress looks too much like gentle old lady lizzy keira knightley too lively lizzy after lizzy lady century keira acting too modern austen character jane
IMDB_0960,imdb,film,movie guilty murdering jane austen wit charm mention historic accuracy cleanliness reminiscent misery filth depicted dickens hardy victorian era rather austen regency period almost smell pig stench off greasy hair dirty clothes nothing austen world pomp circumstance obvious involved movie even read austen adore dame judy walked off set characters mumble spit dialogue like modern day teens burger king takeout window witty clever vixen miss eliza bennet turned unkempt angry control mess house dilapidated run down keeping fanny price ramshackle hovel mansfield park longbourn perhaps biggest travesty way movie crushed humiliated cleverest most sardonic characters literature portraying bennet sniveling downtrodden hen pecked half wit even scene any redeeming qualities namely darcy cutting handsome figure walking half dressed through misty field slow motion blatant shameless rip off other colin firth epic wet shirt moment fabulous exquisite version must see
IMDB_0961,imdb,film,mixed emotions pride prejudice let begin positive note darcy great performance actor didn say lot wow work eyes face really impressed big applause donald sutherland still fan actor beautiful settings furthermore story filmed particular lively way didn get bored easily didn like movie actor played bingly looked like wet fish keira role elizabeth long kept mouth shut beautiful screen ugh many stupid giggles modern part spoiled movie bit proves important casting
IMDB_0962,imdb,film,true austen fan don expecting much many other two star reviews adequately enumerate many grievous offenses movie makes need reiterate them suffice say only redeeming qualities film some pretty landscape shots pleasing film score sister currently reading pride prejudice says movie moving faster book somehow manges boring sum word ugh
IMDB_0963,imdb,film,must say disappointed praise movie received worse pride prejudice movies series seen seen them setting girl raised midst pigs chickens rises pemberley even jane austen wouldn agree knew time elizabeth family wasn too well off supposed gentleman family living decent respectable elegance actually beyond means inside farm clothing general look course family general look appearance fit farmer family save rosamund pike extremely contrasting darcy bingley entourage look appearances today terms like trying match cleaning professional investment banker does happen movies like maid manhattan jane austen didn write cinderella story keira knightly huge disappointment see keira whom physically much look like elizabeth our imagination anything elizabeth movie elizabeth character most crucial foundation book defining movie shouldn taken lightly case where jane austen lively digne daring ill mannered extremely sensible elizabeth where common girl vulgar shouting screaming misplaced laughing smiles lack any sensible manners witnessed keira elizabeth other odd bits pieces like lady bourg arriving elizabeth home middle night bingley leaving room without any word onamongst found darcy well defined character matthew macfadyen jane rosamund pike wasn them
IMDB_0964,imdb,film,keira knightley wig ill fitted annoying almost bad entire adaptation
IMDB_0965,imdb,film,shortly before seeing reread book reseen bbc serial took pains convey book events meanings faithfully movie doesn much publicity material dvd producer director writer agree text being family great love each other writer even argues mrs bennet heroic character because great love daughters seems flagrant misreading text fortunately isn apparent movie deficiency humor suggests book funny often movie seldom director imbues much vigor unsuitable type times threatens turn wuthering heights other times sharpe rifles even tolerable two leads wisely cast matthew macfayden darcy none things character said except dark most time looks dopey dour like jim nabors trying soames forsyte assume can appear attractive photographed here camera doesn charitably anyone except star whom movie seems designed primarily modeling showcase keira knightley does give intelligent readings lines rather listening audiobook novel always being nullified face
IMDB_0966,imdb,film,probably ruined others theatre fond jane austen books looking forward film opening scene where ball barn dance shabbily dressed uncombed townies shuddered chuckled wife guess before comb invented soon realized some jackass set director whomever decided mix little dickens austen pride prejudice right tried adjust mental image bennetts like bob cratchit family minus tiny tim maybe work too embarrassed elizabeth threadbare dress pemberly finally proud rich darcy sitting outside bennett house amid mud pigs camera panned bennett sisters peering window him window never window need paint leaned wife tried whisper cook butler surely bennetts can afford bucket paint never got word paint lost maybe tired maybe needed good laugh sorry those theatre night although laughter seemed contagious think those made film must share blame too bad script acting good
IMDB_0967,imdb,film,good film good parts end simply good film especially bad actually read book thing unnerving juxtaposition charging action leaving story rushed appears events unfolded course many months seems occur few weeks lengthy artistic dawdling though admittedly beautifully shots however beautiful inspire audience wonder whether story fleshed maybe little bit left least three five minute scenes where absolutely nothing happens understand difficult fit much story relatively short amount time still room artistic feel must ask
IMDB_0968,imdb,film,yuck shoot screen writer director give awards cinematographer misuse entire female cast wanted love version big austen fan before opening credits finished rolling knew hate why because many errors direction costumes scene set ups know austen appalled film good bear same name novel said loosely based starters bennet family bunch frumps much better house furniture certainly pigs house only women time seen public hair down loose seedier kind hence expression let hair down elizabeth bennet never fresh mother some others needed few good slaps face bennet longer love wife matter fact almost contempt matthew macfadden look proud looked like quaaludes entire film hope never see him screen again pathetic colin firth previous version alive looked constipated stupid closing scene shirt open definitely appropriate character time period again aunt gardner role practically eliminated
IMDB_0969,imdb,film,movie makes huge mistakes darcy character two most glaring two proposals elizabeth austen darcy never accosted outdoors rain god sakes make proposal perfect proper gentleman after perfect proper gentleman makes love him agonize over love between elizabth second proposal far far worse accosts elizabeth early morning hours pajamas arrgghhh best example darcy conducts himself exemplified book goes swim lake comes upon elizabeth aunt uncle outwardly horrified misdress front guests butchering austen dialogue made ill writes beautifully cleverly subtly needs improvement scene where charlotte tells elizabeth engaged collins worst emma thompson write ever don judge lizzy terrible terrible finally last scene between darcy elizabeth stolen sixteen candles abomination gag spoon honestly wouldn liked movie read book seen bbc miniseries phenomenal colin firth jennifer ehle turned horrid predictable chick flick director screenwriter
IMDB_0970,imdb,film,time time small pieces managed finish pride prejudice expert jane austen nor english regency period still can quite disappointed adaption compared impressive liz jennifer ehle whom already deem idol keira knightley far lack beauty charm cannot stand grimaces grins frequently happened made such exhibition liz darcy unconvincing many other characters such bennet colins strangely depicted only merit might color scene can hardly help still prefer simpler lighter colors such movie after
IMDB_0971,imdb,film,worst versions ever made wasn true book times book elizabeth never tomboy nor giggle excessively jane young schoolgirls truth refined witty young lady society good sense decorum jane proper young lady may elizabeth wit goodness never mean thing say anyone worst part film depiction family home father donald sutherland miscast father portrays father addled country bumpkin father actually witty gentleman loves family distances himself them via witty remarks bennets poor slovenly people pigs practically running around inside home depicted movie position society
IMDB_0972,imdb,film,because certainly isn pride prejudice even knightley can rescue fact kills elizabeth bennett sass comes across snarkiness knightley sadly only character knows play elizabeth pirates top much dialogue muddled hard understand many characters darcy zero personality bingley idiot weird version wonderful story firth ehle version superior comparison partly open mouths jutting chins multiple characters supposed attractive sensual close your mouth
IMDB_0973,imdb,film,film based loosely novel jane austen liked book don think like movie took too many indecent liberties book movie give least idea richness elegance sheer enjoyment novel sooooooo glad didn spend money see cinema thanks reviews web site curiosity rent much cheaper awful opinion donald sutherland bennet merely worst casting film dialog totally valley girl hardly true period aspect quite nauseating dialog between characters boring artificial nothing please ear eye
IMDB_0974,imdb,film,keira knightley wrongly cast elizabeth elizabeth described having healthy glow sparkling eyes laughs keira can hardly described healthy anorexic figure crooked teeth act fit character profile ruined whole concept pride prejudice movie itself badly directed didn show characters full extent actor playing darcy portray any air arrogance guy playing collins loathsome enough disappointed disappointed version better stars hate done newer version
IMDB_0975,imdb,film,couldn imagined worse choice elizabeth darcy film length pride prejudice such waste excellent novel
IMDB_0976,imdb,film,wish taken time read some reviews here known austen masterpiece hacked butcher knife found myself watching screen horror like watching close friend being murdered really religious person finally understand sacrilege too understand filmmakers trying make story accessible younger illiterate generation question why bother opinion people under shouldn read jane austen haven enough life experience understand adapting story teenage romance makes absolutely sense can see lot people liked movie little jane austen novel any fan austen works likely appalled recommendation give film wide berth
IMDB_0977,imdb,film,thinking worst version classic jane austen novel ever love jane austen does mother excited see well portrayed story five bennet sisters disappointment really couldn stop laughing horrible acting goofy characters costumes terrible people chosen terrible only bored our minds during whole film biggest waste bucks mention two hours life never ever get back jane austen consider slap face didn think kiera knightly acting couldn get any worse pirates guess wrong admit wrong hit bottom barrel movie truly great version novel bbc mini series starring colin firth characters superbly played scenery beautiful version perfect give shame everyone enjoyed version shame
IMDB_0978,imdb,film,sure much say imdb forcing write deserves couldn even get through shut off butchered don necessarily read book seen pbs mini series starring colin firth supposed never series may think okay romantic however rushed mess never movie only mini series done only way masterpiece never even compare cut couldn even tell acting decent might appalled
IMDB_0979,imdb,film,while film many ways technically well crafted completely spoiled anachronistic attitudes characters throughout important characters behave modern americans donald sutherland case speaks like rather citizens early century where movie set while actually big fan some movies imagine novels like pride prejudice modern setting clueless bridget jones diary etc director decides make period picture presumes represent jane austen novel written some minimal standard adhering historical nature book movie fails badly meet minimal standard fact way folks movie behave like characters wandered beverly hills strikes offensive note suggests self absorption modern audience isn really interested might like live austen day rather wants reassured simple mirror image own melodramatic emo existence rubs wrong way think people never read austen book sit through movie
IMDB_0980,imdb,film,fan many actors film really loved movie atonement same director movie appalled many points honestly wondered director read novel properly listening commentary dvd makes think shows complete lack understanding jane austen world don mind adaptations veer sequence events novel everything novel translates well screen strongly object adaptations straying away spirit novel spirit characters want make your own story rather mangle someone else jane austen turned grave some stuff put yes elizabeth bennet novel spirited playful free spirit independent thinker deep respect social propriety elders many moments gentleness weakness elizabeth bennet film lacks finesse often uncouth rude abrupt way never tolerated young woman time number times reprimands others movie even insults mother point actually snatches things people hands eavesdrops outside people doors twice completely made movie makers course never occur book scene where mother sisters visit netherfield mother reprimands elizabeth book other way around dialogue wrong too words meant delivered character delivered another made dialogue created uses painfully modern language rather language time mrs bennet supposed happy couple kind intimacy implied here bingley supposed fool portrayed movie entire assembly made way bingleys darcy though aristocracy elizabeth shown netherfield hair completely down caroline bingley though supercilious rude perform part hostess elizabeth appears bingley appeared bedroom where jane lay ill mary love collins implied approves him
IMDB_0981,imdb,film,pleasant enough version book those read book once whom like favorite gets barest sense book too much explained miss austin left unexplained tacked ending completely unnecessary high hopes disappointed because felt disjointed cast good fellow played collins nice take character wickham character minimized such degree complete contrast importance book keira fine elizabeth bennett conveyed character wit insights well find mannerisms somewhat annoying pleasant great film
IMDB_0982,imdb,film,actually unhappy version pride prejudice huge fan british series done reason unhappiness version due many things mainly aspect particular theme father can let things fine end opinion false creates laid back position gets family trouble represented version mentioned above version includes father asking forgiveness version declares let daughters run wild prevent disgrace version well movie artistic theme throughout found pleasant love most camera angles although some scenes where your eyes presented such busy scene don know where look acting better thought almost board some scenes shot elizabeth spinning swing nice first seconds cut movie thought necessary story suffered way time spent other scenes cast good except kiera thought way too modern part elizabeth acting bad because wasn
IMDB_0983,imdb,film,worst thing film americans still think regency england looked like watch bbc miniseries jennifer elle instead
IMDB_0984,imdb,film,missing right another cinematic adaptation jane austen novel means let adapt austen most obscure least read work pride prejudice let face joe wright film lot going against outset couldn rouse myself see theaters last year prospect being utterly bored another austen adaptation certainly encouraged notion wait see rainy afternoon home actual execution film hasn entirely dispelled boredom material well worn almost recite your sleep cinephile can only think back gratitude example set stanley kubrick after realizing couldn get enough financing make film napoleon wanted make turned almost forgotten novel barry lyndon thackeray scores century novelists whose works never read filmmakers surprise god sake good news
IMDB_0985,imdb,film,comparing attempt version fail every time simply because version took several hours develop characters viewers far too complex cram two hours can done problem see version doesn stand own read book watched version others any clue happening obvious keira knightly director seen version due some misplaced subtleties tried include expressions certain scenes painfully obvious director hasn read book idea trying create movie based book without ever having read book silly embarrassing claim jane austen proud such rendition dim witted can prove such thing can even speculate without sounding rather dense yet run author happy having work shredded unrecognizable parts anyone claims keira knightly eye candy obviously discerning acting stunk only proves keira remains talented bratz doll cue mindless outward appearance based fans rush rescue
IMDB_0986,imdb,film,film far worst piece mellow drama worst attempt recreating classic most disgracefully acted film time shed many tears towards end through sympathy characters through feelings joy through realisation can never reclaim hour minutes film stripped soul watched film hostel specific part where young asian lass sat chair having eyeballs blow torched sockets bubbled oozed way down face during time watched pride prejudice couldn help think much rather place young girl opposed enduring painfully tedious script pride prejudice
IMDB_0987,imdb,film,found movie lacking major components story example never given seeing relationship between wickham elizabeth develop deteriorate don see wildness behavior lydia don see strength character elizabeth collins lacking absurdity character keira knightley acting going through words doesn conviction character somewhat flat uninviting plus side movie beautifully photographed set scene dance hall wonderfully arranged want beautiful intelligent adaptation tale see bbc version jennifer ehle colin firth
IMDB_0988,imdb,film,gave movie because another romance movie alright however another romance movie supposed screen adaptation jane austen pride prejudice greatest novels ever written faithful screen adaptation film fails miserably least half novel chopped tossed aside left mashed together reformed thrown onto screen woefully inept representation jane austen really writing many times movie character speaks lines originally spoken someone entirely different often opposite sex apparent reason mention fact elizabeth found darcy first pretty later entranced eyes spirit putting someone like keira knightly screen completely against character description novel please yourself favor read book watch pride prejudice colin firth excellent darcy jennifer ehle perfectly capture elizabeth playful insouciant spirit
IMDB_0989,imdb,film,faithful bbc version watching awhile therefore less thrilled heard making movie nonetheless gave movie shot omg awful hardly got through whole thing movie doesn even try condense whole story missing much plot anyone watched bbc version knows acting dialogue costumes horrendous only good thing can say movie scenery gorgeous trust don waste your time movie rent bbc version disappointed
IMDB_0990,imdb,film,casting wrong elizabeth darcy keira knightly oozes sex looks like model can believe cast role looks nothing else right elizabeth actor plays darcy must truly arrogant real life because projects
IMDB_0991,imdb,film,bit like intelligent lost translation best both films consisting photogenic qualities female stars once keira knightley stopped crinkling nose impersonating yorkshire terrier attractiveness almost carried film unlike lost translation whose only other redeeming feature tokyo background pride prejudice failed make anything glorious derbyshire landscapes offer apart shot miss knightley apparently auditioning wuthering heights superfluous least pretty unless watched flawed print overall dullness movie seemed deliberately perverse think budget meant couldn afford hang around spot sunshine particularly criminal during brief scenes shot chatsworth barely hinted stunning location scorn hollywood much like director second rate movie wasted such opportunity finally ending haven seen version hardly compete release banal anti climax much love donald sutherland
IMDB_0992,imdb,film,worst movie ever seen good adaptation jane austen classic cinematography beautiful pacing story wrong speed through events never really care any characters adapting novel length vital spend time important events book either leave gloss over minor incidents however movie tries include everything discrimination events important plot therefore whole story seems rushed character lydia portrayed jenna malone absolutely intolerable completely overacted frankly obnoxious otherwise isn horrible movie adapted lesser known book quite tolerable however cannot strongly recommend
IMDB_0993,imdb,film,like film constantly trying most obvious subtle nuances probably make sure even most doltish viewer capable understand going read jane austen novel seen earlier screen adaptation pass disappointed film fails convey charm ambiance novel does put off find lots english countryside some shots reminded little wuthering heights love story loosely based motives found novel might actually enjoyable some don call pride prejudice
IMDB_0994,imdb,film,watching british television production having read book exercise frustrating artistic restraint everything too bright gauzy pastels overburden frame many performances suggest most cast incapable recitation austen words other words didn like though admittedly leads good well saw version version overwrought underthought high school students taught story supposed satire filmmakers here apparently missed read terrifyingly grim psychological thriller went overboard post production touching make look like lord rings less like countryside england romanticized austen herself sorry artistic license movie completely misses nuance humor original text mention most emotional beats long book honestly long movie praise robert altman quality film foolish major moments dialogue spoken over only nearby inconsequential characters shoddy music mix final cut camera work subpar times resembling movie showy zooms long takes lack interesting angles shoulder height perspectives sun drenched backlighting words high school english teachers fail
IMDB_0995,imdb,film,dreadful dreadful dreadful jane austen turning grave ever saw movie ppl never try put screen things don understand hollywood adaptation most inspired regency novels simply never work because requires depth knowledge period english history many inaccuracies never manage list them most unforgivable thought reason cannot rate movie any overall impression dirt poverty movie depicts bennets much lower class family house clothes unkempt well dirty horrid lack propriety during meetings between elizabeth darcy impossible overlook clear miss knightley simply didn bother read austen novel idea elizabeth bennet whole story depicted book while someone familiar english history literature period might find movie tolerable even mildly entertaining friends found thus true austen fan never attempt see movie disillusionment easily gotten over bbc short series opinion closest perfection any adaptation novel ever chance reaching
IMDB_0996,imdb,film,thought writing criticism detailing why film jane austen delightful satirical penetrating observation early english cent society disappointing total disaster find job adequately done seraph sister wrote first comment endorse everything wrote including strong recommendation get see year bbc version jennifer ehle colin firth revelation art dramatising classic novel laments fact dumbing down bbc these days meant such intelligent adaptations now virtually thing past
IMDB_0997,imdb,film,jane austen lite jane austen dummies humour satire sense absurd essence jane austen author completely missing collins lady catherine others never even mildly amusing film turned bodice ripper smoldering looks abundance yecch even faults costumes right period etc vastly superior still worth watching only beautifully acted confrontation scene between elizabeth bennett lady catherine towards end film british mini series although lengthy hours total does book justice view
IMDB_0998,imdb,film,terrible movie acting pure ham giggling unbearable everybody being called boring wanted watch new jersey devils play instead now saying something fact movie celebrated absolutely appalling understand probably made women still cannot help wonder why something boring made made many times think once even twice enough keira knightly reached new point annoying film give some props does some wonderful scenery donald sutherland fine actor mother pimping daughters awful too give movie thumbs down
IMDB_0999,imdb,film,like little women film extremely boring story poor entertaining smart interesting romantic nothing good least film normal females unlike terrible characters little women still worst films ever seen like single thing
IMDB_1000,imdb,film,though better previous film adaptation novel made think something challenge austen well big screen only truly successful adaptation austen novel emma thompson beautiful faithful well done sense sensibilty decade ago still considering austen novels long wordy can expect such great adaptations knightley sprightly enough elizabeth bennett arch charismatic pretty elizabeth bennett supposed matthew macfadyen lacks charm crucial darcy character lot important things such elizabther close relationship father bennet love sister jane course potential love affair between herself wickham gone enough depth without emphasis other relationships existing between characters austen wrote well stories can get boring better explored depth dealt television brenda blethyn perfectly cast nervous mrs bennett major why family rural true wealthy noble family gentry wealthier average middle class family today represented peasants even darcy married peasant simply occasion meet least better big screen version emma
IMDB_1001,imdb,film,another example contemporary inability render classic anything like original intent sense form here parade third millennium anachronisms almost preposterous those display equally absurd current rendering tristan isolde thus our heroine kiera knightley sails through whole film saucy feminist tinged cat swallowed canary facial expression vocal delivery suggest watching great deal katie couric elizabeth vargas dying drop word empowerment somewhere dialogue incomparable judi dench publicity breathlessly assures some incomprehensible reason contemporary casting directors under lamentable delusion miss dench like maggie smith somehow suited grande dame roles nothing further truth having seen miss dench stage five hour production cymbeline stratford avon
IMDB_1002,imdb,film,colors awesome matthewy macfadyen darcy fabulous keira knightly fairly good spoke much too quickly mouth puckering jaw thing does extremely annoying does movies never get used version versus version clearly wins want see edited version hours instead hours dialog author never wrote watch fairly good only treasures judi dench lady catherine bourg macfadyen darcy haha though colin firth pride prejudice competition firth win hands down side note jennifer ehle much better lizzy singing maid need focus meeting between elizabeth darcy pemberley poorly done lizzy uncomfortable rude never rude darcy stumbled words such version shows him coming pemberley unexpectedly fabulous manner bottom line see because fan see everything pride prejudice true fan embrace hours masterpiece
IMDB_1003,imdb,film,read book watched version before watching movie don think movie good adaption bit disappointed acting mrs bennett jane mrs bennett seemed mad found bennett lied visit bingley mixed feeling joy anger former latter say mrs bennet jane beautiful movie depicted book
IMDB_1004,imdb,film,although some imagery part interpretation movie whole horrible some scenes reminded wuthering heights pride prejudice adaptation bbc incontestable new version any way making right subtleness jane austens writing intrigues movie thrown viewer without any thought showing deeper understanding novel characters made flat utterly boring film itself completely lacks subtleness way near good version
IMDB_1005,imdb,film,didn problem film simply because jane austen purist swear doesn bother some plot points missing due new time frame nor does matter colin firth jennifer ehle playing famous roles dislike film great deal though because disagree interpretation material going adapt book play film can whatever want storyline believe essential keep message spirit work intact something believe version pride prejudice failed granted outrageous disgrace like ella enchanted think actually cried after seeing abomination adaptation still loses lot austen sharp wit especially gets rid whole satire part instead watching enlivening piece sweetly pokes fun mating games marital ploys century watched two hours melodrama masks innuendos gone replaced blatant statements preface saying think keira knightley good actress like elizabeth bennet admittedly didn think right part first place
IMDB_1006,imdb,film,keira knightly looks constipated during whole movie ideal actor play role lizzy bennet let start character does justice book actually deserves star background score made give
IMDB_1007,imdb,film,put hurried storyline adaptation requires changes alright put rather poor acting giggling elizabeth dull witted bingley darcy matter etc although few exceptions where wit gone joe wright seems tried make romantic love story suppose good goal any think pride prejudice good material plot after quite predictable makes book delightful think austen wit completely lacking here without too perfect heroine became quite irritating
IMDB_1008,imdb,film,quite disappointed latest adaptation pride prejudice first jane austin henry fielding making film sets fieldingesque country bumpkin burly squire pigs chicken suit delicate story jane austin wove marriage mart plot well developed time two hours factor here principals elizabeth darcy little make believe love dual between them keira knightley sprightly matthew mcfayden emotional range scale bingley rather cypher though collins tom hollander merit rather lost over plot considering plenty models illustrations such dress early easily found give ideas costumes
IMDB_1009,imdb,film,warning someone enjoys jane austen literary way someone knows manners language time knows specific language austen books well know beatitudes lord prayer heartily dislike adaptation bingley coming room where jane lying bed gentleman like bingley wouldn paying calls woman bed going change style manners language story much make west side story romeo juliet badly done dresses unflattering knightley looked way mary usually depicted washboard chest called attention unflattering neckline wonderbra done well wonders bennet hardly even looked like gentleman much less gentleman subtle sense humor does man shave him before goes ball some good aspects course most particularly way everything wasn nicey nice places often depicted rather too beautifully other productions depicted realistically crowded quite clean assemblies women without makeup looking way woman without makeup looks dancing strenuously half hour hot room thought bennets home little too martha stewart does distressed surfaces
IMDB_1010,imdb,film,movie terrible bored literally checked dvd player every minutes see much time left until over always try watch remakes without original mind movie bad couldn stop thinking don even know why gave sure guess looked nice uninteresting choppy compared previous versions pride prejudice first off casting nobody fitted roles isn say lizzie supposed ugly certainly supposed most beautiful think kiera looked best sisters even lizzie none girls looked right role none them classic look looked much like modern girls stuck past scene where lizzie sisters can remember under bedcovers literally seemed like movie set present because couldn see wearing hairstyle unconvincing secondly acting good kiera knightly deserve oscar nomination think wonderful actress don think good movie acting blunt boring dead breathe life lizzie character completely unconvincing capture lizzie personality whatsoever scene where yelling lizzie never supposed witty composed thirdly
IMDB_1011,imdb,film,impossible condense hrs adequately unfair comparisons between film version unfair however disappointed liberties scriptwriters director took manners customs time clearly observed novel darcy never entered elizabeth bedroom deliver letter even symbolic visit confusing costumes interesting whole even little scruffy valid set piece slightly earlier date novel publication since references book suggests possibility judy dench however lady catherine sporting bright orange sun tan worthy daytime presenter antithesis custom day distraction disappointed pace dialogue particularly scene elizabeth lady catherine run pace express train without pause whole point austen why works both novel drama time stories unlike shakespeare universal themes particular period time small world muck these fundamentals whole piece degenerates chick flick pride prejudice much actors best given found kiera knightly although unquestionably beautiful unconvincing elizabeth only seemed three expressions those too wide grin seemed serve manner emotions yes now know wonderfully white teeth brenda blethyn superb much better mrs bennet other versions seen
IMDB_1012,imdb,film,seen movie released hated thought maybe revisiting make better sadly watching again pained much like director knew wanted keira knightley play role elizabeth cared little play darcy found anyone less worthy role presence pride meek little nondescript person consequence bingley appears bit light head though book never implied wickham consequence here neither elizabeth brief liking him even fleetingly mentioned movie focussed elizabeth dialogues showcase everything else takes secondary place though book ofcourse based main character dznt minimising presence rather shines through inspite presence goofups annoying too know years too late critique movie messed classic almost years old hope late after rushed movie unnecessarily
IMDB_1013,imdb,film,recently went view movie after long anticipation unfortunately let down bit true jane austenite love getting lost poetic language turns phrase famous imagine disappointment witnessed extreme rushing through dialogue most characters particularly kiera knightly anyone reading remembers television mini series version starring colin firth darcy elizabeth bennet jennifer ehle bingley crispin bonham carter name few well trained british actors comparison feature length film version far below adequate course jane austen longest novel world obviously knew best served miniseries sorry however purchased ticket bit let down rushed manner movie used choice waited come cable purchase dvd collection obsession only probably watch endlessly miniseries version other jane austen flicks emma remains favorite sense sensibility persuasion order pride prejudice simply class itself version course
IMDB_1014,imdb,film,whole wasn overly impressed say soundtrack fantastic bagillion times better beloved soundtrack hands down like ending much better liked portrayal merriton much better think jane actually prettier elizabeth sorry didn particularly care keira knightly elizabeth bennett liked added dimension darcy bingley friendship darcy little sister georgiana actually good pianist bottom line felt like watching rushed cliff notes felt like assumed lot plus barely time character development jane lizzy each other confidants best friends movie barely tell each other things mrs bennett written obnoxious character always fussing poor nerves few mentions nerves movie seem pushed unnatural really didn care keira knightly lizzy especially after amazon like role king arthur won know some people loved movie thought truly quite good job glad enjoyed stick jennifer ehle collin firth
IMDB_1015,imdb,film,jethro collins ellie mae elizabeth bennett miss jane mary bennett uncle jed bennett mrs drysdale lady catherine bourg drysdale sir william lucas forth only truly excellent representation any character matthew macfadyen fitzwilliam darcy bennets depicted rabble home shambles manners much worse austen portrayed them far generous clothes affectations grimy messy saw first came managed polite here years later decided watch britbox get past first minutes worst nincompoopish potrayal darling bingsley wreck
IMDB_1016,imdb,film,lost interest production pride prejudice quickly bring myself watch twenty minutes within first few moments encountered bad camera work especially poor sound design people responsible sound understand amplification musical instruments yet invented period story set dialogue difficult understand over anachronistically over loud music tedious ball scene switched off remaking classic new version bound compared earlier works mini series version stands head shoulders over
IMDB_1017,imdb,film,watched version ten years many views later bbc version colin firth jennifer ehle can say happy keira knightly version pacing caused events present blurry moments fragments taken book patched together grabbing head natural use previous viewings other adaptations benchmark unfortunately film falls quite short appreciation colin firth ehle version poor hollywoodized film laboured thin adapted screenplay nowhere near strong adaptation emma thompson sense sensibility where uncannily impression events book though necessity shortened film seamlessly put together here quality absent pride prejudice didn like too frivolous younger bennet girls whom couldn distinguish other lydia character didn emerge selfish militia hugging teenager much stronger kitty therefore nailed individuality didn happen lydia elopement doesn come across seriously enough social indeed early century seen few darcys laurence olivier
IMDB_1018,imdb,film,first saw kiera knightly slated play elizabeth already unimpressed saying completely dislike young actress right girl play strong female character beginning movie flows fairly well well awfully stilted acting colors seem little odd though film trying display same lighting techniques used paintings period gives soft romantic feel ultimately help mute real impact pride prejudice jane austen wrote gives people tell like book clearly never read want see accurate rendition pride prejudice watch bbc version colin firth awesome mini series must say music wonderful like watch movies lovely colors great music guess really though pretty terrible attempt making jane austen novel movie historically inaccurate frumpy hair styles rather grecian styles period stilted outright bad acting untrue classic novel looking good looking guy come walking romantically through field early morning light well does deliver jude deveraux jane austen
IMDB_1019,imdb,film,overall pretty good film keira knightly hot young thing other actors actresses well script good everything doesn even compare absolute masterpiece book other pride prejudice movies longer reason much explaining events omitted know day age having long film easily bores people actually think helped movie haven read book might think absolutely amazing movie read book before hand probably disappointed
IMDB_1020,imdb,film,hate admit now because keira knightley favorite actress modern era time couldn stand don tell anyone really didn like remake pride prejudice didn like unladylike mannerisms modern way talking greasy hair sincerest apologies favorite actress perhaps forgive only movie filmed perhaps looked back over past fifteen years lamented greasy hair perhaps director joe wright fault never know these things perhaps wanted version elizabeth bennet accessible american teenagers own unladylike mannerisms modern talking greasy hair might good admission part reveal story pride prejudice worst austen work favorite version adaptation changed plot forced read during english class cranky teacher hated thrust movie upon class reward half class failing comprehension exam
IMDB_1021,imdb,film,real problems adaptation mainly director dislike bonnet films choice leading lady director says set make film women bonnets problem women wore even recurring theme language dialogue book essentially set make film book especially wrong call jane austen deconstructionist retelling story such own modern charm mumbling leading model actress everyone greasy hair rumpled clothing undeniably appeals teen show generation true book rosamund pike such marvelous choice jane talented beautiful lost production second fiddle such poor leading lady lovely product following book completely different interpretation lizzie parents loving fond simply marvelous fun relationship created sutherland blethen here cinematography excellent reminiscent french paintings country life like reapers needs mentioned art direction choice exactly wrong whole directoral choice brits austen age cringed portrayed similar french peasants far away lifts whole film far above magnificent romantic lilting emotional piano score dario marinelli piano sheet music selling like hotcakes film become dated oddity buy score
IMDB_1022,imdb,film,imagine austen spinning grave after viewing travesty terrible waste talented cast only much dialogue unintelligible wonder director trying include much possible two hours told cast speak quickly neither darcy nor elizabeth stirred emotions surfeit grimacing posing much passion evidence bennet household portrayed chaos practically showing animals house absurd intended tense relationship between mrs bennet nowhere found critical piece drama affects whole text much missed poor donald sutherland hand face giggling elizabeth told him love darcy judi dench lady catherine does few minutes glory welcome relief said photography splendid still unbelievable portrayal much love barely finish
IMDB_1023,imdb,film,keira made action movies person less suitable eliza bennet don know good looks british accent aren enough convey strong spirit jane austen most favourite heroine being huge fan book original mini series starring colin firth jennifer ehle extremely disappointed rushed awkward emotionless adaptation choosy person enjoy any kind film put off keira whineyness previously heard friends family mixed reviews determined give try anyways after felt almost unclean may because seen original times because fan keira say here now unless friends house happened rent movie don spend your money instead rent mini series
IMDB_1024,imdb,film,far worst ever adaptation pride prejudice some parts bears resemblance book whatsoever fact wonder why title absence main characters bingley sisters belies narrative tradition spanning ages two ugly sisters literature why only miss bingley why does lady catherine visit elizabeth night book visits day walk hermitage why bennett girls seen doing household chores book mrs bennett always proud fact keep servants girls never household chores unlike lucas girls film bingley seen some sort buffoon instead affable young gentleman delete everyone memory though never existed
IMDB_1025,imdb,film,can call movie pride prejudice leave dialogue book acting ridiculous absolutely chemistry between keira knightley matthew mcfadyan historical inaccuracies laughable people didn walk around fields half dressed those love film good don call pride prejudice cause certainly isn
IMDB_1026,imdb,film,movie adaptation novel pride prejudice jane austen served solely adaptation worthless true example cinema movie filled pointless shots provide worth movie serve only empty fillers true soul original novel camera work nowhere near example true romance film properly portray instead utilizing action shots during stagnant scenes futile attempt maintain viewer interest only scene any redemptive qualities netherfield ball scene truly furthered plot contained actually interesting interactions camera shots feel place
IMDB_1027,imdb,film,pride prejudice can understand glance much little money means any given character can read anxiety confidence cut overcoat type knickknacks decorate room even set character shoulders pride prejudice realism isn punishment kind music sound cuts austen day ours clarity strong radio signal isn frame picture doesn feel alive immediate instead merely faithful austen novel written published until most fiercely beloved books english language those love ferociously protective characters center twenty year old elizabeth bennet here played keira knightley
IMDB_1028,imdb,film,can even call first scene shows filmmakers get brilliance author takes place dance time story takes place dances like barbaric cardio today women wore tight corsets keep modern standards book darcy makes fun dancing noting any savage can dance exactly opening scene bunch savages running around doing cardio watching knew story broad strokes romance film gutting brilliance original continues happen question why bother
IMDB_1029,imdb,film,pride prejudice great version those hate jane austen seems catch spirit film can see desire modernise story cannot leave original setting like having guys dolls left elizabethan england maybe set modern day india where family relationships may still parallel result characters completely lose personality even austen most interesting characters unnecessarily ruined particularly bennet looks behaves like country yokel finding worst bit challenge maybe collins gets award make such boring character such brilliant source material put too much blame actors wonder any them ever read book
IMDB_1030,imdb,film,everything movie horribly wrong characters both book version movie starring colin firth lively entertaining delightfully written destroyed version film lack depth purpose entirely devoid spirit cannot see anyone hasn either read book seen film possibly understand any motives behind characters purpose story movie tells story fast forward though plenty pointless artistic shots lieu important story information while leaving necessary development giving incredibly false feeling behind relationships movie chopped entirely watered down terrible disappointment
IMDB_1031,imdb,film,god bad matthew macfadyen manages both drippy wooden mean feat makes colin firth look like brando darcy strides pages novel darcy limps pages particularly flaccid mills boon long lingering looks camera mists roll over england green pleasant land remind particularly awful advert clover butter currently polluting small screen keira christ pretty face undoubtedly talent seems extend little further those read book recognise portrayal nothing less attractive pride prejudice inherent lizzie character nor attractive steel sensibility elizabeth bennett giggling frankly tedious little girl reappraisal happily done without gets cinematography judy dench less extent donald sutherland other quite awful
IMDB_1032,imdb,film,really movies fault hours isn enough cover rich compelling story top plot points glossed over meaning never really get chance care any characters even movie already knowing story heart every cast member old even modern times parents while lizzie jane early bennets portrayed poor dirty found myself agreeing miss bingley however adaption found far good darcy before movie ridiculous idea shame least bbc version
IMDB_1033,imdb,film,movie version pride prejudice adapted accurately novel bennet family much dysfunctional novel movie while mrs bennet controlling depicted novel rest family seems united against elizabeth declines collins marriage proposal sisters seem ecstatic does father acting mediocre movie darcy character portrayed though seemed much caring much less prejudiced against elizabeth movie compared novel
IMDB_1034,imdb,film,read book first going like movie acting overall plot bad someone read amazing work jane austen considered bit rude portray such magnificent characters little accuracy wish rude nor say movie bad however title famous beloved book since does hold any beautiful scenes reader expect agony see want see adaption pride prejudice might suggest brilliant bbc miniseries collin firth jane ehle
IMDB_1035,imdb,film,these period pieces seem rating stars above lot them anyway charm appeal bunch supercilious giggling girls whose only concern get man like them too much camera goes kiera often can crinkle nose smile while being silly got tiresome nowhere adaptation sense sensibility mother girls shrewd yet dim witted moron clumsily attempting match daughters off nice costumes horses soundtrack only lovely countryside shots forgettable drama done much better past skip unless can watch pretty girls doing much anyting couple hours
IMDB_1036,imdb,film,watched movie over times each time like experiencing first time first seconds last musical score completely taken every moment film cast costume cinematography musical score director absolutely fantastic moment movie left wanting yet entire life find movie beautiful fantastical never dull moment matter many times watch yet years find film equal seen film please see immediately elizabeth played keira knightley amazing matthew macfadyen darcy sublime every moment full love excitement wish squeal
IMDB_1037,imdb,film,two outstanding performances thought version firstly carrie milligan kitty absolutely spot brilliant brenda blethyn mrs bennet gave whole story truly family feeling only criticism feel veered bit too far book
IMDB_1038,imdb,film,fourth film version jane austen pride prejudice seen without doubt worst real representation austen novel try wonderful version jennifer ehle colin firth most recent film doesn even come close appears poor attempt such beautiful story characters film radiates modern strange pseudo period pseudo modern costumes hairstyles young women wearing hair down public leading lady keira knightly knightly gives shallow contemporary performance lizzie helped much generally poor supporting cast although matthew macfayden quite good darcy colin firth though good enough save film
IMDB_1039,imdb,film,love book favorite love bbc version direct screenplay book latest adpatation awful character development terrible writes classic scenes waste time horrified some people might only seen version classic think way book plays sure absolute basics many characters fluffy collins doesn seem such bad guy movie likewise wickham bad fellow either however read book whole another scene dacy tame redemption character movie elizabeth bennett comes off flirt deepness character only person halfway enjoyed movie lady catherine because actress way holloywood destroying another great classic made myself sit through entire film only watch much destroyed however going pop bbc version right now hope purge film memory banks
IMDB_1040,imdb,film,jane austen novel continues bore transferred screen despite great cast greer garson edna mae oliver film didn exactly catch fire same true remake elizabeth highly intelligent girl parents played well donald sutherland brenda blethyn latter used ever make life story sara allgood fine form doting mother wants see daughters married off wealth happiness allgood ought irish answer jewish mother keira knightley beautiful gives restrained oscar nominated performance eldest daughter meets darcy brooding character both angry frustrated life general nature almost cause misery family until things straightened explanation emerges such bad joe after brief role darcy aunt dame judi dench nearly steals picture vicious performance wealthy dowager looks down family tries prevent elizabeth marrying darcy dench made quite success brief screen performances supporting oscar win shakespeare love cinematography set decorations elegant quite order period history represent problem here writing can see once why darcy such brooding character emergence person adequately explained
IMDB_1041,imdb,film,beautiful film costumes production design cinematography keep production values high goes along way mask probably weakest interpretation elizabeth bennett ever keira knightley seems mumble way through movie throws away practically every line lower jaw thrust forward juvenile muggery beauty film serves put lipstick pig seems nothing going internally character elizabeth knightley far better suited play lydia running after redcoats flighty completely lacks any kind probity essential work much judgment character prejudice mix match various elements three adaptations pride prejudice elizabeth garvie original bbc series play heroine movie perfect unfortunate hollywood seems latch onto whatever hot young model better mind cast role anorexic ass kicker domino really shame spread casting net bit wider hired someone brought some levels depth character good keira win academy award nomination bad enough
IMDB_1042,imdb,film,probably only matter time before someone making new version pride prejudice series colin firth generally regarded definitive version unfortunately newcomer joe wright new version competition title nominated oscars started watching fairly high expectations beautiful film visuals wise photography cinematography wonderful whole film feels like american civil war film feels incredibly over american isn right such specifically british novel keira knightley performance dimensional while watching never feel like your watching elizabeth bennet feels like your watching keira knightley admittedly hadn bbc series probably stand quite well fact matter boring poorly performed film makes little sense unfamiliar story same time incredibly patronising unsubtle film only hours long hardly short much cut original novel therefor makes little sense some time feels like whole story happening within space week film much better incredible story keira knightley hardly bad actress fact film potentially everything going somehow manage make incredibly entertaining complex character study tacky
IMDB_1043,imdb,film,comparison book true connection only because read book lost movie too slow honestly keira knightley good actor lizzy part perfected jennifer ehle matthew macfadyen handsome fearful nor proud darcy too perfected colin firth talulah riley good job mary jane lizzy close writer completely missed connection these two sister book because totally missed movie bennet skipped lizzy needed him most favorite daughter deserving better movie follows book closely see mini movie bbc even pride prejudice latter day comedy bride prejudice better pride prejudice
IMDB_1044,imdb,film,didn like movie opinion colin firth jane eihle hope spelling right much better darcy elizabeth jane austen fan since movie much shorter guess lot lost editing like shorter version movie didn like movie opinion colin firth jane eihle hope spelling right much better darcy elizabeth jane austen fan since movie much shorter guess lot lost editing like shorter version movie
IMDB_1045,imdb,film,give because isn far worst thing seen however does deliver little enough rank along other films waste film category may sound ironic accuse version being book romance say book mean bad romance book good coming someone sat down kicking screaming watch bbc version because hates romances please believe suggest before run buy thinking fantastic love story need watch over over over again stop library pick book read read again done read again done sufficiently enough can darn near quote every line can don love story enough can skip rest review pick bbc version
IMDB_1046,imdb,film,sorry movie nothing quite excited see despite fact kiera knightly starring apologies issue fact seems play same person every role julia roberts like kiera knightly kiera knightly every film does film different ruined film say things ruined movie main thing nonetheless hell thing does mouth pout someone tell sexy pout pout throughout whole film indeed throughout films made want stab puppies fact feel need pan close every time smiles nauseating now darcy rather matthew mcfadyen failed attempt darcy big ass darcy something appealing him something makes want lizzie him mcfadyen darcy such wanted him away attracted him two thumbs way down movie
IMDB_1047,imdb,film,poorest adaptation imaginable authors done well placed action some other historical period contemporary times least spared picture many serious blunders concerning way life mores regency england still wouldn make whole picture much better characters absent elizabeth subtle knightly ever jeering ninny darcy proud haughty macfadyen like log both elizabeth darcy characters developing action evolves nor knightly neither macfadyen let alone other personages brilliant wise subtle novel film dull going once again watch bbc miniseries wipe dusty effect picture
IMDB_1048,imdb,film,kept thinking way through film waste scenery waste pretty faces waste lovely movie suggestion see greer garson version because acting awful especially knightly beautiful looks friendly spits lines without conviction emotion everyone add running around directionless screenplay off most colorful moments book hacked leaving serious screenplay jane austin hate hate hate beautiful thing look mute
IMDB_1049,imdb,film,saw latest version pride prejudice although keira knightley fine actress sure drawn lizzie jennifer ehele keira bit too silly seemed too much where jennifer left much sisters much prefer colin firth although matthew fine job wasn powerful love storyline hours didn justice still prefer version beat watch bbc version over over never get bored current version consider seeing second time again problem effort big shoes fill didn fill them
IMDB_1050,imdb,film,liked idea never fan these types movies enjoy found good terms emotion acting thought weak came character development guy seemed terrible person beginning magically bloomed wonderful guy halfway through doesn make ton sense thought few characters portrayed differently aware based book read yet may understand movie after reading update
IMDB_1051,imdb,film,think lot expectations abouth film ones says favourite film sooo loveable main story delightful sorry couldn catch attention admit actors really good believe great job think plot makes feel watching another drama movie people always says great die mucho love each other want end
IMDB_1052,imdb,film,despite some serious miscasting pouting knightley blank macfayden wasted dench offset ingenious attributions holland blethyn sutherland geese dingy settings offer fascinating contrast other renditions austen masterpiece anachronisms abound matters little many key lines moments retained visually stunning rivals wright opus glorious series superb visions full detail faces landscapes architecture chiaroscuro
IMDB_1053,imdb,film,although read book many years ago feeling discomfort throughout movie everything off storyline seems rushed characters flat gradual development nor proper climax like important scenes deleted knightley good choice elizabeth actually found only pike relevant character acting decently while annoyed silly way mother bingley portrayed love story weak incoherent failing capture true essence characters era
IMDB_1054,imdb,film,kinda too naive movie haha true went friends honest sat seat whole time going heck going really intellectual friend got rather spent money mix under years old don see because defiently sitting theater going heck going like good movie adults big minds though big thinkers think plot cute couldn understand saying sometimes either accents wish know going though because lot adults said really good movie
IMDB_1055,imdb,film,smirking nose wrinkling kiera knightly anything witty intelligent elizabeth donald sutherland almost comatose version bennett shambling oaf matthew macfayden darcy acted elegantly arrogantly opinion perfect darcy played david rintoul version favorite well actor playing bingley silly spiritless creature dominated darcy execrable lending scene now married elizabeth darcy balcony instructing him affectionate endearments can bestow them upon please version austen rather austen short attention span pride prejudice cannot done justice movie only couple hours recommend bbc serial versions wants experience spirit novel
IMDB_1056,imdb,film,jane auestin superfan thismovie probablythe bestever now eviewe film adaptation pride prejudice like novel riddled flaws minor flaw flow well film obnoxiously quick zoom ins toward certain characters faces during suspenseful scenes specifically while elizabeth visits pemberley surprised see darcy visiting summer home notices eli zabeth camera quickly zooms toward face like scene office camera work immediately takes viewer century creates comedic air instead suspenseful drama intended viewing audience pleasure thank your janeauestin support love jane auestin love ily
IMDB_1057,imdb,film,overall movie pretty decent feel like plot moved acceptable pace storyline kept interest majority film where lost interest during last scene movie want know context behind disturbing scene why someone thought good idea problem darcy elizabeth already strange relationship until point before scene give movie automatically dropped down because scene personally think person put scene movie fired
IMDB_1058,imdb,film,don know defines good movie know bad film see simply annoying appalling presumptuous arrogant why remake already boring novel sexually frustrated novelist
IMDB_1059,imdb,film,altogether didn really like disappointed version pride prejudice begin bit difficult understand keep explaining saying meaning friend dresses mixture tow different era didn really match story set regency era early late dresses bingley sister wears ball looks like come modern runway century disappointing even nice looking dress bbc version difference between decor houses darcy lady catherine bourgh shows important difference character comes version tacky show offish other happened bingleys other sister film missing many things make better few good points however think worth seeing can nasty comparing bbc version
IMDB_1060,imdb,film,truth little wrong film excusable first version two decades rather six months pride prejudice competently made
IMDB_1061,imdb,film,reimagined chick flick today romance starved independent women paean days marriage both means financial security only sanctioned way get your freak bursts fecundity virility naughty shot well endowed hog sets lusty tone disquiet adolescent hormones pulses through every frame dame judi dench only showstopper terms acting other performances serviceable keira knightley looks most beautiful sympathetic repose already few too many tics such young thespian makes nevermind anointed next big british thing lush cinematography serves travelogue great houses champion trees britain
IMDB_1062,imdb,film,first let clarify know making books movies difficult task liberties generally taken order fit said books too long movie realize directors take liberties order put own personal stamp movie get really however point can take too many liberties seen film two different occasions once close came second time recently can say opinion improved second viewing fact pause several times because made angry classify myself purist likes movie adaptations contain same essence book looks authenticity settings costume film horrible job these categories costumes terrible cannot decide time period belong bennets home atrocity austen writes poor means poor comparison other wealthy upperclass individuals poor literal sense estate servants land decent park bunch loose animals wandering around heaven forbid running through house willy nilly happened furthermore
IMDB_1063,imdb,film,interested see film after having seen bbc adaptation disappointed only casting several characters fit roles given them film makers didn seem real grasp historical period course some creative interpretation required austen wrote book screenplay film seems miss big chunk pride prejudice represents specific historical point although entertaining love story anyone read appreciated book undoubtedly disappointed adaptation especially seen bbc previously film feels rushed some events quite socially significant early century glossed over attempt make movie fit hours
IMDB_1064,imdb,film,times considered television adaptation starring jennifer ehle colin firth dominant universally adored lingered public consciousness cinematic standard wikipedia states thats right watch them sure watch version like times better better actors much better director skills keira knightly might good actor other characters far better met version version much longer need time watch worth time worst pick darcy
IMDB_1065,imdb,film,absolutely terrible mean based novel pretty good suppose pathos actors pretty good least most them like matthew macfadyen looks like madame tussaud statue wears exactly same expression face time others suppose let forget film supposed follow novel jane austen does course film lasts two hours cannot bear every single scene fact character book characters themselves real jane cannot laugh time stupid goose real lizzie cannot look nor sound like girl only wants flirt darcy does slightest trace arrogance bennet looks like house steward rather gentleman said beginning perhaps good film based novel whose atmosphere does convey suggest jane austen fans see bbc edition feel inside book see
IMDB_1066,imdb,film,wife love historic movies series really abhor movie while can say book adaption strive far source nevertheless bad story women movie act incredibly dumb only thing care marry wealthy man someone else marrying wealthy man daughters marrying wealthy man women any depth movie any character any wish other marrying enough incredible women these times acting horrendous point feel actors real like amateurs trying costumes playing old times hardly can control modern day emotions keira knightley grinning shame lacking every inch different people behaved past stars good camera sound
IMDB_1067,imdb,film,love book read few times until now liked bbc version because opinion really respected story characters first saw version shocked hear lines character book said another movie some times whole meaning completely changed after while thought maybe give fair chance nice movie even story lines like book last night watched again still disappointed most movie impression actors hurry say lines hours limit feelings emotions lines bingley lot difficulties talking why mention book him being retarded nevertheless keira quite cute better written script make great role
IMDB_1068,imdb,film,feeling movie satisfying watched sense sensitivity hated now saw pride prejudice feeling watched same movie twice complete genre nobody heard story boring possible typical romance stereotypes these movies get wring hate romances quite opposite lot romances really like take graduate example love actually four weddings funeral point genre mix cenrury england romance virus
IMDB_1069,imdb,film,gloriously beautifully looking film dario marianelli score amazing pride prejudice back forth stupidity mean come whole relationship story doesn make any sense pretty sure people know didn give damn hard review movie because complaint way too much person other person basically spoil everything mainly real problem movie dumb stupid these people pride prejudice non sense film ridiculously stupid doesn work movie novel itself maybe
IMDB_1070,imdb,film,far adaptation jane austin classic pride prejudice goes mediocre best faults numerous spread across almost every aspect film successes fail subside weight failures agree something entertaining romp fails capture embody mastery either novel bbc mini series greatest fault adaptation does lie movie itself rather fact movie novel expansive work extremely large cast characters expansive set locales long series events integral plot many complicated mannerism restorative britain accomplish spans hundreds pages mini series took five hours accomplish same single movie however extraordinarily confined time story cannot told mere two hours result many things cut movie subtle exquisite nuances character society whole major focal points plot film maker fault rather choice medium retell story effect
IMDB_1071,imdb,film,truth universally acknowledged movie true austen book even slightly won hard ridiculous script director decisions though some scenes really bothered promised myself avoid any comparison any previous adaptations must say though really disappointed cast hold hatred knightley opinion weak actress movies acts same moves same same phrasing convincing matthew macfadyen even worse definitely looks don think succeeded portraying darcy seriously half movie plain dull other half looks like stray puppy dignity pride won detail bingley wickham other disappointing portrayals any man isn mental notice something wrong them even neither read book
IMDB_1072,imdb,film,movie itself real popcorn coke movie soon look historical book correctness start cringe understand difficult adapt book short movie only hours come clothing hair behaviour dialogues too wrong chemistry between characters some even left completely really looking forward new movie favorite book severely disappointed wished called something else different character names still really good frustrating now
IMDB_1073,imdb,film,great either casting poor keira knightley pretty good judi dench amazing lot cast varied ordinary poor donald sutherland jena malone particular looked completely depth story dumbed down everything flowed logically left cold part problem story too long feature length film suited mini series format made right cuts logically unfortunately process killed soul movie film absolutely gorgeous look though shot location every frame lit beautifully wasn bad itself can stand miniseries
IMDB_1074,imdb,film,huge pride prejudice fan excited see adaptation coming keira knightly because really like waited until dvd see because hard justify theatre dollars something seen read many times almost know heart glad adaptation done well leave lot wit sarcasm makes story great times change key parts dialogue once great lackluster mindless drivel some cuts can understand save time change asking myself why why why course dvd now save yourself watch bbc mini series available dvd too lengthy awesome
IMDB_1075,imdb,film,seen film prior ordering copy dvd over net bothered buying dvd particular story favourite both wife myself bbc version both tape dvd least greer garson black white film version tape our possession against bbc version latest travesty doesn stand fully appreciate comparing feature film hours duration serialisation almost times length actual production latest version leaves much desired disjointed devoid some main features speeches majority cast seemed ides story supposed doing quite frankly considered film total disappointment giving only marks both those simply superb acting miss keira knightley miss keira knightley plays elizabeth bennett movie nominated oscar role here can well understand why apart miss knightley superb acting dame judi dench lady catherine debourg film opinion
IMDB_1076,imdb,film,wouldn say donald sutherland favorite actor shows here though although good does spoil movie why ask because whenever screen get feeling real acting like centred movie shown little help course purpose elevate performance screen contrary spoiling other actors most them younger good rather can good showed other movies sure here back forth many subjects display here direction movie don really see getting anywhere
IMDB_1077,imdb,film,movie like many other romance films only difference set england olden days sure why knightly got acting nominations didn think anything special didn even fake english accent main story girl likes boy boy likes girl girl gets mad boy finds isn bad after takes him back side note thought really annoying almost everyone refer someone else mrs instead first names wife calls husband bennett kids even call parents mrs final verdict nothing original like date movies may like
IMDB_1078,imdb,film,example early film producers grand ideas wanted see star carry film keira knightley catapulted popularity pirates caribbean love actually while said first casting director doubted ability because apparently told too pretty role truth keira popularity too much turn down whether like aughts favourite actress period dramas get sort sore thumb sticking makes film another hollywood popcorn muncher someone read book seen bbc miniseries fluff two hours get your jane austen fix only keira knightley miscast donald sutherland seems because thought long grey hair look part does doesn donald sutherland too big name actor fit someone simply handful lines next tom hollander much too handsome play dreadful collins simon woods looks too much like weirdo play someone handsome charismatic bingley too unrealistic someone cute character played rosamund pike found something fetching crazy wide eyes finally matthew macfadyen
IMDB_1079,imdb,film,pride prejudice drama film joe wright based novel jane austen starred famous actors keira knightley matthew mcfadden rosamund pike donald sutherland many others film set england late century parents five bennet sisters concerned getting daughters married successfully regular life respectable family turned upside down young gentleman bingley appears neighborhood course among friends new neighbor lot refined aristocrats averse court charming sisters however simple headstrong elizabeth meets bingley friend handsome arrogant darcy serious confrontation breaks between them result can both love hatred film leaves much desired incomprehensible plot appearance characters match age film set film doesn match book actors play roles maximum course personal opinion fan horror
IMDB_1080,imdb,film,although mind pride prejudice movie compare bbc miniseries version some definite good points well some disappointments lets start good movie rustic feel almost felt like smell feel english country side version believe too clean too pristine version made home life believable rather understandable position society these girls born fact actors much younger appealed towards today standards beauty version much easier relate comprehend meanings society remember watching bbc version time being slightly jarred fact women seeing coincide ideals thoughts looks while reading novel said still strongly believe casting kiera knightley something resemblance jennifer ehle girls actually looked age represented book roles sisters well played younger didn look older elder sister bbc version movie visually satisfying again other big budget hollywood movies scenery amazing
IMDB_1081,imdb,film,bride prejudice puts entirely different spin jane austen story spirited courtship bollywood style music dance spectacle merge love vanity social pressures director gurinder chadha transports comic tale witty young woman trying find suitable husband cross cultural setting spans century india london america seen movie wonderfully mixes values eastern western culture must look movie point made like bolly wood movie dramatic songs hindi movies incomplete dash indian culture yes movie based pride prejudice lot people expecting like book hence surprised reviews given your sites good better riview can found coming net http www comingsoon net films php
IMDB_1082,imdb,film,far less worthy pride prejudice screening words actors say entirely same former movie hence goal remake appears merely make full length movie series episodes abridged version better old say elizabeth colonel forrester speaking finds role darcy played sister loss admirer bingley scene takes place during solitary walk pemberley grounds creates nice atmosphere where nothing gets way viewers can hear conversation well contrary movie same circumstances being relayed miss elizabeth church where collins reading sermon adds nothing understanding feelings towards darcy change merely serves shorten movie other cinematographically sensible reason actors
IMDB_1083,imdb,film,really enjoyed film say certainly exceeded expectation however must say new darcy satisfying don understand some people say young actor portrayed darcy well enough own charm looked handsome darcy shy romantic guy can make women swoon arrogant proud darcy even comparing him colin firth enjoyed keira too much giggling hated both actors seemed suit together movie bennet darcy expected overall movie some faults still enjoyable
IMDB_1084,imdb,film,film over quite enjoyable decent acting young kiera knightly equally decent casting most part scenery photography alone worth while found film rather brim filled symbolism times tad too obvious felt contrived though believe bar darcy set quite high past say liked darcy found mcfadyen performance intense rather passionate doesn hurt nice look well kiera knightly lizzy bit too young opinion don want discredit performance otherwise must pretty thankless job make version pride prejudice anyone having seen bbc version believe automatically compare two though think bbc version stays truer novel version definitely worth watching fan jane austen offers some good rewrites adapt novel shorter film version still keep essence intact over use symbolism makes score little lower film may actually deserve still recommend
IMDB_1085,imdb,film,familiar original story may actually enjoy big fan book both bbc series may find yourself wanting visually movie great done well actors part fairly well some things find annoying mention below matthew macfadyen does decent job darcy definitely handsome enough keira elizabeth don think fault part written charles bingley most annoying comes across like bumbling idiot hard watch scenes without being annoyed stupid comes across expect friend darcy keira elizabeth like said above doesn come across sensible lizzy book fan book expect interpretation story find somewhat lacking many details left key characters seem missing glossed over such part wickham plays story realize probably cut some content make minutes day age probably afforded another minutes bit justice many movies today even split two parts
IMDB_1086,imdb,film,movie definitely favorites think casting agents chose great people represent book characters only casting agents good obviously actors chose good mrs bennet collins characters portrayed well way pictured them while reading story exactly movie think having character personalities match both book movie important factor want readers book intrigued movie well actress played mrs bennet fabulous job capturing mrs bennet anxious personality collins movie character accurate awkwardness failure read room extremely obvious every scene while wasn super fan book movie think certain aspects plot portrayed well throughout movie arguably really though mrs bennet collins two most annoying characters while watching movie feel second hand embarrassment creeping every time these two talked shows well these actors expressed interesting personalities these two characters
IMDB_1087,imdb,film,haven read novel any works jane austen today see film part our course college many friends read book like really excited while watching movie really bored death watching don know why girls movie get excited really small things girls either giggling excitedly talking emotionally falling asleep while seeing snooze fest joking explain understood five girls mother father girls dying fall love marry someone giggling excited like hell see cute guys men time time someone come room family sitting announce wished talk someone room privately everyone else vacate room thing takes place probably thousand times really people behaved during olden times glad living era time time girls talk angrily mother does lot overacting father reasons only god knows background score goes giving grand music some grand shots epic scenery movie goes like don know why classmates laughing applauding certain scenes neither found them funny nor found them romantic awfully boring mean music camera good substitutes good story recommend boring hell movie
IMDB_1088,imdb,film,pride prejudice favourite book since teenager quite few years ago can remember black white bbc version staring alan badel darcy magnificent watched interest bbc version staring colin firth darcy found lived standard set many years ago badel remember seeing laurence oliver version many years ago thought absolutely ghastly interested see new film version wondering such masterpiece couple hours took little while get through knightley posh pouting dour matthew macfadyn darcy came away quite liking decided again after second time came away big fan having thoroughly enjoyed squeeze book such hour thereabouts slot many years purist now see another take brilliantly written story impossible develop characters such short time leave glad director chose give collins brilliantly acted perhaps expense wickham however agree bingley too foppish version having now seen again dvd think matthew macfadyn although different great darcy loved watching film dvd director comments quite amusing congratulate him job well done last thing like comment superbly uplifting music dario marianelli only criticism pieces long enough
IMDB_1089,imdb,film,english movies almost without exception signposts acting perfection brits know act proud reputation rings true movie too sadly though trouble following dialoguealmost hoping subtitles yes english course never done accept watched movie twice pick continuing story outline goodin adaptation book screenplay devoted emotional romantic aspects life times sisters unfortunately played little too long regard estimation definitely chick flick even sophistication comedic highlights well felt after viewing dvd eaten oriental dinner half hour later hungry substantial story telling carried through emotionally satisfying experience
IMDB_1090,imdb,film,surely took while finally see rather good always liked keira knightley never totally impressed here exquisite really bringing lot charm depth role fitting period time like glove actors successful supporting cast great great seeing blethyn great seeing both carey mulligan rosamund pike roles before got big started giving acclaimed performances both great here jena malone whole film great definitely your typical period romance over something like atonement themes different
IMDB_1091,imdb,film,studied story class professor yoshino story love between elizabeth darcy gentry class women don right choose job marriage only way women live stably women acquire culture attractive invited dance rich men ball elizabeth thinks wrong doesn hope quick marriage darcy falls love elizabeth different other women however misunderstand each other because pride prejudice first meet darcy too proud impolite elizabeth prejudice against him makes them apart emotionally lose patience because remains neither too close nor too distant film story century can replace present love mind misunderstanding sad ages enjoy film elizabeth beautiful darcy cool nice watch
IMDB_1092,imdb,film,watched movie only two week ago class knew title author name however don know details story until watched movie made based novel same title famous title interested glad see movie fathermore want see movie early time life good movie want read original novel like elizabeth father elizabeth cool like woman movie yearned while watching movie father seems cold person wrong last almost cried because watched again
IMDB_1093,imdb,film,while some might acknowledge narrative limitations fallen upon medium like lack austen prosaic descriptions movie still solid hour dive love intrigues century british aristocracy while love stories might immediately captivating enthralling ultimately get going acting costume work well screenplay laudable music main piano motif splendid absolutely loved witty eloquent dialogues various characters hearing people constructing thoughtful expressive phrases such precise articulate way such rarity pleasure additionally must say movies cinematography offers some impressive awe inspiring wide shots simply pretty painting like usual romance movies subjective experience always different story intensely intriguing adequate enough
IMDB_1094,imdb,film,some early scenes film dialog helter skelter subservient music soundtrack think darcy character why come visit clearly doesn want here wait post party parlor scenes dialog become fully intelligible question gone unanswered can accept presence learn later events indeed during various party scenes must rely largely body language rather english tell story curiosity production respected canadian actor donald sutherland affecting english accent standing among genuine brits cast much american still performance rational lovable
IMDB_1095,imdb,film,jane austen take romance pride prejudice extraordinarily unique film adaptation does brilliant job capturing these abnormalities romance darcy false front elizabeth bluntness displayed manner similar book largest change setting bennet household particularly use animals quite significant practically every scene bennet house animals surrounding house roaming through halls however absolutely mention animals novel whatsoever director may used these animals make difference class between darcy elizabeth well jane bingley significant overall austen criticism marriage time period still properly made apparent film while telling charming tale along way
IMDB_1096,imdb,film,don know whether any other work english literature adapted silver screen many times know make comment comparison doesn sound good couldn help myself comparing fairly recent adaptation bollywood adaptation bride prejudice first adaptation much loyal can work jane austen keira knightley performs well elizabeth read book know makes admire elizabeth honestyher quick witted answers feisty nature know sharp tongue tendency judge quickly difference right here aishwarya rai bollywood adaptation can give quick witted honest elizabeth seems like haughty self centered lady likes humiliating interlocutor brenda blethyn reflects motherwho consumed desire see daughters married matter whatin excellent acting donald sutherland self possessed irresponsible father bad either jane most beautiful sisters guess made some efforts make rosamund pike jane beautiful elizabeth keira knightley can say unsuccessful really caught attention know bingley well intentioned fun guy movie seems like mot juste here don know seems too too easygoing like bingley book know darcy class conscious cold guy matthew macfadyen walks like half fainted body especially eyes movie even proposed elizabeth second time being cold isn necessarily having dead pan face william darcy bollywood adaptation looks cool cheerful must worse interpret darcy character last sylvester morand collins seems like sensible guy many points pompous idiotic obsequious clergyman bollywood adaptation guy paying him looks really idiotic chance visualize jane austen work perfect too bad worth watching
IMDB_1097,imdb,film,austen famous witsatire humour forms basis enduring appeal pride prejudice finally published continues annual bestseller sidelined open version emotional drama modern audiences open newer interpretation can avoid comparisons nearly hour version allowed greater depth detail telling characters story lines accept some new film rushed story lines treat new british star keira knightley elizabeth bennet excels first real leading actress role ably supported fellow brit rosamund pike jane bennet sisters supportive each other bennett family problems knightley right age characterthis allows elizabeth girlish personality plus character pride misjudgements loving nature shine through great star turns brenda blethyn mother mrs bennet plus oscar winner judi dench fearsome lady bourgh darcy aunt add depth film version claudie blakley elizabeths wise friend charlotte lucas simon wood amusing bingley delightful supporting performers
IMDB_1098,imdb,film,yes pretty much really want know jane austen brilliant work don watch mediocre film minimal acting abysmal cinematography soundtrack read god dam book don waste your time
IMDB_1099,imdb,film,cinematography costumes buildings homes decor etc etc absolutely fantastic really loved movie credit joe wright director think nailed thank much course can help compare mini series once home immediately put dvd skimmed through mind everyone here comments latest version better because emotion sense realism comes costumes homes etc keira puts emotion elizabeth jennifer ever always thought jennifer portrayed elizabeth too much pride arrogance almost found hard believe loved darcy keira totally believed loved him certainly falling love him well before visiting pemberley matthew colin difficult think matthew pulled off certainly buying dvd once other characters too latest version superb only negative here lydia julia sawalha exceptional mini series course far screen time like period drama romances must see great love story laugh loud humor ask
