review_id,platform,type,tokenized_text
WF_0001,watchapedia,film,오만 사람 사랑 만들 편견 사람 사랑 못하 만들
WF_0002,watchapedia,film,사랑 내려놓 다아시 오만 사랑 벗기 버리 리지 편견 그대로 서로 바라보 간단 어렵 사랑 시작점 대하
WF_0003,watchapedia,film,사랑 사람 생기 아빠 아빠 영화 마지막 장면 생각
WF_0004,watchapedia,film,여명 멀리 새벽 안개 성큼성큼 기품 리지 걸어오 다아시
WF_0005,watchapedia,film,흔하 키스 없이 달달하
WF_0006,watchapedia,film,사랑 싹트 위하 권하 다아시 리지 듯이 무도회 다아시 곧장 사실 만남 이후 모든 그녀
WF_0007,watchapedia,film,원작 영화 쌍둥이 떨리 때문 디테일
WF_0008,watchapedia,film,빗속
WF_0009,watchapedia,film,영화 아름답 배경 가장 인상 배우 외모 중간중간 깨알 유머
WF_0010,watchapedia,film,최고 영화 영화 영화
WF_0011,watchapedia,film,긴장감 스릴러 온종일 가슴 두근두근 서로 대하 오만 편견 눈빛 대화 열정 어리 싸움 모든 사랑 과정
WF_0012,watchapedia,film,원작 훼손 스크린 옮기
WF_0013,watchapedia,film,첫인상 중요 색안경 영화 원작 제목 첫인상 오만 버리 편견
WF_0014,watchapedia,film,무뚝뚝 정하 알리 영화
WF_0015,watchapedia,film,가장 좋아하 로맨스 영화 특히 앨리자벳 아시 영국식 발음 매튜맥퍼딘 절절 눈빛 연기 질리 영화
WF_0016,watchapedia,film,편견 사람 사랑 만들 오만 사람 사랑 만들
WF_0017,watchapedia,film,방대 소설 내용 압축 개연 다아시 갑자기 고백 시대 재현 의상 키이라 나이틀리 찡긋
WF_0018,watchapedia,film,영화 키이라 나이틀리 빠지 라이트 감독 제인 오스틴 영화 잔잔 순간 지루 없이 아름답 오만 그녀 편견
WF_0019,watchapedia,film,어슴푸레 새벽녘 오만 편견 안개 걷히 따사 빛나 태양 사랑 다시 비추 황홀
WF_0020,watchapedia,film,상상 소설 세계 그대로 재현 느낌 고전 언제나
WF_0021,watchapedia,film,과거 추억 생각 행복
WF_0022,watchapedia,film,사랑 자만 오만 사랑 지나가 느끼 자괴감 편견 감정 스스로 부여 후회 인물 보이 완벽 작품 행동 보이 사랑 인정 오래 걸리 빙빙 마음 다잡 머무르 사람 아빠 20.1.26 190
WF_0023,watchapedia,film,다아시 남자 현실 존재 다시 태어나 사람 선택
WF_0024,watchapedia,film,보이 문학 들리 텍스트 짜릿
WF_0025,watchapedia,film,키이라 나이틀리 연기 미모 최고 작품 주인공 엘리자베스역 대체 불가 정도 자체 커플 성격 비슷 표현 장애 오만과 편견 열정 가슴 집안 셋째 데려가 속담 베일 어째 첫째 둘째 투톱 첫째 제인 로자먼드파이크 캐스팅 맞추
WF_0026,watchapedia,film,이미 오만 원작 대하 편견 가지 영화 감독
WF_0027,watchapedia,film,
WF_0028,watchapedia,film,총명 까맣 눈동자 나이트리 강아지 애처롭 시크 매튜 맥퍼딘 훈훈 조화
WF_0029,watchapedia,film,사랑 존재 인정 아버지 존재 인정 입맞춤 어둠 거두 떠오르 햇살 모든 오만 편견 굴레 던지 버리 설레 장면
WF_0030,watchapedia,film,다아시 고백 엘리자베스 대하 대응 미숙 자존심 때문 강경 행동 더욱 끌리 영화
WF_0031,watchapedia,film,서로
WF_0032,watchapedia,film,대하 편견 흔히 오만 신드롬 오만 지폐 단위 생기 물가 상식 충돌 생겨나 이를테면 조카 세배 올리 적당 올리 녀석 눈빛 빛나 떨리 분명 이거 색깔 비슷하 생각 조카 녀석 오천 충분 오천 얼굴 나오 틀리 증명 위하 조카 놀이터 나가 7200 가량 녀석 노려보 씩씩거리 조카 녀석 내팽겨치 스킨 라빈스 파인트 시키
WF_0033,watchapedia,film,수채화 풍경 읖조리 진중 대화
WF_0034,watchapedia,film,콜린 퍼스 나오 그거 드라마 콜린 퍼스 나오 삼각 관계 긴장
WF_0035,watchapedia,film,당시 영국 사회 분위기 엘리자베스 매력 캐릭터 탄생 제인 오스틴 경의 음악 영상 연기 영어 발음 아름답 영화 번역 자막 다시 엘리자베스 다아시 사랑 이해
WF_0036,watchapedia,film,원작 소설 도전 시도 실패 내용 모르 다가오 줄기
WF_0037,watchapedia,film,제인 오스틴 오만 소리 아직 못하 편견 없이 힘들 결혼 신분 상승 생계 유지 유일 방법 시대 감내 여성 가엽 버겁 러닝 타임 견디 힘들 영상미 명화 고급 여튼 로자먼드 파이크
WF_0038,watchapedia,film,때로 사람 오랫동안 진가 겉모습 한순간 행동 판단 버리 진정 사랑 놓치 버리 모르 다아시 멋있 아버지 만만
WF_0039,watchapedia,film,영국 발음 최고 돌리 모르
WF_0040,watchapedia,film,장막 걷히 틈새 들어오 찬란 순수 향기 풍기
WF_0041,watchapedia,film,소리 없이 가득 달빛 고이 심란 잊히 그것 공백 가만히 눈감 더욱 또렷 의식 부분 그대 이다지 그윽
WF_0042,watchapedia,film,라이트 장르 품격 부여 기술 화면 쏟아지 대사 사이 침묵 눈빛 교환 감독 배우 만들 모든 사소 요소 모이 놀랍 감정 깊이 지니 영화 나오
WF_0043,watchapedia,film,키이라 나이틀리 이쁘 마차 불쑥 에스 코트 장면 최고
WF_0044,watchapedia,film,영국 자랑 워킹타이틀 가공 고전 문학 백미 세월 흐르 유효 제인 오스틴 원작 재미 만족감 극대 영화 미술 매력 작품
WF_0045,watchapedia,film,시대극 위하 태어나 키이라 나이틀리 라이트
WF_0046,watchapedia,film,원작 정중히 인사 워킹타이틀 사랑 스럽
WF_0047,watchapedia,film,시절 돌아가 압도 비주얼
WF_0048,watchapedia,film,수록 빠지 다아시 엘리자베스 사랑 이야기 다아시 여운 헤어나오 힘들 원작 펼치 영화
WF_0049,watchapedia,film,오만 넘치 세상 정도 사실 포함 편견 빠지 여자 구원 사랑 헌신 가능 제목 오만 편견 전체 스토리 충분히 처지 내용 스토리 평화 스피디 전개 상당히 훌륭 장면 하나하나 섬세 감독 영화 들이 보이
WF_0050,watchapedia,film,여러 상상 주인공 움직이 느낌 완벽 싱크로율 키이라 나이틀리
WF_0051,watchapedia,film,오만 사랑 사랑 사랑 연속 고백 편견 부수 받아들이 자체 사랑
WF_0052,watchapedia,film,우연 시선 엇갈리 손끝 스치 디테일 표현 사랑 시작 감미 오프닝 리지 무도회 유영 핸드 헬드 카메라 워크 알렉산더 소쿠로프 감독 러시아 방주 2002 연상 시리즈 오만과 편견 1995 인도 배경 코믹 버젼 신부 편견 2004 2013.3.9 감상 2017.8.20 감상 2019.3.12 9.10 2021.1.10 2023.3.4 감상
WF_0053,watchapedia,film,리지 나이틀리 어울리 생각 원작 대하 애착 별점
WF_0054,watchapedia,film,부드럽 촬영 기법 흥미 전개 아름답 배경 주책 바가지 엄마 자매 헌신 겸손 다시 아름답 부녀 사랑
WF_0055,watchapedia,film,세기 넘나들 섬세 로맨스
WF_0056,watchapedia,film,소설 모든 내용 담아내 영화 러닝 타임 삭제 장면 아쉽 소설 그대로 담아내 그림 장면 아름답
WF_0057,watchapedia,film,로맨스 역시 드라마
WF_0058,watchapedia,film,오만 편견 편견 오만
WF_0059,watchapedia,film,남자 오만 여자 편견 그것 사랑 상관 보이 영화
WF_0060,watchapedia,film,아름답 아름답 아름답
WF_0061,watchapedia,film,여자 역시 사랑 사랑 제인 엘리자벳 사랑 스럽
WF_0062,watchapedia,film,연기 분위기 원작 어울리 작품 그녀 존재감 처음 느끼
WF_0063,watchapedia,film,안개 편견 걷히 쏟아지 사랑 햇살
WF_0064,watchapedia,film,사랑 시작 어렵 이유
WF_0065,watchapedia,film,오만 편견 영화 감탄 최고 드라마 마아크 다아시 아직 생생히 떠오르 명작
WF_0066,watchapedia,film,고집 스럽 이기 오만 오해 인하 편견 뛰어넘 마법 진실 사랑
WF_0067,watchapedia,film,만점 제목
WF_0068,watchapedia,film,편협 넓히 영화 단점 먼저 보이 장점 가리
WF_0069,watchapedia,film,엇갈리 조각 제자리 돌아가
WF_0070,watchapedia,film,위태 오만 편견 가리 사랑 분명
WF_0071,watchapedia,film,츤데레 원조 성공 로맨틱 코미디 공식 관객 주인공 사랑 빠지
WF_0072,watchapedia,film,소소하 오디오 비주얼 비주얼 오디오
WF_0073,watchapedia,film,마음 달라지 드리 영혼 매료 하루 헤어지 유나늘
WF_0074,watchapedia,film,라이트 활용 예술
WF_0075,watchapedia,film,영화 자락 베넷 미소 감히 모든 아버지 감정 대변
WF_0076,watchapedia,film,논리 철학 보고서 주제 주제 오만 편견 연애 관계 악영향 끼치 어떠 논리 오류 일으키 곰곰히 생각 모든 해결책 진심 어리 소통 자존심 아무런 도움
WF_0077,watchapedia,film,영화 처음 자극 흥미진진 막장 가장 중요 로맨틱
WF_0078,watchapedia,film,고전 옮기 영화 가장 좋아하 영화 군더더기 로맨틱하 거기 섹시 남주
WF_0079,watchapedia,film,고전 명작 아름답 영상미 아버지 사랑 돋보이 리즈 귀엽 미소 다아시 설레 눈빛 소품 음악 위트 대사
WF_0080,watchapedia,film,
WF_0081,watchapedia,film,영상미 영화 음악 훌륭
WF_0082,watchapedia,film,개봉 10 지나 믿기 오만 편견 감정 좌우 인간 그리 이성 존재 이성 설득 감정 상대방 움직이 탁월 진심 우러나오 마음 노고 고도 이성 이용 사람 마음 사로잡 2018.10.07. 관람
WF_0083,watchapedia,film,나이틀리 아름답 영화
WF_0084,watchapedia,film,로맨스 정석 왕도 명화 미려 영상미 시대극 더욱 발하 나이틀리 모든 여성 로망 불멸 연인 미스터 다아시
WF_0085,watchapedia,film,감성 처음
WF_0086,watchapedia,film,오만 사람 사랑 만들 편견 사람 사랑 만들
WF_0087,watchapedia,film,풍경 묻어나 고전 향수 매혹 정지 화면 계속 왓챠 영화 장면 느끼 감동 포인트 다르
WF_0088,watchapedia,film,굳이 모든 느끼 눈빛 손짓 사랑
WF_0089,watchapedia,film,번째 다시 엘리자베스 첫눈 반하 엔딩 크레딧 올라가 다시 너무나 설레 예쁘 사랑 이야기
WF_0090,watchapedia,film,영화 다아시 인상 거만 솔직 고백 빗속 어쩌 모르 리지 얼굴 다아시 파랗 눈동자 반짝거리 라이트 시대극 최상 비주얼 자랑 키이라 나이틀리 역시 반짝반짝
WF_0091,watchapedia,film,콜린스 찌질
WF_0092,watchapedia,film,맹목 사랑 맹목 결혼 위하 당시 여성 안타깝 느끼 솔직히 하워즈 엔드 센스 앤 센서빌리티 작은 아씨들 오만과 편견 비슷 내용 오만 편견 그다지 흥미 소재 활용 관계 이어지 오만 편견 오해 대하 설명 화해 이어지 사랑 대하 이하
WF_0093,watchapedia,film,오만 편견 점철 사람 피어나 사랑 대하
WF_0094,watchapedia,film,첫눈 반하 사랑 단단 편견 이기 사랑 편견 거두 진심 오만 내려놓 진심 보이 오만 편견 허물 진솔 사랑
WF_0095,watchapedia,film,엠마 센스 앤 센서빌리티 정적 상당히 철저 고증 원작 가깝 만들 생각 엘리자베스 나이틀리 왠지 모르 위노나 라이더 느낌 암튼 느낌 영화 전반 아름답 피아노 영화
WF_0096,watchapedia,film,제목 내용 부드럽 연주 배경 피아노 플롯 아름답 우아 흘러가
WF_0097,watchapedia,film,마음 간질거리 사랑 마찬가지 사랑 결혼 부럽 마지막 아버지 진심 눈물 흘리 괜시리
WF_0098,watchapedia,film,가족 그켬이 예쁘
WF_0099,watchapedia,film,21.09.16 1225 영화 미장센 미술품 예쁘 영화 취향 사람 엄청 좋아하
WF_0100,watchapedia,film,
WF_0101,watchapedia,film,아름답 영상 음악 각색 빛나 다시 무도회 테이크 대단 다아시 고백 사랑 스럽 훈훈
WF_0102,watchapedia,film,티비 나오 채널 멈추 장면 계속 영화 음악 그녀 대사도
WF_0103,watchapedia,film,라이트 감독 멜로 아련 필름 분위기 감상 원작 그대로 스크린 가져오 느낌
WF_0104,watchapedia,film,새벽녘 안개 고백 여태 고백 최고 다아시 눈빛 박제
WF_0105,watchapedia,film,아름답 연출 캐릭터 스토리
WF_0106,watchapedia,film,첫인상 중요 곧이곧대로 낭패 제인 오스틴 진심 걸음 느리 찰나 판단 맡기 오만 편견 도무지 속도 좁히 오래 사람 진정 사랑 사람 만나 욕구 사람 고귀 사랑 마침내 완성 나이틀리 어여쁘 모습 무뚝뚝 보이 매튜 맥퍼딘 너무나 어울리 내내 무뚝뚝 얼굴 언뜻 미소 떠오르 황홀 따스 부드럽 햇살 빛나 사람 입맞춤 놀랍 황홀 빠뜨리 아버지 귀엽 사랑 스럽 미소
WF_0107,watchapedia,film,다아시 새벽 안개 들판 걸어오 장면 극장
WF_0108,watchapedia,film,지금껏 영화 가장 좋아하 영화 색감 예쁘 배우 연기 영화 처음 영화 만들 영화
WF_0109,watchapedia,film,배경 음악 영화 아름답 다아시 생기 생각 점점 잘생기 보이 영화 섹시 보이
WF_0110,watchapedia,film,제인 오스틴 신랄 풍자 수다 스럽 예쁘 가리 영화
WF_0111,watchapedia,film,남녀 사이 서로 오만 방자 남자 편견 사로잡히 여자 오만 편견 진심 가리우
WF_0112,watchapedia,film,최고 영화 배우 섬세 감정 표현 영화 나오 풍경 배경 음악 영화 설레 따뜻하 분위기 시대 영국 풍경 너무나 표현
WF_0113,watchapedia,film,모든 관계 오만 편견 깃들 그것 나가 사랑 시작
WF_0114,watchapedia,film,지나 드러나 영화
WF_0115,watchapedia,film,편견 때로 감동 기꺼이 편견 사람
WF_0116,watchapedia,film,다아시 오만 사실 좋아하 사람 나오 자연 스럽 행동 좋아하 사람 오만 사람 편견 솔직 중요
WF_0117,watchapedia,film,오만 모르 모르 모르 오해 오해
WF_0118,watchapedia,film,취향저격
WF_0119,watchapedia,film,음악 어쩜 가슴 설레
WF_0120,watchapedia,film,나이틀리 영국 싸우 특히 멋지 감정 드러나
WF_0121,watchapedia,film,리지 외치 순간 사람 영화 내내 똑같이 행동 깨닫
WF_0122,watchapedia,film,작품 대중 마리 토끼 오만 편견
WF_0123,watchapedia,film,클래식 클래식 이유 고전 문학 즐거움 영화 즐거움 괜찮 수작
WF_0124,watchapedia,film,10 다시 명대사 관람
WF_0125,watchapedia,film,편견 사람 사랑 못하 오만 사람 사랑 만들
WF_0126,watchapedia,film,고전 정취 흠뻑 취하
WF_0127,watchapedia,film,결혼 찬성
WF_0128,watchapedia,film,절대로 영화 지루 재미없 원작 파급력 때문 영화 기분
WF_0129,watchapedia,film,고스란히 나오 기분 사랑 사랑 모습 눈부시
WF_0130,watchapedia,film,부엌데기 소설 막장 드라마 조상
WF_0131,watchapedia,film,그리 다아시 사람
WF_0132,watchapedia,film,원작 옮기 역시 현대 해석 로맨스 많이 기울
WF_0133,watchapedia,film,역시 고전
WF_0134,watchapedia,film,이따금 자꾸 아름답 환상 낭만 가슴 저릿
WF_0135,watchapedia,film,장르 좋아하 재밌
WF_0136,watchapedia,film,필요
WF_0137,watchapedia,film,신분 집안 체면 따지 분별력 고통 치유 사랑해요 열렬히 부디 결혼
WF_0138,watchapedia,film,원작 살리 상당히 아쉽 살리 괜찮 작품
WF_0139,watchapedia,film,사랑 오만 편견 변하
WF_0140,watchapedia,film,사람 편견 가지 오만 오만 편견 점철 겉모습 제치 진실 상대방 과정 깊이 더하 어떠 오만 저지르 편견 가지 고전 영화 좋아하 이유 대사 대사 전달 느끼 진실 군더더기 표현 아름답 영상미 고전 영화 좋아하 이유
WF_0141,watchapedia,film,편견 사람 사랑 못하 만들 오만 사람 사랑 만들 오만과 편견
WF_0142,watchapedia,film,라이트 키이라 나이틀리 시작
WF_0143,watchapedia,film,미모 최고 정점 연기 시절 나이틀리 아름답 수채화 감상 느낌
WF_0144,watchapedia,film,영화 보이 고등학교 선생 감사
WF_0145,watchapedia,film,워킹 타이틀 작품 로맨틱 산뜻
WF_0146,watchapedia,film,좋아하 영화 마지막 키스 장면 부분 돌리 정도 영상미 엄청나 풍경 멋있 영화 자꾸 로망 생기 큰일
WF_0147,watchapedia,film,사랑 호르몬 미치 장호일 결혼 생활 지치 첫째 제인 점점 추리 소설 빠지 시작
WF_0148,watchapedia,film,편견 가지 사람 단정
WF_0149,watchapedia,film,좋아하 영화 실망 어떡하 긴장 리지 나오 순간 사랑 빠지 영상미 성공 영화
WF_0150,watchapedia,film,설레 영화 보석 꺼내 그런 보석 인생 영화
WF_0151,watchapedia,film,여자 감정 의지 주체 자아 결론 백마 왕자
WF_0152,watchapedia,film,비하 실망 스럽 작품 풍부 묘사 다양 인물 캐릭터 담아내 다르시 미스 캐스팅 벗겨지 정돈 못하 머리 스타일
WF_0153,watchapedia,film,능력 남자 오만 자존심 강하 여자 편견 사랑 내리 행복
WF_0154,watchapedia,film,원작 조족지혈 연장선 3.0
WF_0155,watchapedia,film,브리저튼 여왕 인정 명문가 얘기 오만 편견 몰락 귀족 혼사 화려 클래식 영원
WF_0156,watchapedia,film,나이틀리 영화 라이트 문학 작품 각색 영화 출연 본인 가장 어울리 원작 각색 얘기 기본 오만 편견 문학 떠올리 생각나 이미지 구현 정석 시대 문학 반영 느낌 분위기 카메라 미술 의상 만들 표현 감동 생기 영화 멋지 만들 영화 생각 먼저 아쉬움 만족 스럽 동시 나오 피아노 음악 여운 만들 지점 생기
WF_0157,watchapedia,film,여실히 이해 인물 예측 가능 이야기 마음
WF_0158,watchapedia,film,찡그리 얼굴 좋아하
WF_0159,watchapedia,film,과하 밀당 내치 감정 너무나 가깝 당기 팽팽 순간순간 담기 표정 바보 이제
WF_0160,watchapedia,film,영상미 여배우 가득 인습 차별 시대 깔리 편견 신데렐라 분별력 츤데레 결단력 사랑 합리 포용력 올바르 조율 보이 절묘하 의욕
WF_0161,watchapedia,film,편견 사람 사랑 못하 오만 사람 사랑 만들
WF_0162,watchapedia,film,소설 먼저
WF_0163,watchapedia,film,이거 재밌 원작 소설 순수 사랑 결정체 뽑아내 듯이 사랑 희로애락 절절히 보이 영화 다아시 남자 리지 다아시 롤러코스터 사랑 경험 순수 사랑 내내 심장 얼음 송곳 찔리 얼얼 서로 오해 지레 판단 분명 끌리 불구 서로 밀치 이야기 떨리 표현
WF_0164,watchapedia,film,
WF_0165,watchapedia,film,오만 사람 사랑 못하 만들 편견 사람 사랑 못하 만들
WF_0166,watchapedia,film,
WF_0167,watchapedia,film,제인 오스틴 분명 영화
WF_0168,watchapedia,film,진실 사랑 오만 편견 아무것 대전 스크린문학전 로드쇼
WF_0169,watchapedia,film,영화 먼저
WF_0170,watchapedia,film,아무리 질리 영화매튜맥퍼딘 멋있 영국 특유 감성 배우 연기 짱짱
WF_0171,watchapedia,film,분위기 배우 목소리 몸짓 배경 사로잡히 교훈 생각나 자꾸 찾아보 그런 매력 영화 해당
WF_0172,watchapedia,film,
WF_0173,watchapedia,film,100 명작 단번에 생각 영화 처음 진국 우러나 다아시 진심 어리 눈빛 행동 심장 쿵쾅거리
WF_0174,watchapedia,film,스토리 캐릭터 배우 영상미 없이 취향저격 내내 넘치 설레 두근거리
WF_0175,watchapedia,film,색감 이리
WF_0176,watchapedia,film,오만 편견
WF_0177,watchapedia,film,다시 영화
WF_0178,watchapedia,film,교양 과목 영화 영어 이거 공부 모르 과목 드랍 학점 그래시 영화
WF_0179,watchapedia,film,다시 영화
WF_0180,watchapedia,film,나이틀리 엘리자베스 베넷 제인 오스틴 그녀 정도 완벽 그리 인물 복잡 미묘 감정 배우 눈빛 대신 원작 따라가 어렵
WF_0181,watchapedia,film,만남 인상 상대방 범하 실수 오만 편견
WF_0182,watchapedia,film,재밌
WF_0183,watchapedia,film,다아시 생각 미남
WF_0184,watchapedia,film,엘리자베스 베넷 키이라 나이틀리 디아시 매튜 맥패디언 주연 라이트 감독 작품 어장 관리 관심 종목 상대 결혼 인생 최대 관심사 계속 관리 신중 결정
WF_0185,watchapedia,film,원작 이제 특별 로맨스 소설 생각 사랑 감정 하나하나 풀어내 진실 생각 어렵 이제 흔하 방식 때문 반면 라이트 영화 다양 장치 인물 대조 강화 소외 외롭 사람 비추 미묘 감정 행동 포착 영상 마냥 획일 예쁘 조명 구도 장면 분위기 주인공 보이 과하 장면 영상 자체 라이트 테이크 환상 쇼트 몰두 인상 소설 각색 영상 대하 비교 텍스트 발견
WF_0186,watchapedia,film,오해 과정 어렵 이제 시작 끝나 버리 영화 마법 걸리 사랑 사랑 영원히 담백 고백 진심 담기 다아시 눈빛
WF_0187,watchapedia,film,관념 편견 가득 아무리 공정 생각 그것 역시 주관 견해
WF_0188,watchapedia,film,영화 왜케 빵빵 터지 모르
WF_0189,watchapedia,film,고전 로맨스 대표 이름 소설 그대로 튀어나오 나이틀리 모습
WF_0190,watchapedia,film,여주 제인 예쁘 마지막 아버지 기뻐하 표정 자꾸 생각나 최소 영화
WF_0191,watchapedia,film,1. 어우 엘리자베스 엄마 짜증 2. 눈빛 오지
WF_0192,watchapedia,film,마지막 아버지 웃음 눈물 사랑 인하 미소 띄우 마지막 끝나 다행 현실 마음 저리
WF_0193,watchapedia,film,사랑 서툴 남자 사랑 빠지 눈빛 말투 몸짓 행동
WF_0194,watchapedia,film,차이
WF_0195,watchapedia,film,사랑 위하 갖추 덕목 신분 품위 오만 서로 편견 없이 바라보
WF_0196,watchapedia,film,의도 벌써 라이트 감독 영화 시대극 영국 매력 살리 감독 오만 편견 먼저 공부 걸리 친구 새로 디자인 여성 작가 문학 냉큼 열심히 한동안 제인 오스틴 작가 무척 매료 영화 소설 느낌 굉장히 살리 개인 의견 완벽히 똑같 인물 하나하나 특징 잡아내 다아시 생기 바라 까칠 음울 잡아내 언뜻 생기 모습 결론 만족 스토리 분배 키아 나이틀리 매력 배우 그녀 영국 악센트 무척 좋아하
WF_0197,watchapedia,film,찝찝 현대 불편
WF_0198,watchapedia,film,영화 품위 가족 내리 남자 그닥
WF_0199,watchapedia,film,오만 편견 오만 남자 편견 가지 여자 제목
WF_0200,watchapedia,film,스토리 그거 접하 느끼 영화 배우 연기 배경 편안 다아시 인물 매료 영화
WF_0201,watchapedia,film,연애세포 팍팍 깨우 탁월 심리 묘사 고전
WF_0202,watchapedia,film,눈빛 손끝 대사 빚어내 명작 영화
WF_0203,watchapedia,film,제인 오스틴 바라 가지 행복
WF_0204,watchapedia,film,편견 사라지 진정 보이 제목 충실 영화
WF_0205,watchapedia,film,오만 사랑 못하 편견 사랑 못하
WF_0206,watchapedia,film,클래스 영원 여자 사랑 환상 불멸 때문
WF_0207,watchapedia,film,영화 영화 처음 따뜻 색감 다아시 엘리자베스 바라보 눈빛 피아노 선율 영화 모든 상상 훌륭
WF_0208,watchapedia,film,흔하 러브신 없이 잔잔 이어지 애틋 감정
WF_0209,watchapedia,film,마주 다아시 오만 엘리자베스 편견 서로 자꾸 쳐다보 더없이 산뜻 기분
WF_0210,watchapedia,film,사랑 결정 장면 이제야 알아보 마음 변하 마디 영원히
WF_0211,watchapedia,film,오만 편견 사람 상처 입히 또는 스스로 상처 섬세 감정 얼굴 손짓 발걸음 담기 아름답 영화 라이트 시절
WF_0212,watchapedia,film,23-001 원작 감성 영화 매체 아름답 담아내 굉장히 좋아하 작품 영화 원작 감동 오롯이 힘들 편견 재밌 즐겁 작품 넷플릭스 230113 1. 영화 오만과 편견 가장 인상 요소 영상미 작중 등장 아름답 배경 영국 가장 아름답 장소 모으 촬영 생각 정도 작품 구성 색감 이러 아름답 더욱 배가 이러 가장 드러나 장면 엘리자베스 키이라 나이틀리 캐서린 영부인 주디 덴치 피아노 장면 장면 피아노 엘리자베스 주황색 계통 난색 비추 바라보 다아시 매튜 맥퍼딘 청색 계통 비추 서로 대하 마음 아직 확신 이러 색감 통하 전달 색감 통하 분위기 생각 전하 이러 방식 작품 자체 영상미 어울리 굉장히 인상 다가오 작품 연출 인상 작품 등장 테이크 인상 연출 대표 예시 파티장 전체 모습 참여 등장인물 모습 천천히 보이 모습 전체 분위기 인물 감정 효과 전달 사이먼 우드 제인 로저먼드 파이크 마음 고백 이후 전체 놓이 창문 통하 인물 모습 보이 장면 베넷 찾아오 행복 등장인물 통하 따뜻하 그리 이러 테이크 장면 대표 작품 연출 작품 특유 분위기 더욱 효과 전달 작품 원작 기반 작품 서사 원작 덕분 괜찮 느끼 원작 등장 인물 매력 느끼 이하 생략 리뷰 전문 https://s06d12.tistory.com/entry/ 영화 오만과 편견 리뷰 마음 그리 원작 분위기 이미지 오롯이 그리
WF_0213,watchapedia,film,이토록 오만 진솔 사랑 고백 편견 부서지
WF_0214,watchapedia,film,고전 영화 옮기 정도 노력 20 아직 묘하
WF_0215,watchapedia,film,괜스레 기분 따스 햇살 바람
WF_0216,watchapedia,film,보통 아무리 뛰어나 주제 통찰 제목 제목 발칙하 상상 오만 편견 도무지 제목 떠오르 오해 서로 진심 마주하 소임 사랑
WF_0217,watchapedia,film,러닝 타임 오만 편견 과정 해소 담아내 역부족
WF_0218,watchapedia,film,지금 로맨틱 드라마 많이 원작 영향 느끼 원작 웬지 나이틀리 리즈 캐릭터 그대로 튀어나오 자체 느낌 영화 시리즈 콜린 퍼스 찾아보 콜린 파스 확실히 생기 스타일 얼굴 표정 목소리 눈빛 영화 버전 배우 느낌
WF_0219,watchapedia,film,영상미 음악 힐링 건지 충분
WF_0220,watchapedia,film,로맨스 영상미 영화 사이 느낌 2020.03.14 18
WF_0221,watchapedia,film,명화 스럽 트와일라 왓챠플레이 영화 자르 정도 스토리 전개 끊기 사랑 모르 아씨 더욱 별점
WF_0222,watchapedia,film,
WF_0223,watchapedia,film,머리 모든 최고 영화
WF_0224,watchapedia,film,스킨십 없이 거리 대사 없이 달달하 예쁘 사랑 행복 인생 간질거리 기분 마지막 수치 오르 연애 다시 등장 현실 소리 지르 제인오스틴 자까님 소설 로맨스 최애 스토리 재정 가난 모습 정신 가난 슬프 교양
WF_0225,watchapedia,film,포스터 완벽 영화
WF_0226,watchapedia,film,원작 키스 없이 아름답
WF_0227,watchapedia,film,명작
WF_0228,watchapedia,film,다아시 남자 얼굴 일화
WF_0229,watchapedia,film,오만 사람 사랑 만들 편견 사람 사랑 못하 만들
WF_0230,watchapedia,film,편견 사람 사랑 못하 오만 사람 사랑 만들 오만 편견
WF_0231,watchapedia,film,사람 사람 거기 에고 본질 만나 이야기 소통 나이틀리 매력 보너스
WF_0232,watchapedia,film,관람 과정 충실 작가 본인 희망 사항 담기 작품
WF_0233,watchapedia,film,운명 만남 평점 8.5 8.4 전문 평가 우아 클래식 음악 영화 시작 풍경 카메라 집안 인물 보이 자식 결혼 시키 인생 목표 어머니 너그럽 아버지 성격 보이 주인공 엘리자베스 사랑 사람 결혼 굳건히 그녀 좋아하 통하 그녀 생각 소녀 저택 댄스 파티 열리 어머니 신부감 바쁘 그러 엘리자베스 다아시 남자 만나 서로 격식 대화 나누 만남 어긋나 시작 대화 원하 엘리자베스 다르 다아시 별로 좋아하 다아시 친구 대화 엘리자베스 남자 별로 시작 댄스 파티 연인 발전 커플 엘리자베스 언니 다아시 친구 서로 관심 서로 표현 적극 확신 얘기 서로 관계 점점 서먹 시작 사이 엘리자베스 나가 언니 응원 다아시 생각 다르 다아시 서로 대하 줄다리기 진심 헤어지 친구 얘기 바람 몰아치 언덕 다아시 엘리자베스 서로 진심 격식 차리 처음 폭우 쏟아지 서로 다르 인하 사랑 엘리자베스 중간 중간 엘리자베스 다아시 서로 대하 호감 장면 엘리자베스 다아시 엘리자베스 다아시 대하 사람 대하 엘리자베스 아직 다아시 대하 오만 편견 가득 장면 마지막 엘리자베스 그녀 아버지 대화 장면 명장면 아버지 엘리자베스 다아시 사랑 대하 이해 분명 다아시 교만 이기 사람 아버님 엘리자베 말씀 드리 그녀 마음 바꾸 아빠 고집 웃음 서로 다르 생각 엘리자베스 그거 그녀 사랑 제약 발생 서로 대하 행동 판단 선입견 가지 다아시 엘리자베스 언니 대하 편견 사실 아버지 엘리자베스 눈물 맺히 진심 사랑 얘기 원하 남자 절대 만나 생각 그것 오만 편견 고백 장면 처음 나오 우아 클래식 피아노 연주 흘러나오 결혼 조건 돌아보 시대 가정 꾸리 형편 직장 책임감 마음가짐 집안 재산 따지 결혼 적정 나이 사람 사랑 이성 감정 사랑 조건 관계 생각 시대 16 세기 이러 작품 나오 진보 아름답 영화 스토리 무겁 느리 생각 선사 가치 결론 오만 편견 없이 사람 진심 뜨겁 사랑 배우연기 스토리 라인 감독 연출 4점영상미 목록 총점 21 8.4
WF_0234,watchapedia,film,녹아내리 다시
WF_0235,watchapedia,film,나이틀리 아래턱 내밀 대사 모습 거슬리 영화 몰입도 떨어지 계산 연기 모르 흉하
WF_0236,watchapedia,film,아름답 카메라 앵글 완벽 연출 충돌 사랑 파장 대하 오만 상대 대하 편견 역시 사랑 어렵
WF_0237,watchapedia,film,스토리 전개 엉망 제한 내용 포스터 예쁘
WF_0238,watchapedia,film,새볔 안개 걸어오 다시 바라보 엘레자베스 감정 어떠 그녀 던지 달콤 청혼 모든 여성 부러워하 멋지 사이 가로막 오만 편견 걷히 사랑 감정 따스 사이 쏟아지 내리 오만 사람 사랑 만들 편견 사람 사랑 만들 제인 오스틴
WF_0239,watchapedia,film,소설 아우라 미치 못하 그녀 엘리자베스 자체
WF_0240,watchapedia,film,첫인상 영화 색감 이쁘 따뜻 남자 주인공 못생기 보이 나중 존멋 고백 설레 아버지 멋있
WF_0241,watchapedia,film,영화 영화 반복
WF_0242,watchapedia,film,제목 의미 궁금 해소 제목
WF_0243,watchapedia,film,원작 소설 옮기 영화
WF_0244,watchapedia,film,영국 발음
WF_0245,watchapedia,film,액션 전쟁 스릴러 좋아하 남자 로맨스 멜로 영화 재밌 훌륭
WF_0246,watchapedia,film,오만 편협 사랑 빠지 어쩌 모르 다아시 모습 어른거리 평소 순간 사랑 영화
WF_0247,watchapedia,film,선영 독서
WF_0248,watchapedia,film,신데렐라 괜찮 완전 취향 기억 미스터 다아 음울 눈빛 2014 혼자봄 박윤
WF_0249,watchapedia,film,먼저 내딛 힘들 사람 내리 안개 걷히 자리 아름답 풍경
WF_0250,watchapedia,film,영화 몰입 키이라 때문
WF_0251,watchapedia,film,영화 제목 충실 느낌 재미있 재미없 정도
WF_0252,watchapedia,film,
WF_0253,watchapedia,film,제인 오스틴 200 건너뛰 키이라 집필
WF_0254,watchapedia,film,로맨스 작품 최고 수준 이후 모든 로맨스 오만 편견 영향 과언 제인 오스틴 작품 메시지 방법 재미 최고 영화 최고 다시 모르
WF_0255,watchapedia,film,영화 그리 모든 인물 오만 모습 가지 겉모습 첫인상 사랑 대하 편견 가지 사람 오만 구석 오만 인하 본인 한정 시야 생각 편견 생기 오만 편견 사람 생각 자체 오만 본인 대하 편견 바라 오만 눈쌀 찌푸리 귀엽 봐주 편견 평생 빠져나오 깊이 단단 가지
WF_0256,watchapedia,film,미국판 엔딩 완성 영화
WF_0257,watchapedia,film,스테디셀러 철학 표현 담아내 너무나 영화 다시 제인 오스틴 경외심
WF_0258,watchapedia,film,영화 영화 힘들 영화
WF_0259,watchapedia,film,미스터 다아시 머리 불구 가섬 두근거리
WF_0260,watchapedia,film,무도회 테이크 영화 가치 충분
WF_0261,watchapedia,film,리지 자매 따랑따랑따 스럽 삼키 버리 다아시 머리숱 얼굴 몸매 가슴 외양 모든 재미 반감 다시 생각 다아시 캐스팅 띠바
WF_0262,watchapedia,film,영화 피아노 반주 정원 아침 비추 장면 시작 장면 클라이막스 수미 이루 시대상 다르 공감 어렵 호강 20220605
WF_0263,watchapedia,film,시대극 키이라 나이틀리 빠지 계기 작품 시대극 오만 편견 오프닝 이기
WF_0264,watchapedia,film,오만 편견 없이 무한히 그대 사랑
WF_0265,watchapedia,film,다아시 클럽 자리 아직
WF_0266,watchapedia,film,오만 편견 가리 사람 느낌 사랑 오만 편견 벗기 220306
WF_0267,watchapedia,film,비극 희극 오가 완벽 영화
WF_0268,watchapedia,film,영원히 미워하 마음먹 사람 스텝 흘러나오 연주 끝나 바라
WF_0269,watchapedia,film,동생 60
WF_0270,watchapedia,film,영화 다아시 점점 잘생기
WF_0271,watchapedia,film,10 처음 기억 영화 하나하나 이해 원작 지금 빗속 고백 장면 마음 서로 나오 사랑 빠지 매력
WF_0272,watchapedia,film,제발 영화관
WF_0273,watchapedia,film,나이틀리 다아시 발음 찰지
WF_0274,watchapedia,film,돌려주
WF_0275,watchapedia,film,고전
WF_0276,watchapedia,film,나중 다시 대충
WF_0277,watchapedia,film,남자 머리 로맨스 많이 엄마 주책 멀쩡 사람 첫째 둘째 아빠
WF_0278,watchapedia,film,눈빛 공기 흐름 바뀌 저릿 다아시 오해 편견 경유 사랑
WF_0279,watchapedia,film,오만 편견 결말 어바웃 타임 이후 점점 잘생기 느끼
WF_0280,watchapedia,film,절대 사람 좋아하 생각 사람
WF_0281,watchapedia,film,의상 취향 저격 리지 이쁘 이쁘 다아시 마차 태우 반하
WF_0282,watchapedia,film,2020. 07. 15. 예순 영화 오만과 편견 0. 영화 추천 상희 무한 감사 올리 1. 코난 궁예 하느님 절대 그거 이왕이면 상대 대하 기쁘 마음 가감 없이 그대로 전하 노력 1-1 마음 온도 뜨겁 때문 섣불리 상대 다가가 상대 상대 생각 상대 온도 적절 고민 다가서 생각 1-2 근데 모든 상황 맥락 관계 고민 상처 불가 비슷 온도 사람 2. 맥락 상희 영화 추천 정도 사실 여튼 문단 사람 나름 어렵 2-1 전하 앞서 상황 맥락 관계 고려 말하기 경우 두려움 가능 마음 들키 상대 속이 부지기수 본성 싫어하 좋아하 자꾸 자꾸 짜이 고르 업로드 인스타그램 마냥 좋아하 모습 자꾸 연기 2-2 좋아하 사람 좋아하 아프 힘들 좋아하 사람 생기 사람 관계 의식 피하 관계 유지 위하 필요 최소한 사교 철저 계량 생각 철저 계량 정도 대충 가깝 정도 느낌 다그 정도 관계 유지 정도 범위 정도 넘어가 빠지 헤어나오 정도 적당 3. 드디어 영화 얘기 영화 내러티브 사실 뻔하 예측 가능 부분 내러티브 소재 가지 몰입 영상 뽑아내 영화 뻔하 만들 당연히 어렵 어렵 오만과 편견 해내 뻔하 지루 화면 동공 랜드마크 엄청나 능력 요하 생각 좋아하 드라마 장르 영화 4. 등장인물 하나같이 매력 영상 영화 미스 리틀 선샤인 오렌지 이즈 더 뉴 블랙 여튼 영상 등장 사람 이입 가능 몰입 인물 구성 재능 영역 대개 모든 인간 여러 모습 인물 인물 쪼개 특성 쬐끔 소리 영상 절대 뚝딱 나오 죄송 5. 요새 많이 건강 행복 전례 없이 그런 느낌 덕분 고맙
WF_0283,watchapedia,film,감정 돋보이 각색 탁월 연기 만나 원작 절제 표면 사랑 영화 지나 여운 만들
WF_0284,watchapedia,film,어톤먼트랑 비슷 풍경 자주 나오 키아라 너어어어어무 예쁘 나오 원작 각색 모르 오스틴 선생 당시 사랑 공식 생각 완전 리스펙
WF_0285,watchapedia,film,다아시 시점 보이
WF_0286,watchapedia,film,엄청나 심리전 빠져들 사랑 과정
WF_0287,watchapedia,film,비디오 가게 빌리 10 자매 거실 소파 설레 장면 서로 맞잡 연신 어떡하 외치 생각나 생각나 인생 영화
WF_0288,watchapedia,film,영화 오만 편견 제목 영화 전반 아우르 마음 깊이 전달 영화 가장 마음 다아시 눈빛 오만 편견 깨뜨리 유일 그것 사랑
WF_0289,watchapedia,film,영화 오랜만 단순히 고집 남녀 대화 오해 풀리 사랑 영화
WF_0290,watchapedia,film,어른
WF_0291,watchapedia,film,오만 그녀 좌절 충분 그녀 편견 어리석 깨닫 희열 흘러넘치 피우
WF_0292,watchapedia,film,영화 이토록 아름답 만들 영화 동화책 느낌
WF_0293,watchapedia,film,화면 예쁘 배우 예쁘 연출 섬세 다아시 의식 마차 오르 쳐다보 애정 견디 0.5 아아
WF_0294,watchapedia,film,점점 잘생기 보이 매직 나이틀리 웃음 매력 그나저나 언니
WF_0295,watchapedia,film,사랑 결혼 남자 생기 리지 아빠 아빠 베넷 반응 행복 베넷 눈물 흘리 그대로 옮기 분위기 심장 간지럽 떨리
WF_0296,watchapedia,film,원작 따라가 영상미 자리 채우
WF_0297,watchapedia,film,편견 사람 사랑 못하 오만 사람 사랑 만들 오만 이기심 신물 다시
WF_0298,watchapedia,film,오만 마음 편견 굳건하 부서지 사랑 때문
WF_0299,watchapedia,film,
WF_0300,watchapedia,film,사랑 어렵 이유 사랑 어렵 이유 사랑 어렵 이유 2018.10.21 넷플릭스
WF_0301,watchapedia,film,⭐️ ⭐️ 친절 노잼 이야기 목청껏 떠들 난데없이 청혼 영국인 사랑
WF_0302,watchapedia,film,어리 이해
WF_0303,watchapedia,film,결혼 환장 인간 나오 고구마 김칫국 마시 시대 배경 감안 스트레스 쌓이 영화
WF_0304,watchapedia,film,지금 계급 어떻든 사랑 바보 버리 이백 지나 이야기 시대 공감 왠지 신기 기분
WF_0305,watchapedia,film,모든 위하 마음 지나 마음 바람 변하 영원히 다물 마음 변하 영혼 모든 매료 사랑 사랑 사랑 지금 순간 이후 순간 떨어지 고백 버리 출판사 나오
WF_0306,watchapedia,film,사랑 영상미 인물 표현 클래식
WF_0307,watchapedia,film,좋아하 영화
WF_0308,watchapedia,film,모든 장면 그림
WF_0309,watchapedia,film,제목 그대로
WF_0310,watchapedia,film,담아내 버겁 오만 편견 바라
WF_0311,watchapedia,film,위대 진실 사랑 모든 변화
WF_0312,watchapedia,film,부드럽 잔잔 분위기 영화 전체 감싸 오만 편견 고집 상대 제대로 바라 영상미 배우 배치 등장 떨어지 사랑 신경 쓰이 시작
WF_0313,watchapedia,film,오만 편견 가득 세상 신념 낭만 살아가
WF_0314,watchapedia,film,19 대표 여성 작가 제인 오스틴 명작 오만 편견 왜곡 없이 각색 영화 전개 통하 진정 사랑 이루 위하 오만 편견 없이 바라보 전제 보이 독자 이루 감동 선물 따뜻 묘사 영화 장면 어울리 피아노 영화 내내 즐겁
WF_0315,watchapedia,film,앨런 릭맨 훌륭 양우 목소리 주인공 매튜 기품 저음 내내 행복 만들
WF_0316,watchapedia,film,
WF_0317,watchapedia,film,아름답 영화 이제
WF_0318,watchapedia,film,유려 카메라 워킹 아름답 구도 고상 솔직히 여러 없이 미스터 다아시 게임 해결 있기 없기 리지 안절부절 거리 있기 없기 리지 손잡 긴장 이거 반칙 여동생 리지 얘기 겁나 귀염 새벽녘 갑자기 달려오 가지 사랑 쥬그 의도 리지 고백 키스 중요 포인트 이마 맞대 배우 스킬 제발 영화 나오
WF_0319,watchapedia,film,그런 사랑 이야기 원작 다시 돌아오
WF_0320,watchapedia,film,요즘 사람 열광 로맨스 전형 고전 그야말로 조상 영국 전원 풍경 사람 옷차림 집안 풍경 볼거리 풍부 영화
WF_0321,watchapedia,film,1. 그녀 구석구석 입맞춤 마지막 장면 못하 2. 영국 여행 촬영지 구석구석 방문 리지 기둥 나무 그녀 절벽 3. 음악 더불 영국 자연 나타나 작품 거기 사랑 나이틀리 4. 영화 인물 감정 섬세 이해 빗속 클라이막스 그녀 지독히 미워하 동시 맞닿 이해 장면 가감 없이 보이 단순 연출 베스트 장면 다아시 리지 새벽 걸어오 장면 우연 부럽 다아시 진심 어리 고백 그녀 대답 우연 겹치 운명 8. 노력 대화 지나치 인연 편견 오만 가지 대하 세세 모든 모든 진심 토요일 저녁 세계 명화 좋아하 랩탑 고장 영화 요즘 필요 그런 모르 생각
WF_0322,watchapedia,film,개인 나이틀리 비커밍제 인도
WF_0323,watchapedia,film,호흡 빠르 그러 아쉬움 빈자리 아름답 영상 채우 나이틀리 엘리자베스 자체 너무나 아름다움
WF_0324,watchapedia,film,
WF_0325,watchapedia,film,영화 분위기 배경 캐릭터 따뜻 사랑 스럽 지금 서양 동양 남녀 연애 결혼 이야기 역시 거기 거기 다아시 멋있
WF_0326,watchapedia,film,다아시 마음 모르
WF_0327,watchapedia,film,인생 영화
WF_0328,watchapedia,film,
WF_0329,watchapedia,film,오만 편견 사랑 시작 남녀 엇갈리 섬세하 연출 특히 클로즈업 통하 인물 감정 세심 들이 인상 감정 본질 시대 변하 바뀌 시대 연애 지금 사랑 까닭 그러 본질 이야기 녹이 때문 생각 영국 그림 장면 인상주의 떠올리 더불 피아노 음악 구석구석 등장 작품 더욱 아름답 만들
WF_0330,watchapedia,film,제인 엘리자베스 신분 지위 유머 웃음 동등 누리 매력 엘리자베스 다아시 다행 다행
WF_0331,watchapedia,film,"오만 편견 관객 누적 938,874 38,405,088 31.7 82,742,859 68.3 121,147,947 28,000,000 고전 소설 원작 흥행작"
WF_0332,watchapedia,film,영국 문학 작품 가지 우아 고풍 스럽 매력
WF_0333,watchapedia,film,영화 여운 남기
WF_0334,watchapedia,film,오만 편견 사랑
WF_0335,watchapedia,film,소설 줄거리 알차 요약 정작 가지 배우 성격 요약 소설 추천
WF_0336,watchapedia,film,펼치 시끄럽 생각 영화 시작 여자 목소리 시끄럽 오만 편견 연속 속물 스럽 속물 스럽 숨기
WF_0337,watchapedia,film,영국 통속 영화
WF_0338,watchapedia,film,나이틀리 가장 반짝이
WF_0339,watchapedia,film,드라마 존재감
WF_0340,watchapedia,film,원작 버금가 정도 영상 해내
WF_0341,watchapedia,film,아름답 이쁘 영화 영화 내내 심장 떨리 설레 이쁘 다아시 완전 리지 아빠 멋있
WF_0342,watchapedia,film,편견 사람 사랑 못하 오만 사람 사랑 만들 오만 편견 대하 나타내 영화
WF_0343,watchapedia,film,막내 완전 이쁘
WF_0344,watchapedia,film,좋아하 반복 문학 이거 상상 장면 영화 재밌 많이 보이
WF_0345,watchapedia,film,제인 오스틴 원작 평가
WF_0346,watchapedia,film,원작 훼손 시너지 효과 발생 영화 캐스팅 음악 배경 카메라 기법 전개 방식 구성 감동 아름답 연륜 감독 영화 힘들 라이트 성공 오만 편견 여운 영화 오래오래 두고두고 영혼 남기 확신 예감
WF_0347,watchapedia,film,제인 오스틴 해피 엔딩 비커밍제인과 해피 엔딩 오만 편견 인생영회 안기
WF_0348,watchapedia,film,가로막 감정
WF_0349,watchapedia,film,영화 설레 라이트 오래오래 시대극 만들
WF_0350,watchapedia,film,영화 색감 가을 날씨 황금빛 태양 새벽녘 바람 사람 인생 나이 앞자리 바뀌 원작 소설 다시 촬영지 영국 풍경 아름답 감각 깨우 연출 중간 중간 코믹 스럽 부분 소소하 웃기 부분 제일 다아시 리지 싸우 장면 가장 흥미진진 기점 사이 바뀌 시작 티키타카 대박 연출 색감 음악 어톤먼 감독 수긍 키아라 나이틀리 예쁘 감독
WF_0351,watchapedia,film,다아시 웃기
WF_0352,watchapedia,film,8.27 홍대
WF_0353,watchapedia,film,21 세기 여전 사랑 오만 편견 넷플릭스
WF_0354,watchapedia,film,명화
WF_0355,watchapedia,film,로맨스 별로 사람 사랑 태도 바뀌 별로 남자 팔자 눈썹 신경 쓰이 아버지 웃기 취향
WF_0356,watchapedia,film,여러 이해 스토리 소설 재밌 처음 아저씨 마지막 잘생기 보이
WF_0357,watchapedia,film,영화 사랑 계속
WF_0358,watchapedia,film,리지 다아시 출현 모든 인물 시선 아직 영화 만남 끝나 사실 오랜만 아쉽
WF_0359,watchapedia,film,고전 영화 수준급 오스틴 특유 건조 신랄 문체 스크린 녹이 정도 가볍 생각 역시 통렬 재치 고전
WF_0360,watchapedia,film,예외 모순 선택 구하 오만 편견 구실
WF_0361,watchapedia,film,시선 미학
WF_0362,watchapedia,film,사랑
WF_0363,watchapedia,film,너무나 인자 멋지 아버지 성장 예쁘 마지막 연출
WF_0364,watchapedia,film,영화 이유 지나 유치 나오 웃음 어렵 장면 대사 기다리 백마 왕자 놀라
WF_0365,watchapedia,film,이러 나이틀리 반하
WF_0366,watchapedia,film,초반 매튜맥패디언 얼굴 못생기 집중
WF_0367,watchapedia,film,적절 음악 준수 연출 탁월 연기 은은 사회 비판
WF_0368,watchapedia,film,혐관 맛집
WF_0369,watchapedia,film,다양 사랑 형태 다시금 따뜻 느끼 꺼내 작품
WF_0370,watchapedia,film,더욱 재밌 아쉽 아예 이야기 모르 제대로 파악 상태 사랑 이루 해석 이해 작품 영상미 발하 나이틀리 얼굴 때문 지루
WF_0371,watchapedia,film,키이라 나이틀리 소설 다시 만나 영화 아직 글쎄 빗속 고백 장면 실감 투어 헤드 매튜맥패디 2022.11.13
WF_0372,watchapedia,film,재밌 기대 부분 많이 잘리 느낌 아쉽 다아시 상상 느낌 다르 몰입
WF_0373,watchapedia,film,사랑 대하 어리석
WF_0374,watchapedia,film,오만 편견
WF_0375,watchapedia,film,오만 세우 편견 가리 그거 이기 사랑
WF_0376,watchapedia,film,원작 마음 생기
WF_0377,watchapedia,film,미안 영화 스타일
WF_0378,watchapedia,film,넷플릭스 번역 별로 대화 세세 부분 대충 넘기 중요 청혼 장면 오류 자막 경제 가독성 먼저 고려 고전 느낌 캐릭터 어지럽히 느낌 강하 유감 스럽
WF_0379,watchapedia,film,제인 오스틴 소설 르누아르 그림 이야기 아름답 인물 영원히 행복 좌절 짓밟히 열망 가득 현실 내려놓
WF_0380,watchapedia,film,사랑 빠지 행복 미소 아빠 모습 울컥
WF_0381,watchapedia,film,
WF_0382,watchapedia,film,넷플로 영국 버전 엔딩 미국 버전 엔딩 오늘 저녁 사랑 사랑 부르 아버지 사고 항상 어머니 부르 애칭 부르 가만 생각 매일 매일 리지 부르 일요일 진주 신성 여신 부르 이거 특별 경우 사고 부르 다아시 부인 미세스 다아시 기분 완벽 완전히 최상 행복 다아시 부인 부르 오늘 저녁 다아시 부인 다아시 부인 다아시 부인
WF_0383,watchapedia,film,원작 영화 별로
WF_0384,watchapedia,film,고등학교 여자 국어 선생 인기 차분 학교 방과 영화 클래스 선생 만들 영화 선생 호다닥 신청 거기 지루 영화 나오 아마 수면 활용 선생 상처 미안 선생 특히 열변 토하 설명 영화 이거 나중 수업 나가 복도 가득 박스 나가 선생 안녕 인사 드리 선생 씁쓸 표정 말투 인사 나가 그것 선생 마지막 지나 선생 잘리 문득 열심히 수업 마지막 마주치 최소한 안녕 눈치 생각 군대 오만 편견 솔직히 트와일라 스럽 신데렐라 스토리 최소한 다아시 뱀파이어 작가 맛깔 개꿀잼 영화 포스터 생각 와꾸 달리 솔직히 소설 다아시 여주 매력 우려 영화 다아시 나름 존자 나오 아무래도 맛깔 부족 소설 리지 다아시 아슬아슬 핑퐁 애간장 용광로 작동 가슴 철렁 떨리 근데 영화 내셔널 지오그래픽 다큐멘터리 마냥 자연 풍광 러닝 타임 낭비 시부렬 다아시 리지 보이 영화 이것저것 부분 그것 소설 감칠맛 부분 영화 리지 벤츠 클래스 마음 홀라당 넘어가 골드디거 오해 고전 시대 페미니스트 리지 정신 차리 다아시 결혼 보이 아무튼 영화 쪼이 부족 소설 제인 오스틴 작문 케겔 운동 완벽 영화 루즈
WF_0385,watchapedia,film,다아시 존나 오만
WF_0386,watchapedia,film,연출 유려 이야기 빈틈 초반 요구 금방 보상 라이트 역시 훌륭 삽화가
WF_0387,watchapedia,film,너무너무 모르 영화
WF_0388,watchapedia,film,제인 오스틴 낭만 풍경
WF_0389,watchapedia,film,명화 로케장인
WF_0390,watchapedia,film,오만 인정
WF_0391,watchapedia,film,인물 감정 도저히 따라가 영화
WF_0392,watchapedia,film,색채 배경 그대로 동화 버리 보이 새빨갛 감정 대조
WF_0393,watchapedia,film,원작 먹칠
WF_0394,watchapedia,film,신데렐라 아침 드라마 고전 명작 이유 제인 오스틴 필력 덕분 표현 힘들 인간 미묘 세심 감정 심리 묘사 영화 아쉽 필연 영상 때문 상세히 묘사 엘리자베스 생각 느낌 영화 배우 표정 보이 한계 다아시 이미지 상상 모습 일치 깜짝 놀라 제인 최고 미녀 설정 자매 가장 못생기 메리 매력
WF_0395,watchapedia,film,2020 10 31 토요일
WF_0396,watchapedia,film,가지 오만 편견 되돌 영화 특히 생각 리지 아버지 여운 원작
WF_0397,watchapedia,film,아빠 사랑 눈물 줄줄
WF_0398,watchapedia,film,예전 영화 먼저 지나 드라마 오늘 오랜만 영화 다시 드라마 진행 느리 인물 매력 영화 따라오 느낌 요약본 얘기 급급 필요 만들 상관 아쉽 부분
WF_0399,watchapedia,film,라이트 감독 작품 쌈밥 돌솥밥 누룽지 뺏기 느낌 재밌 아쉽 200630
WF_0400,watchapedia,film,다아시 아무리 바가지 이놈 용서 얼굴 공식 설정 집중
WF_0401,watchapedia,film,묶이 관계
WF_0402,watchapedia,film,아빠 웃기 다앗 실체 토끼 일어나 촛불 마법사 남주 츤데레 정석 18 세기 쑥맥 정남 먹히 막내딸 꿀밤 푼수 드레스 춤추 보이 내내 두근두근 긴장감 고집불통 어울리 제목 완벽 영화 왠지 모르 생각나 고모 아들 넘보 무례 엄마 다아시 머리 예쁘 바람 머리 포스터 바람 머리
WF_0403,watchapedia,film,오프닝 나오 피아노 음악 영화 사랑 빠지 버리
WF_0404,watchapedia,film,제목 마음 인생 영화 별점 죄송 다아시 때문 영화 집중 감정 따라가 다아시 때문
WF_0405,watchapedia,film,감동
WF_0406,watchapedia,film,오만 편견 만나 순간 떠오르 태양
WF_0407,watchapedia,film,사랑 모든 아름답
WF_0408,watchapedia,film,새벽녁 만남 아버지 웃음 애칭 클래식 편안 낭만
WF_0409,watchapedia,film,압축 너무나 방대 소설
WF_0410,watchapedia,film,꽁냥꽁냥 고전 교본 시대 드라마 제인 오스틴
WF_0411,watchapedia,film,교훈
WF_0412,watchapedia,film,사랑 상대 상대 좋아하 다시 그녀 걸어오
WF_0413,watchapedia,film,몰입 방해 다아시 외모
WF_0414,watchapedia,film,엄마 영화 영화
WF_0415,watchapedia,film,영상 예쁘 마지막 아버지 나이틀리 엄청 사랑 스럽
WF_0416,watchapedia,film,다아시 오만 고백 제대로 계속 다시 고백 캐릭터 보이 이름 편견 단어 어울리 당차 지혜 가슴 저릿 설레 이야기
WF_0417,watchapedia,film,오만 편견 사로잡히
WF_0418,watchapedia,film,완전
WF_0419,watchapedia,film,엔딩 스윗 미세스 다아씨 ♥️
WF_0420,watchapedia,film,오만 편견 가득 영부인 엄마 답답 때문 그치만 영국 발음
WF_0421,watchapedia,film,카메라 답답하 나오 시대극 시대 떠올리 풍경 의상 사람 풍속 조화 이쁘 여배우 출연 가지 여자 얼굴 드라마 영화 스케일 대하 자각 전혀 화면 가득 채우 여배우 얼굴 계속 멀미 기분 나쁘 내용 답답 시대 시대 생각 이성 대하 철없 누이 짜증 엄마 짜증 저런 가족 화병 영화 나오 모든 인물 결혼 결혼 딸리 정도 생각 움직이 한심 지루 기분 더럽 요새 순정 만화 로맨스 영화 유효 소재 쓰이 최악 만남 계보 시대 건재 느끼
WF_0422,watchapedia,film,오만 사람 사랑 만들 편견 사람 사랑 못하 만들
WF_0423,watchapedia,film,상대 대하 생각 오만 편견 인정 행동 보이 상대 진실 마음 덕분 행동 보이 사랑 거부
WF_0424,watchapedia,film,리지 사랑 스럽 다이시 과묵 드러나 페이지 가지 몰입 떨어지
WF_0425,watchapedia,film,워킹 타이틀 작품 사랑 사랑 아버지 멋있
WF_0426,watchapedia,film,고스란히 살리 활자 감성 다아시 머리 멋있
WF_0427,watchapedia,film,다아시 서툴 감정 표현 어휘력 부족 불러오 간질간질 아슬아슬 사람 애간장 녹이 라운드 지르 버리 만들 자꾸 불쌍 엘리자베스 상상 엘리자베스 다아시 캐스팅 대하 아쉬움 마지막 새벽길 외투 흩날리 걸어오 다아시 감독 연출력 때문 배우 연기력 때문 기럭지 때문 멋있 모르 인정
WF_0428,watchapedia,film,영화 기법 더욱 선명 오만 편견 사랑 스럽 작품
WF_0429,watchapedia,film,최고 영화 연출 색감 미장 예쁘 여주도 영화 제목 이해
WF_0430,watchapedia,film,오만 편견 내려놓 사랑 결실
WF_0431,watchapedia,film,서로 오해 해소 드러나 요즘 다르 진중 사랑 멋있
WF_0432,watchapedia,film,축약 나쁘
WF_0433,watchapedia,film,제인 오스틴 여성 그대로 보이 휘둘리 그대로 여성 생각 오만 다아시 여동생 문틈 장면 제일 종종 나오 자연 흥분 가라앉히 만들 언쟁 화가 시원 흐르 영상 아름답
WF_0434,watchapedia,film,음악 영화
WF_0435,watchapedia,film,여자 예쁘 불편
WF_0436,watchapedia,film,사랑 깨닫
WF_0437,watchapedia,film,영화 이해 못하 머리
WF_0438,watchapedia,film,고전 고전
WF_0439,watchapedia,film,다아시 잘생기
WF_0440,watchapedia,film,고전 부담 스럽 영화 내용 진부 이야기 그런 이야기 인간 본질 고전 아무리 문명 발달 세상 변하 변하 고전 역사
WF_0441,watchapedia,film,아름답 클래식 명화 자연 오만 편견 얽히 설키 사랑 이야기
WF_0442,watchapedia,film,라이트 키이라 나이틀리 조합 언제나
WF_0443,watchapedia,film,처음 만나 머리 발끝 훑어보 동시 편견 생기 마디 일어나 버리 스타일 그런 사람 사람 만나 사랑 모든 완벽 사람 서른 사랑 엄마 잔소리
WF_0444,watchapedia,film,
WF_0445,watchapedia,film,오만 취하 사랑 못하 편견 빠지 사랑 못하 사랑 주위 사람 중요
WF_0446,watchapedia,film,사랑 때문
WF_0447,watchapedia,film,
WF_0448,watchapedia,film,솔직 프로포즈 멋지 나이틀리 쨔응
WF_0449,watchapedia,film,제인 오스틴 좋아하 이거 지루
WF_0450,watchapedia,film,나사 빠지 연출 영화 원작 발목 붙잡 원작 영화
WF_0451,watchapedia,film,사람 예단 오만 오해 만들 편견 사람 사랑 빠지 충분 편견 뒤집 무수 고민 빠지 버리 사랑 사랑
WF_0452,watchapedia,film,항상 오만 편견 의미 궁금 드디어
WF_0453,watchapedia,film,
WF_0454,watchapedia,film,영원히 침묵
WF_0455,watchapedia,film,나이틀리 눈부시 영화
WF_0456,watchapedia,film,원작 느낌 부족 오만 키이라 나이틀리 보이 편견
WF_0457,watchapedia,film,극찬 명작 못하 이유 아직 영화 모르 때문 생각 어리 왕자 바라보
WF_0458,watchapedia,film,사회 위치 막론 오만 편견 만연
WF_0459,watchapedia,film,노팅힐 남주여주 서로 사랑 빠지 장면 이해 영화 남주여주 사랑 빠지 장면 역시 이해 홍콩 한국 비행기
WF_0460,watchapedia,film,오만 남자 편견 여자 만나 라이브러리 오픈 공유 조심 스럽 과정 거치 실패 과정 중요
WF_0461,watchapedia,film,인생 최고 영화
WF_0462,watchapedia,film,오만 오만 편견 오만 감추 진주 놓치 무섭 다아시 오만 모르 그녀 공손
WF_0463,watchapedia,film,편견 사람 사랑 못하 오만 사람 사랑 만들 다시 명작
WF_0464,watchapedia,film,새롭 선사 영화 모든 순간 놀랍
WF_0465,watchapedia,film,라이트 최고 영화 생각 무도회 카메라 워킹 전율 자체 새벽 여명 걸어오 다아시 미장센 아름답 아름답
WF_0466,watchapedia,film,영화 드라마
WF_0467,watchapedia,film,여주 아쉽
WF_0468,watchapedia,film,나이틀리 아름답 발하 심하 정도 눈매
WF_0469,watchapedia,film,드라마 다아시 콜린 퍼스 유감
WF_0470,watchapedia,film,다아시 언제나
WF_0471,watchapedia,film,금수저 왕자 당돌 만남 여자 처음 오해 엇갈리 사람 방해 세력 왕자 진면목 발견 사랑 빠지 해피엔딩 클리셰 존재 클래식 느낌 남자 주인공 눈빛 연기
WF_0472,watchapedia,film,마지막 10 위하 견디
WF_0473,watchapedia,film,신데렐라 스토리 남자 대단 존재 현실감 설레이 감정
WF_0474,watchapedia,film,티격태격 내내 가슴 돌맹이 답답 콩닥콩닥 마지막 두근거리 엘리자베스 아버지 모습 아빠 겹치 보이 마법
WF_0475,watchapedia,film,우아 아름답 영상 풍경 공감 이해 캐릭터 로맨스
WF_0476,watchapedia,film,순정 만화 문학 가지 감정 그대로 묻어나
WF_0477,watchapedia,film,마디 연기
WF_0478,watchapedia,film,오만 대하 편견 깨지 순간 찾아오 극심 미스터 다아시
WF_0479,watchapedia,film,아름답 아름답 아름답
WF_0480,watchapedia,film,사랑 사치 사람 샬롯 슬프
WF_0481,watchapedia,film,츤데레 로맨스
WF_0482,watchapedia,film,음악 황홀 배경 아름답 사랑 예쁘 우정 멋지 엄마 아빠 영화 사람 생각
WF_0483,watchapedia,film,영화 나이틀리 사랑
WF_0484,watchapedia,film,인간 인간 가지 가지 오만 편견
WF_0485,watchapedia,film,주인공 여성 감성 아름답 담아내 라이트 감독 데뷔작
WF_0486,watchapedia,film,인생 영화 웅장 아름답 배경 부드럽 선율 영화 오랜만 다시 멋있 로맨틱하
WF_0487,watchapedia,film,좋아하 아끼 영화
WF_0488,watchapedia,film,신선 예상 드라마 문태옥
WF_0489,watchapedia,film,라이트 영화 만들
WF_0490,watchapedia,film,나이틀리 처음 사랑 스럽 보이
WF_0491,watchapedia,film,개인 드라마 구성 재밌
WF_0492,watchapedia,film,콜린 퍼스 다아시
WF_0493,watchapedia,film,남자 금서 원작 만들 영화
WF_0494,watchapedia,film,아름답
WF_0495,watchapedia,film,영화 반하 영화 감성 풍부
WF_0496,watchapedia,film,오만 그녀 편견 만들 편견 부수
WF_0497,watchapedia,film,한창 감수 풍부 중학 시절 10 대사 외우 영어 자막 일본어 자막 자막 버전 감독판 여튼
WF_0498,watchapedia,film,오만 편견 고전 로맨스 창작 제인 오스틴 무한 사랑 감사
WF_0499,watchapedia,film,인생 영화
WF_0500,watchapedia,film,제인 오스틴 본격 빠지 입구 영화
WF_0501,watchapedia,film,고백 장면 프로포즈 장면 실신 마지막 엔딩 쥬금 진정 아아아
WF_0502,watchapedia,film,영화 배우 연기 배경 모든 조화 러닝 타임 내내 아름답 뇌리 박히 가을 바람 여지없이 떠오르 베스트 영화
WF_0503,watchapedia,film,거리 대사 멋지 영국 발음 승화
WF_0504,watchapedia,film,색감 분위기 연출 대사 등장 인물 섬세 연기 오만 사람 사랑 편견 사람 사랑 못하
WF_0505,watchapedia,film,여주인공 오만 편견 없이 영화
WF_0506,watchapedia,film,섬세 감정 표현 덩달 설레이 마차 내리 떨리 쫘악 다시 빗속 청혼 다시 새벽 안갯속 고백 다시
WF_0507,watchapedia,film,위킹타이틀 고전 다르
WF_0508,watchapedia,film,원작 만들 영화
WF_0509,watchapedia,film,오만 편견 이야기
WF_0510,watchapedia,film,우울 우울 영화 순위 영화 아름답 영국 시골 풍경 적막 보이 유머 살인 들리 낭만 해피앤딩 냉혹 현실 깨우치
WF_0511,watchapedia,film,아름답 화면 감정
WF_0512,watchapedia,film,시대 화려 영상미 환경 걸맞 주인공 연기 대사 소화력 애틋 남기
WF_0513,watchapedia,film,풍경 아름답 우울 평온 풍경 기억
WF_0514,watchapedia,film,낭만 배경 이쁘 영화 오만 그녀 편견
WF_0515,watchapedia,film,배경 아름답 배우 연기 훌륭 개인 엔딩 아쉽 여운 엔딩
WF_0516,watchapedia,film,오만 바라보 편견 가지 바라보 풀이
WF_0517,watchapedia,film,영화 옮기 항상 아쉬움 애정 작품 더욱
WF_0518,watchapedia,film,라이트 시작
WF_0519,watchapedia,film,반쪽
WF_0520,watchapedia,film,아름답 영화 처음 다아시 리지 가지 사랑 대하 오만 편견 지금 가지 미소 만들 영화
WF_0521,watchapedia,film,미스 캐스팅 생각 정도 남녀 주인공 녹아들 못하 느낌 고전 로맨틱 매력
WF_0522,watchapedia,film,다아시 캐스팅 빠지 슬렁슬렁 시나리오 빠지
WF_0523,watchapedia,film,남녀 미묘 심리 표현 호흡 이야기 모든 사건 배경 19 세기 유럽 사회 모순 자연스레 드러내 내용 준수 옮기
WF_0524,watchapedia,film,고집 불통
WF_0525,watchapedia,film,고전 고전
WF_0526,watchapedia,film,오만 편견 서로 사람 오만 내려놓 편견 깨부수
WF_0527,watchapedia,film,영화 10 대사 하나하나 소중
WF_0528,watchapedia,film,클래식 뻔하 몰입 영화
WF_0529,watchapedia,film,오만 멀어지 편견
WF_0530,watchapedia,film,재밌 고전 로맨스 클리셰 이유
WF_0531,watchapedia,film,가족 남미 공감 어렵 불구 나이틀리 너무나 매력
WF_0532,watchapedia,film,노을 영화 2023.01.05
WF_0533,watchapedia,film,제대로 바라보 편견 오만 모든 초월 사랑
WF_0534,watchapedia,film,낭만 자체 어렵 없이 끌리 사랑
WF_0535,watchapedia,film,더치 페이스
WF_0536,watchapedia,film,편견 오만 사랑 통하 동화 일부분
WF_0537,watchapedia,film,디스 이즈 마이 로만 파이어
WF_0538,watchapedia,film,다시 츠직츠
WF_0539,watchapedia,film,단절 우아
WF_0540,watchapedia,film,오만 고백 장면
WF_0541,watchapedia,film,혐관로맨스 재밌 잘생기 보이 매직 생각 티격태격 고백 과정 간결 거시 의문 아무렴 사랑 진솔 바보 감정 위하 사이 간격 사랑 깨닫 순간 문장 정의 정확 인물 감정 이해 위하
WF_0542,watchapedia,film,장면 인물 마음 시대 낭만 탁월 묘사 그런 압도 비주얼 인하 퇴색 무어
WF_0543,watchapedia,film,좋아하 소설 원작 감정 80 휘발 사라지 아쉽
WF_0544,watchapedia,film,여운 가시
WF_0545,watchapedia,film,로맨스 원조 맛집
WF_0546,watchapedia,film,사랑 겸손
WF_0547,watchapedia,film,실사
WF_0548,watchapedia,film,서로 많이 사랑 오해 생기
WF_0549,watchapedia,film,클래식 일종 코미디
WF_0550,watchapedia,film,일요일 진주 특별 여신 가장 기쁘 완벽 정도 행복 다아시 부인 부르
WF_0551,watchapedia,film,
WF_0552,watchapedia,film,언제나 팔리
WF_0553,watchapedia,film,설레
WF_0554,watchapedia,film,지금 여자 환상 한국 드라마 자주 전개 스토리 인물 감정 이해 생각 영화
WF_0555,watchapedia,film,온유 겸손
WF_0556,watchapedia,film,원래 사랑 첫인상 별로
WF_0557,watchapedia,film,다이시
WF_0558,watchapedia,film,마지막 때문 잊어버리
WF_0559,watchapedia,film,오만 편견 차이
WF_0560,watchapedia,film,예상 결말 허용 순간
WF_0561,watchapedia,film,영원 첫사랑 다아시
WF_0562,watchapedia,film,남자 오만이 ❤️ 여자 편견 결혼
WF_0563,watchapedia,film,오만 가득 남자 오만 버리 편견 가득 여자 편견 버리 사랑 인하 바뀌
WF_0564,watchapedia,film,상남자
WF_0565,watchapedia,film,어리 인상 고전 명작 소설 영화 분위기 아름답 영국 특유 몽글몽글 고풍 그런 분위기 미술 덕분 장면 하나하나 작품 연출 노고 많이 드러나 카메라 워크 타이밍 미챴 특히나 무도회 테이크 여러 인물 얽히 복잡 관계 감정 드러내 그거 맞추 촬영 힘들
WF_0566,watchapedia,film,자매 나오 영화 왤캐
WF_0567,watchapedia,film,최고 장면 마차 다아시 리지 에스코트
WF_0568,watchapedia,film,작품
WF_0569,watchapedia,film,영화 일시 정지 수채화 작품
WF_0570,watchapedia,film,다아시 머리카락 보이
WF_0571,watchapedia,film,싸가지 클리셰 정점 개인 좋아하 소설 아름답 영상미 빠지 만들
WF_0572,watchapedia,film,틀리 무늬 없이 깔끔 무어 편안
WF_0573,watchapedia,film,다아시 그리 다운 편견
WF_0574,watchapedia,film,그런 불구 사랑
WF_0575,watchapedia,film,클래시컬 로맨스 정수
WF_0576,watchapedia,film,로맨스 영화
WF_0577,watchapedia,film,쫑알쫑알 얘기 재밌 인물 심리 생각 연출
WF_0578,watchapedia,film,남자 주인공 머리숱 자꾸 신경 쓰이 명작 명작
WF_0579,watchapedia,film,고전 갇히 사랑 스럽 영화 2023.06.10.
WF_0580,watchapedia,film,오만 편견 가득 오만 편견 사랑
WF_0581,watchapedia,film,시선 따라가 마음 궤도 그리 나가 오만과 편견 주로 이야기 다루 오만 사랑 못하 편견 사랑 만들 서로 그대로 마주 사랑 강조 주제 연출 이야기 스킨십 없이 눈빛 손끝 사랑 충분히 서술 영화 본인 인식 못하 상대 의식 어느새 스며들 버리 사랑 경험 추천
WF_0582,watchapedia,film,다아시 빠지 허우적 보이 모든 장면 걸치 나오 인물 깨알 연기 무도회 장면 리즈 덕분 모든 캐릭터 생생 묘사 존재 인물 느끼 다아시 처음 리즈 신경 곤두 보이 디테일 미치 고백 장면 연기 고백 장면 어떠 스킨쉽 아찔 눈빛 표정 야릇 눈빛
WF_0583,watchapedia,film,최고 멜로
WF_0584,watchapedia,film,그것 사람 일상 모습 그런 모습 사랑 스럽 담기 자만 선입견 국한 모습 일부 순간 그런 모습 다소간 유사 상이 방식 어긋나 그런 사랑 그것 사랑 스럽 바라보 사랑 그것 보완 다듬 정제 건강 주관 상식 합리 기본 표준 당연 사실 방향 그것 자만 선입견 오만 편견 독선 아집 성의 관심 기울이 마찬가지 온당 사실 방향 정체 온전 지각 감상 사랑 일상 대하 성숙 노련 감성 인상 정연 호응 감상 태도 보다 완연하 내용 귀결 갖추 모든 일상 부족 보다 넉넉 태도 귀엽 부드럽 대우 마음 다르 사랑 사람 오만 제법 괜찮 괄시 온당 누리 못하 선입견 속단 사실 정상 오해 그르치 모든 관점 견해 언제나 부당 합리 일상 유효 경우 보다 일반 지긋 시선 태도 통찰 보이 어긋나 판단 귀결 그런 종류 양상 사람 일상 불협 불화 기원 경우 사랑 미숙 모습 사랑 엇나가 만들 경우 사랑 성숙 태도 어긋나 정렬 사랑 귀결 일정 주관 일종 상식 선입견 정도 일상 편향 망설이 방황 마찬가지 겸허 깨달음 반성 반영 성의 개선 성실 지향 성질 방향 개별 상이 근원 발원 사랑 부분 기원 통속 허영 스럽 성격 종류 현실 인식 일상 영역 완전히 의미 그것 일상 영위 차원 참작 필요 현실 감각 지식 따름 본질 관계 기준 지향점 그런 사실 적절 지각 담백하 아름답 삼삼 자연 스럽 가지 감상 지나 소회
WF_0585,watchapedia,film,원작 영화 원작 워낙 방대하 영화 내용 위하 고군분투 흔적 느끼 영상미 나이틀리 다아시 아직 이해 우수 눈빛 근데 확실히 템포 빠르 원작 사람 영화 이해 느끼 나이틀리 최고
WF_0586,watchapedia,film,오만 편견 무장 동물 인간상 도괴
WF_0587,watchapedia,film,허영 사카즘 커지
WF_0588,watchapedia,film,만남
WF_0589,watchapedia,film,처음 엇갈리 서서히 상대 향하 사랑 주인공 재미 확실히 서양 로맨스 장르 18 세기 영국 재밌
WF_0590,watchapedia,film,답답 미스터 다아시 별로 생기
WF_0591,watchapedia,film,
WF_0592,watchapedia,film,오만 그녀 편견 사라지 사랑 완성
WF_0593,watchapedia,film,절제 미덕 고귀 성품 우아 잣대 완벽
WF_0594,watchapedia,film,미장센 음악
WF_0595,watchapedia,film,화려 미장센 아름답 배경 돋보이 작품
WF_0596,watchapedia,film,남자 오만 여자 편견
WF_0597,watchapedia,film,즐겁 전경 디테일 영화 로맨스
WF_0598,watchapedia,film,이거 엄마 인생 영화 대체
WF_0599,watchapedia,film,오만 사람 사랑 만들 편견 사람 사랑 못하 만들
WF_0600,watchapedia,film,아름답 방식 모든 판단 반성 선물 답답 나른 마무리 내내 눈부시 나이틀리
WF_0601,watchapedia,film,슈만
WF_0602,watchapedia,film,아쉽
WF_0603,watchapedia,film,따듯하 로맨스 영화 후회 작품
WF_0604,watchapedia,film,부드럽 섬세 매력 피아노 선율 미장센 어우러지 훌륭 꾸준히 즐기 영화 제인 오스틴 흥미 이야기 관하 시대 초월 감각 소유자 꺼리 사람 빠져나가 방법
WF_0605,watchapedia,film,영화 모든 장면
WF_0606,watchapedia,film,사랑
WF_0607,watchapedia,film,오만 편견 사랑 사라지 감정 따라가 친절 스토리
WF_0608,watchapedia,film,8.7
WF_0609,watchapedia,film,먼저 급하 정신 감정 이입 재밌 영화 특성 어쩌 배우 풍정 재미 무도회 느낌 뿜뿜 영화 그립 추천
WF_0610,watchapedia,film,이토록 무지 존재
WF_0611,watchapedia,film,영화 제일 좋아하
WF_0612,watchapedia,film,계급 미묘 경계선 대놓고 계급 차이 21 세기 심심찮 폭풍우 엘리자베스 외침 현대인 받아들이 호기심 자극
WF_0613,watchapedia,film,당당 주관 뚜렷 리지 줏대 시비 좋아하 여자 보이 연출 문제 배우 문제 연극
WF_0614,watchapedia,film,혐관 맛집
WF_0615,watchapedia,film,사랑 서툴
WF_0616,watchapedia,film,제목 옛날 여자 힘들 나이틀리
WF_0617,watchapedia,film,석세션 다행 거꾸로 배신감 느끼
WF_0618,watchapedia,film,내내 신경 쓰이 여주인공 그녀 가족 이야기 주인공 머리 스타일
WF_0619,watchapedia,film,사랑 대하 오만 사람 편견 가지 오해
WF_0620,watchapedia,film,클래식 영원히 사랑
WF_0621,watchapedia,film,잠결 피아노 소리 지저귀 새소리 모든 장면 시절 감성 사랑 빠지 남자 눈빛 손짓 간절 사랑 눈치 여자 흔들리 눈빛 1000
WF_0622,watchapedia,film,오만 반하 그녀 편견 사랑 독약
WF_0623,watchapedia,film,클래식
WF_0624,watchapedia,film,자식 남자 시집 보내 인생 지향 신경 쇠약 엄마 진심 어리 행복 바라 지지 아빠 저런 엄마 저런 남편 만나 다짐
WF_0625,watchapedia,film,미장센 다시
WF_0626,watchapedia,film,가장 좋아하 소설
WF_0627,watchapedia,film,아버지 눈물 명장면
WF_0628,watchapedia,film,원작 상상 아름답 구현 영상 감격 스럽
WF_0629,watchapedia,film,다이시 엘리자벳 오만 편견 제목 제목 영화
WF_0630,watchapedia,film,상상 그대로 담기 느낌
WF_0631,watchapedia,film,주기 설레 영화
WF_0632,watchapedia,film,원작 소설 리지 쓸쓸 당당 생각 너무너무 표현 고맙 영화 중간중간 끊기 간질간질 로맨스
WF_0633,watchapedia,film,주인공 전달 가르치 배우 연기 아름답
WF_0634,watchapedia,film,사랑이란
WF_0635,watchapedia,film,자강두천 배틀연애
WF_0636,watchapedia,film,두근두근
WF_0637,watchapedia,film,오만과 편견 2005 개봉 영국 로맨스 영화 제인 오스틴 동명 소설 원작
WF_0638,watchapedia,film,주기 영화 한두 클래식 소설 이토록 구현 영화 주연 배우 연기 라이트 감독 연출 발하 카메라 통하 담아내 캐릭터 관점 시선 소름 지나가 파티 장면 다아시 제인 시선 주목 모르 빙의 감정 느끼 음악 카메라 영화 요소 활용 표현 섬세 감탄 새롭 로맨스 소설 영화 클래식 아름답 낭만 취하 넷플릭스 자막 번역 대충
WF_0639,watchapedia,film,귀엽
WF_0640,watchapedia,film,역시 여성 상속 버지니아 울프 시대
WF_0641,watchapedia,film,편견 사람 사랑 못하 오만 사람 사랑 만들
WF_0642,watchapedia,film,사실
WF_0643,watchapedia,film,영화 엘리자베스 처음 인물 성격 집안 다아시 스미 다아시 장면 설레
WF_0644,watchapedia,film,낭만
WF_0645,watchapedia,film,아무리 유명 고전 영상 대중 다가서 이유 보이 영화 영화 열광 소설 관심 보이 소설 완전히 미치 버리 미래 독자
WF_0646,watchapedia,film,내내 문학 작품 느낌
WF_0647,watchapedia,film,스토리 짝짓기 프로그램 연출 고풍 스럽 르네상스 시대
WF_0648,watchapedia,film,키스 담백 사랑 스럽
WF_0649,watchapedia,film,
WF_0650,watchapedia,film,설레
WF_0651,watchapedia,film,오만 편견 다루 영화 어쩜 이리 차분 서정 마지막 아버지 함박 웃음 못하
WF_0652,watchapedia,film,2005 년도
WF_0653,watchapedia,film,키이라 나이틀리 로판 영상 화보집
WF_0654,watchapedia,film,나이틀릿 연기 너무너무 귀엽 이틀 항상 소년 얼굴 장난 스럽 표정 보이 캐릭터 굉장히 분위기 담아내 영화 내내 유명 이야기 단조 스토리 여러 장면 다양 배경 지루 없이 재밌
WF_0655,watchapedia,film,어쩌면 가장 문제
WF_0656,watchapedia,film,사랑 절제 가장 섹시
WF_0657,watchapedia,film,영국식 발음 슬프 보이 다아시 눈빛 제목 의미 엘리자베스 아버지 느끼 진정 사랑 괜히 뭉클 벅차
WF_0658,watchapedia,film,어쩜 한순간 사랑 시대 수명 사랑 사람 결혼 생각 키이라 나이틀리 매력 영화 장면 사랑 스럽 느낌 다아시 분위기 긴장 설레이 느낌 당시 설레이
WF_0659,watchapedia,film,사랑 순수
WF_0660,watchapedia,film,사랑 사랑 사랑
WF_0661,watchapedia,film,세상 모든 할리퀸 종착점
WF_0662,watchapedia,film,분명 영화 2007 이전 기록 베넷 가족 대하 공감 수치 느끼 장면 다아시 캐릭터 위하 장치 들리 틀리 사람 그만큼 정직 우직 사람 이해 빗속 고백 싸움 장면 얼빡 별로
WF_0663,watchapedia,film,리지 어울리 배우 첫째 예쁘 원작 충실 감독 고증 때문 배우 기용 고민
WF_0664,watchapedia,film,2005 년도 재밌 자극 영화 이제 구영화 미치 재밌
WF_0665,watchapedia,film,사랑 대하 로망 실현
WF_0666,watchapedia,film,오만 편견 제목 모든 내용 담기
WF_0667,watchapedia,film,나이틀리 사랑 영화
WF_0668,watchapedia,film,키이라 결혼
WF_0669,watchapedia,film,오만 내려놓 비로서 보이 솔직
WF_0670,watchapedia,film,오만 편견
WF_0671,watchapedia,film,깔끔 명작 살리
WF_0672,watchapedia,film,로맨스디만 키스 맛있 포인트
WF_0673,watchapedia,film,생각 옛날 영화 나이틀리 얘기 저스트 로맨스 고전 배경 더더욱 올해 특수 선택 영화 의무감 완주 만화 러프 생각나
WF_0674,watchapedia,film,사랑 속수무책 고백 토하
WF_0675,watchapedia,film,매직 아워 하루 마법 일어나
WF_0676,watchapedia,film,서정 아름답 영화
WF_0677,watchapedia,film,로맨스 원형
WF_0678,watchapedia,film,영원 클래식 평화 사랑 스럽
WF_0679,watchapedia,film,소설 펼쳐지 경험 고상 유머러스 사랑 스럽 리즈 절벽 장면 최애 명장면 음악 아름답
WF_0680,watchapedia,film,다아시 돌리 매튜
WF_0681,watchapedia,film,편견 오만
WF_0682,watchapedia,film,마차 오르 엘리자베스 도와주 아무렇 뒤돌아서 긴장 오른쪽 손가락 다아시 원픽 장면 다아시 신경 보이 깔끔 장면 모든 녹이 버리
WF_0683,watchapedia,film,수채화 마음 편안 영화 배경 음악 배우 눈빛 따뜻
WF_0684,watchapedia,film,이쁘
WF_0685,watchapedia,film,부시 제맛
WF_0686,watchapedia,film,
WF_0687,watchapedia,film,다아시 잘생기
WF_0688,watchapedia,film,다아시 부인 부르 기쁨 넘치 흐르 주체
WF_0689,watchapedia,film,최고 사랑 영화
WF_0690,watchapedia,film,
WF_0691,watchapedia,film,오만 편견 사실 생각 더욱 사람 배우 정도 영향력 행사 영화 나이틀리 많이 놀라 이전 그런 느낌
WF_0692,watchapedia,film,끝내 잘생기 보이 다아시
WF_0693,watchapedia,film,나이틀리 미모
WF_0694,watchapedia,film,영화 자체 분명 잔잔 평화 자극 맛보 자꾸 끌리 영화 원래 로맨스 모든 장르 제일 자극
WF_0695,watchapedia,film,진부 스토리 뻔하 보이 완성도 영상미 음악 일품 점점 멋있 보이 매직
WF_0696,watchapedia,film,고백 장면 영화
WF_0697,watchapedia,film,주관 뚜렷 당돌 리지 멋지 느끼
WF_0698,watchapedia,film,오만 편견 난무 시대 눈물 웃음 보이
WF_0699,watchapedia,film,이르 아침 그녀 향하 성큼성큼 걸어오 발걸음 잊히 발견 내쉬 엘리자베스 한숨 모든 설명
WF_0700,watchapedia,film,고등학교 제인 오스틴 빠지 엄밀히 영화 나이틀리 반하 모르 영화 나오 모든 인물 대사 마디 시대 의상 배경 분위기 취하 영화 모든 요소 사랑 한동안 인생 영화 오만 편견 당시 원작 소설 제인오스틴 향수 일으키 영화
WF_0701,watchapedia,film,오만 편견 의하 가리 사랑 이야기
WF_0702,watchapedia,film,사랑 방해 오만 편견 사랑 이루 두근거리
WF_0703,watchapedia,film,처음 원작 대하 애정 영화 그리 감흥 10 지나 다시 훌륭 창작품 제작 시기 걸맞 세련 연출 아름답 영상미 감정 따라가 훌륭 작품 나이틀리 연기 언제나 놀랍 정도 섬세 표정 연기 우아 장난 가득 말투 최고
WF_0704,watchapedia,film,내면
WF_0705,watchapedia,film,고전 사랑 이유 과거 통하 현재 관통 2022 처음 영화 만나
WF_0706,watchapedia,film,소설 영화
WF_0707,watchapedia,film,엘리자베스 예쁘 나오 이야기 예상 영화 그것 매력 다아시 장면 귀요미 장면 귀엽 간지럽
WF_0708,watchapedia,film,편견 무너지 순간 기다리
WF_0709,watchapedia,film,오만 편견 사랑 방해
WF_0710,watchapedia,film,엉키 그네 풀리 마주치 사랑
WF_0711,watchapedia,film,오만 사람 사랑 만들 편견 사람 사랑 만들 오만 편견 가득 이제 비겁
WF_0712,watchapedia,film,섬세 감정 제발 키스 외치 발견
WF_0713,watchapedia,film,상대 대하 오만 상대 향하 편견 존재
WF_0714,watchapedia,film,여운 성찰 오래
WF_0715,watchapedia,film,라이트 만들 고맙
WF_0716,watchapedia,film,나오 가리
WF_0717,watchapedia,film,지신 결함 인정 사람 용서
WF_0718,watchapedia,film,220904 얼른 영화 멋지 작품 영상 기대감 근데 기대 아쉬움 영화 하긴 가량 영상 가득 디테일 배제 대략 줄거리 축약 느낌 아쉽 오만 편견
WF_0719,watchapedia,film,고전 서구 귀족 선천 흥미 나이 아직 너무너무 지루
WF_0720,watchapedia,film,다시 웃기 영화 모르 재밌
WF_0721,watchapedia,film,완전 애기 와중 캐리 멀리건 졸귀탱
WF_0722,watchapedia,film,시바
WF_0723,watchapedia,film,역시 영화 힘들
WF_0724,watchapedia,film,이해 1800 년대 영국 사회 사랑 의미 사람 다르 사랑
WF_0725,watchapedia,film,뭐뭐 사랑 결혼 소설 압축 그런 옛날 시대 결혼 갈기 감정 급작스럽 계절 지켜보 첫눈 반하 버리 만나 결혼 버리 옛날 감성 원작 편견 깨지 포스터 다아시 별로 멋지 멋지 모르 귀엽 설레 특유 간질거리 살짝 느끼 목소리 사기 멋지 문제 해결 어쩌 모르 다가오 다가오 직진 멋지 젠틀 영화 사랑 결혼 대하 바라 모르
WF_0726,watchapedia,film,사랑 대하 오만 상대 대하 편견 조심 그것 어렵
WF_0727,watchapedia,film,고백 마법 걸리 사랑 사랑
WF_0728,watchapedia,film,소녀 마음
WF_0729,watchapedia,film,남자 별로 몰입
WF_0730,watchapedia,film,키이라 나이틀리 사랑 빠지 영화
WF_0731,watchapedia,film,영국 제대로
WF_0732,watchapedia,film,카메라 연출 특히 시선 나타내 엄청 몰입
WF_0733,watchapedia,film,사심 잡아끌 정도 22.03.
WF_0734,watchapedia,film,15 영화 진가 발견 예전 지루 영화 생각 대사 자연 스럽 색감 음악 가득 영화 이제야 깨닫 배우 연기력
WF_0735,watchapedia,film,전근대 주체 여성 사랑 이야기 현대 사랑 관념 투영 거슬리 시대 로맨스 이유 사랑 연애 현재 과거 다르 과거 결혼 제도 풍습 사회 시선 그대로 묘사 로맨스 대하 몰입 가능 모순 빠지 때문 과거 대하 고증 완벽 현대 로맨스 세련미 완벽
WF_0736,watchapedia,film,스토리 비하 제목 거창
WF_0737,watchapedia,film,혐관 맛집 리지 집안 무시 여동생 느낌 머리 21 세기 정서 사회 시대 시대 이해 이해
WF_0738,watchapedia,film,다아시 이마 벗겨지 바람 집중
WF_0739,watchapedia,film,
WF_0740,watchapedia,film,세월 뛰어넘 로맨스 진수 가난 집안 씩씩 자존심 여주인공 그녀 사로잡히 모든 바치 부잣집 미남 츤데레 둘러싸 오해 갈등 집안 반대 가히 여자 설레 환타지 로맨스 모든 공식 집약 공식 과거 미래 아마 세기 흐르 유효 화려 캐스팅 영국 배우 호연 명화 서정 풍광 고전 문학 원작 영어 네이티브 한국인 문학 대사 향취 오롯이 느끼 아쉽
WF_0741,watchapedia,film,모든 캐릭터 매력 사랑 스럽 필름 시종 즐겁 노을 보다 달달하
WF_0742,watchapedia,film,사랑 가로막 오만 편견 오만 편견 넘어서 사랑
WF_0743,watchapedia,film,얘기 모르 러닝 타임 느끼 지루 와중 풍경 도무지 감정 이해 헛되 희망 자매 시끄럽 어머니 짜증 콜린스 짜증 생각 시대 배경 낭만 좋아하 사람 옛날 낭만 좋아하 힘들
WF_0744,watchapedia,film,후하 시대 감안 영화 보통 시대 감안 실패 노력 다아시 사랑
WF_0745,watchapedia,film,제인 오스틴 흥미 원작 나이틀리 당당 얼굴 라이트 섬세 연출 매력 시대극 완성 가지 요소 환상 조화
WF_0746,watchapedia,film,중세 로맨스 자고로 따뜻 필터 먹이 정석
WF_0747,watchapedia,film,단순히 신데렐라 판타지 싫어하 캐릭터 매력 섬세 표현 제목 매칭 풍광 서로 인간 의식 캐치 끌리 상당히 표현
WF_0748,watchapedia,film,사람 대하 오만 편견 사람 모습 사람 가려지 모습 필요
WF_0749,watchapedia,film,미국판 엔딩
WF_0750,watchapedia,film,모든 배우 연기 매력 아버지 기억 많이
WF_0751,watchapedia,film,사랑 주의 오만 편견 풍경 막히
WF_0752,watchapedia,film,고전 인간 본질 가장 가깝 상기 대사 영상미 구도 아름답 올해 감상 영화
WF_0753,watchapedia,film,오만 편견 가리우 수많 사랑
WF_0754,watchapedia,film,오만 편견 가지 사랑 향하 진실 발걸음 원작 가지 다양 깊이 영화 옮기 사실 가능 그만큼 원작 특별 전략 원작 가치 되새김 충분
WF_0755,watchapedia,film,부족
WF_0756,watchapedia,film,평범 이야기 마주치 순간 마차 올라타 부축 돌아서 떨리 다아시 모습
WF_0757,watchapedia,film,가장 사랑 고전 비커밍 제인 오만 편견
WF_0758,watchapedia,film,자극 장면 없이 주인공 감정 설레 만들 로맨스 영화 명작 명작 최소 영화 먼저 빌리 시대극 영화 이야기 좋아하 이유 현대 계급 사회 인하 주인공 신분 장벽 이야기 재밌 로맨스 만들 때문 나이틀리 리즈시절 생각
WF_0759,watchapedia,film,원작 좋아하 보통 영화 별로 배우 그리 이미지 다르
WF_0760,watchapedia,film,빙다리 바지
WF_0761,watchapedia,film,원작 21 년도 불편
WF_0762,watchapedia,film,오만 내려놓 편견 떨치 보이 영화 스타 그램 조잘조잘 @cho.__.jal
WF_0763,watchapedia,film,생각 감정 잣대 판단 오만 인하 편견 안개 켜켜이 쌓이 서로 흐리 만들 모르 그것
WF_0764,watchapedia,film,사랑 스럽 엘리자베스
WF_0765,watchapedia,film,오만 둘러싸 편견 진실 만나 벗겨지 엘리자베스 심적 변화 드라마틱 다가오 감정 관객 쥐락펴락 영화
WF_0766,watchapedia,film,쿨쿨
WF_0767,watchapedia,film,소설 영화 과정 입체 결여 개연 결여 영국 자연 아름답 음악 영화 키이라 나이틀리 웃음 점점 생기 다아시 얼굴 그치만 모르 생기
WF_0768,watchapedia,film,아씨 영화 굿즈 수집 느낌 이거 한번 원작 만들
WF_0769,watchapedia,film,오해 편견 오만 편견 모든 뚜껑 만들 강력 감정
WF_0770,watchapedia,film,키이라 나이틀리 레전드 미스터 다아시 뚝딱 대명사 통하 키스 나오 설레 청혼 엘리자베스 모르 키스 정신 차리 레전드 멀리 걸어오 다아시 점점 가깝 동시 고조 배경 음악 아직 기회 확인 엘리자베스 터지 나가 마음 소리 나타내 푸르 차갑 화면 리지 다아시 청혼 맞추 순간 오렌지색 변하 장면 아름답 배우 튀어나오 정도 상상 똑같 영화 보이 부분
WF_0771,watchapedia,film,그녀 떨리 감정 표현 표정 디테일 그녀 사랑 사실 알리 아름답 영화
WF_0772,watchapedia,film,수업 오만 편견 자주 인용 영문 정명희 교수 감동 전하
WF_0773,watchapedia,film,베넷 집안 마을 특유 왁자지껄 표현
WF_0774,watchapedia,film,오만 편견 가지
WF_0775,watchapedia,film,갈수록 잘생기 보이 영화 영화
WF_0776,watchapedia,film,장님
WF_0777,watchapedia,film,편견 사람 사랑 못하 오만 사람 사랑 만들 제인 오스틴 문장 영상 풀어내 영화 키이라 나이틀리 순수 웃음 마주 사랑 스럽 사람 형태 정도
WF_0778,watchapedia,film,아무래도 얘기 압축 감정 어렵 콜린 퍼스 다아시 이기
WF_0779,watchapedia,film,나이틀리 사랑 스럽 영화
WF_0780,watchapedia,film,아슬아슬 감정 줄타기 오만 편견 습관 내려놓 서로 알아보
WF_0781,watchapedia,film,무례 다아시 오만 엘리자베스 다아시 대하 편견 오만 편견 넘어서 열렬 사랑 고백
WF_0782,watchapedia,film,
WF_0783,watchapedia,film,보다 객체 벗어나 못하 여성 대하 아무렇 시대상 반영 담기 대사
WF_0784,watchapedia,film,가장 사랑 로맨스 영화 모든 장면 애정 오프닝 들판 풍경 하녀 허밍 막내 피아노 연주 끌리 드레스 자락 살짝 의식 영국 영어 발음 무도회 장면 나이틀리 머리
WF_0785,watchapedia,film,클리셰 클리셰 이유 온갖 로맨스 기틀 작품 모든 스토리 예상 가능 재밌 설레 배우 오만 귀족 비주얼
WF_0786,watchapedia,film,장면 하나하나 이쁘 캐릭터 사랑 스럽 다아시 여동생 대하 얼굴 궁금 나이틀리 영국 발음 연기 미모 완벽 이쁘 영화 앞머리 자르 생각 자르 오백 후회 오만 그녀 편견 댓글 그것 영화 가장 설명 방법 생각
WF_0787,watchapedia,film,가지 부모 차치 불편 시대 잘못
WF_0788,watchapedia,film,모든 로맨스 오만 편견 파쿠리
WF_0789,watchapedia,film,다아시 표정 계속
WF_0790,watchapedia,film,설레 편견
WF_0791,watchapedia,film,나이틀리 매튜 맥패디언 벗겨지 이마 때문 장면 호감 목소리 눈빛 애간장 태우 로맨틱 코미디 장르 소소하 웃음 포인트 감독 의도 모르 유머 코드 실실 현대 로맨틱 코미디 정도 재밌 영화 채널 다시 보이 보이 영화 홀로 해리포터 흔하 키스 설레이 두근두근 2020.11.22 넷플
WF_0792,watchapedia,film,원작 제목 알리 오류
WF_0793,watchapedia,film,잔잔 영화 기대 다이나믹 전개 깜짝 놀라 근데 재밌
WF_0794,watchapedia,film,오만 편견 차이
WF_0795,watchapedia,film,사랑 오만 편견 고치 마법
WF_0796,watchapedia,film,성격 사람 연애 생각 가지 영화 다르 사랑 서로 비슷 영화
WF_0797,watchapedia,film,정통 로맨스 가슴 특히 끝없이 내리 빗속 누르 감정 끝내 터트리 장면
WF_0798,watchapedia,film,@Netflix
WF_0799,watchapedia,film,오만 편견 싫어하 감정 관심 조그마 관심 사랑 한순간
WF_0800,watchapedia,film,최종 계속
WF_0801,watchapedia,film,싫어하 좋아하 구분 사랑 기분
WF_0802,watchapedia,film,색감 연출 배우
WF_0803,watchapedia,film,오만 편견 사람 태도 색안경 필요 다이 사랑
WF_0804,watchapedia,film,
WF_0805,watchapedia,film,영화 영화 사랑 스럽 나무 향기 통하 전달 힐링 무비
WF_0806,watchapedia,film,사랑 오만 편견 버리 시작
WF_0807,watchapedia,film,고백
WF_0808,watchapedia,film,10 사랑 빠지 초반 남자 주인공 보이 태도 명백히 오만
WF_0809,watchapedia,film,수줍 서툴 남자 부끄럽 미치
WF_0810,watchapedia,film,1995 시리즈 비하 턱없이 부족 작품 나이틀리 캐리
WF_0811,watchapedia,film,다아시 이발
WF_0812,watchapedia,film,아름답 배경 끔찍 사회 서로 찾아내 마무리
WF_0813,watchapedia,film,원작 영화 디테일 느끼 내용 영상 재현 쾌감 극대 제한 때문 빠르 전개 충분히 이해 영화 디테일 놓치 원래 원작 영화 별로 좋아하 영화 정도 영화 만들 즐거움 나이틀리 찰떡
WF_0814,watchapedia,film,소설 화면 옮기 방법 200507
WF_0815,watchapedia,film,키이라 나이틀리 만만세
WF_0816,watchapedia,film,풍경 흐르 음악 거기 표정 영화
WF_0817,watchapedia,film,원래 결혼 갑자기 별안간
WF_0818,watchapedia,film,다아시 오만 편견 대하 오만 편견 훌륭 아버지 노망 할망구
WF_0819,watchapedia,film,오만 편견 딱딱 디테일 묘사 부드럽 이야기 결말 영화 그림 작품 느낌
WF_0820,watchapedia,film,키이나나이틀리 소녀 사람 반하
WF_0821,watchapedia,film,오만 편견 거두 보이 그것
WF_0822,watchapedia,film,오만 사람 사랑 만들 편견 사람 사랑 만들
WF_0823,watchapedia,film,오해 타이밍 이기 마음
WF_0824,watchapedia,film,관념 편견 가득 아무리 공정 생각 그것 역시 주관 견해 포브스 선정 어쩌 영화 부문 사운드 트랙 아마도 평생 질리 타임 가장 사랑 그녀 영국 배경
WF_0825,watchapedia,film,지금 주제 의식 200 여성 작가 원작 생각 상당히 놀랍 그러 불후 고전 영상 모범 파괴력 부족
WF_0826,watchapedia,film,제목 때문 영화 편견 가지 영화
WF_0827,watchapedia,film,가까이 가까이 다가가
WF_0828,watchapedia,film,10 소설 아버지 사랑 느끼 원작 성심껏 노력 느끼 소설 상상 인물 백합 제인 소년 캐릭터 미스 캐스팅 부모 동생 찰떡
WF_0829,watchapedia,film,원작 소설 오래 작품 불구 아직 공감 로맨스
WF_0830,watchapedia,film,원작 떨리 세련 러브 스토리
WF_0831,watchapedia,film,미스터 다아시
WF_0832,watchapedia,film,들뜨 영화
WF_0833,watchapedia,film,
WF_0834,watchapedia,film,생각 다아시 얼굴 사람
WF_0835,watchapedia,film,소설 따라가 힘들 1700 년대 쓰이 연애 소설 깜찍
WF_0836,watchapedia,film,사랑
WF_0837,watchapedia,film,눈부시
WF_0838,watchapedia,film,심장 찌릿 두근대 영화 오랜만
WF_0839,watchapedia,film,가장 좋아하 작품
WF_0840,watchapedia,film,최고 이버지 행복 눈물
WF_0841,watchapedia,film,계승 아쉽
WF_0842,watchapedia,film,사랑 솔직 19.10.02 23:00
WF_0843,watchapedia,film,감추 감추
WF_0844,watchapedia,film,어리 나이 소설 모르 당대 베스트 셀러 이제야
WF_0845,watchapedia,film,달아나 가깝 떨리 미국판 엔딩
WF_0846,watchapedia,film,영화 좋아하 영화관 텔레비전 나오 여러 왓챠플레이 엉망 번역 사이트 자막 엉망
WF_0847,watchapedia,film,편견 가득 모습 사실 오만 자체
WF_0848,watchapedia,film,엘레강스 단어 어울리 영화 감독 잔잔 소설 이야기 전하 시종일관 맞추 구도 만족 스럽 분위기 조명 필름 화면 마음 주인공 심리 묘사 손동작 설레 가장 차갑 따뜻 표현 대목 사랑 마법 아직 시대 마음 관통 신비 영화 마법 다가오 바라 축배
WF_0849,watchapedia,film,영화 예쁘
WF_0850,watchapedia,film,드라마 시청 나오 이유
WF_0851,watchapedia,film,재밌 영화 영화 후반부 콩깍지 다아시 개존잘 보이
WF_0852,watchapedia,film,잔잔 키스 지루 아름답 영화 채스워스하우스 벌리하우스 윌톤하우스 바실돈 공원 그룸브리지 지역 나중 영국 여행 방문
WF_0853,watchapedia,film,아름답 영상미 어우러지 피아노 선율 배경 음악 사랑 징조 잡아내 디테일 감정 표현 차지 아쉽 다아시 외모 다아시 잘생기 앞머리 빽빽하 영화 오백 재밌
WF_0854,watchapedia,film,너무나 설레 아름답 영화
WF_0855,watchapedia,film,다아시 오만 지우 버리 서툴 로맨티스트 남기
WF_0856,watchapedia,film,감정 드라마 영화 이미 저만치 만족 버리 엘리자베스 위안
WF_0857,watchapedia,film,이야기 전개 필요 스킨십 없이 로맨스 영화
WF_0858,watchapedia,film,다아시 베넷 오만 편견 심하 심심 오만 편견
WF_0859,watchapedia,film,배우 연기력 먼저 감탄 원작 소설 유명 배경 시대극 어투 감정 표현 현대물 미묘 다르 살리 엘리자베스 다아시 대하 편견 버리 과정 다아시 오만 버리 과정 가지 겹치 발생 감정 오만 편견 사랑 만들 드라마 오만 편견 느낌 이거 미국판 엔딩 제발 제발
WF_0860,watchapedia,film,마지막 사랑
WF_0861,watchapedia,film,달달하 귀엽
WF_0862,watchapedia,film,알러뷰 알러뷰 알러뷰 장면 추가 영상 챙기
WF_0863,watchapedia,film,낭만 세계
WF_0864,watchapedia,film,시대 태어나 다행
WF_0865,watchapedia,film,재밌 영화
WF_0866,watchapedia,film,제인 오스틴 때문 영문 진학 사람
WF_0867,watchapedia,film,영국 고전 영화 감성 느끼
WF_0868,watchapedia,film,합리 시대 아름답 감정 살아가
WF_0869,watchapedia,film,완전 이뿌당 히히 콜린 퍼스 다아시 키이라 리즈 조합 흑흑
WF_0870,watchapedia,film,처음 영화 모르 설레 심장 저리 캐릭터 생각 감정 몰입 제목 의미 대하 다시 생각 매력 영화
WF_0871,watchapedia,film,주인공 감정 따라가 다리오 마리아넬리 음악 따라가
WF_0872,watchapedia,film,리즈 언니 고백 안타깝 편견 사람 참사랑 놓치 만들 탁월 오만 생각 은연중 행동 나타나 스스로 왕따 신데렐라 콤플렉스 빠지 자매 때문 엘리자벳 멋지 보이
WF_0873,watchapedia,film,19.02.08
WF_0874,watchapedia,film,으으 자꾸 오만 사람 좋아하 오만 사람 절절 완전히 인소 포인트
WF_0875,watchapedia,film,세상 개인 일반 명사 일반 동사 버리 편견 편견 소중 관계 놓치 슬프 겸손 따뜻 솔직 냉정
WF_0876,watchapedia,film,남주 야성 지나치
WF_0877,watchapedia,film,여주인공 이쁘 자매 모이 장면 주인공 버리 정도 키스 없이 가슴 설레 긴장 감정 처음
WF_0878,watchapedia,film,시대극 영화
WF_0879,watchapedia,film,다르 이해 서로 가지 선입관 오만과 편견 내리 순간 찾아오 진실 사랑 가지 어렵 마음 행동
WF_0880,watchapedia,film,가장 좋아하 소설 오만과 편견 좋아하 소설 만들 영화 더욱 기대 영화 원작 아쉽 부분 영화 영화 특유 따뜻 색감 하나하나 주옥 대사 새벽 힐링 제대로 시키 따뜻 영화
WF_0881,watchapedia,film,엘리자베스 콜린스 결혼 다행 가장 좋아하 장면 다아시 춤추 장면
WF_0882,watchapedia,film,원작 느낌 수작
WF_0883,watchapedia,film,내내 스릴러 마냥 두근거리 멈추 다아시 떨리 온몸 버리 눈빛 설레 인생 로맨스 영화
WF_0884,watchapedia,film,나이틀리 이쁘
WF_0885,watchapedia,film,대화 상대방 대하 편견 지우 오판 시작
WF_0886,watchapedia,film,클래식 영원
WF_0887,watchapedia,film,감정
WF_0888,watchapedia,film,매튜 맥퍼딘 역변 놀랍
WF_0889,watchapedia,film,오래도록 기억 눈빛 진하 떨리
WF_0890,watchapedia,film,내용 지루
WF_0891,watchapedia,film,고져스 오만 사람 사랑 못하 만들 편견 사람 사랑 못하 만들 제목 최고
WF_0892,watchapedia,film,오만 편견 만들
WF_0893,watchapedia,film,오만 사람 대하 편견
WF_0894,watchapedia,film,오만 편견 소설 감성 그대로 녹이 메이드 영화 ❣️ 여러 명작 다아시 변하 모습 괜히 즐겁 ☺️
WF_0895,watchapedia,film,2006 극장 산만 영화 편견 나이틀리 대하 편견 이제
WF_0896,watchapedia,film,고전 로맨스 2018. 11. 6 화요일
WF_0897,watchapedia,film,2009 보이
WF_0898,watchapedia,film,사랑 사랑 만들 자신감 오만 차이 역시 편견 첫인상 차이 완벽 이해 생각 역시 마음 드러나 어렵 2018.10.27
WF_0899,watchapedia,film,장모
WF_0900,watchapedia,film,열렬 사랑
WF_0901,watchapedia,film,20181021 사랑 수많 오해 편견 넘어서 과정
WF_0902,watchapedia,film,오만 편견 치장 겸허 조용 가운데 치솟 로맨스
WF_0903,watchapedia,film,미국판 결말 제발
WF_0904,watchapedia,film,영상미 녹색 배경 그네 여유 서양 저택 인테리어 여주인공 성격 매력 못하 속물 때문 당당 태도 다아시 받아치 열등감 표식 보이 여주인공 엄마 주접 주변 못나 남자 마찬가지 제일 매력 캐릭터 다아시
WF_0905,watchapedia,film,날씨 적절히 이용 영화 마지막 따스 느낌 햇빛 카타르시스 느끼
WF_0906,watchapedia,film,사랑 이유 엘리자베스
WF_0907,watchapedia,film,다아시 수줍 호들갑
WF_0908,watchapedia,film,따뜻 잔잔 햇빛 스며들
WF_0909,watchapedia,film,필요 아름답 풍광 그거 담아내 카메라 워크 캐릭터 소모 알알이 음악 감성 모자라 과하 코미디 키라 나이틀리 매튜 맥파딘 제인 오스틴 영국 버전 미국 버전 엔딩 완전 완벽
WF_0910,watchapedia,film,굉장히 섬세 처음 영화 감독 찾아보 원작 만들 영화
WF_0911,watchapedia,film,가볍 기분 근데 다아시 후반 못생기 느낌 등장 멋있 20180915
WF_0912,watchapedia,film,스탠다드 영상미 고봉 오만 편견 강하 사람 스스로 공감 많이 어쩌면 지금 시점 그런
WF_0913,watchapedia,film,오만 편견 사랑 대하
WF_0914,watchapedia,film,때로 아름답 당당 젊음 불러오 자신감 단면 오만 편견 그러 속단 인하 오만 편견 뒤늦 깨닫 과오 솔직히 고백 용기 사람 지금 연인 생각 작품 생각
WF_0915,watchapedia,film,격정 로맨스
WF_0916,watchapedia,film,워낙 강력 걱정 영화 살리
WF_0917,watchapedia,film,자매 미소 예쁘 따르 사랑 빠지 순간 씁쓸 따르
WF_0918,watchapedia,film,잘생기 별점 마지막 장면 녹아내리 다아시 좋아하 이왕이면 잘생기 배우 사실 나이틀리 연기 미묘 거슬리 근데 색감 연출 아름답
WF_0919,watchapedia,film,눈빛
WF_0920,watchapedia,film,생기
WF_0921,watchapedia,film,명작 모르 교양
WF_0922,watchapedia,film,오만 편견 다시
WF_0923,watchapedia,film,한번 집중 영화
WF_0924,watchapedia,film,마음 절대로 재단 솔직 진심 다하 경청
WF_0925,watchapedia,film,오만 편견 면도날 난도 상처 사이사이 김칫국물 스트림 막장 드라마 생각 존나 그거 작품 고전 세련미
WF_0926,watchapedia,film,오만 편견 사랑 가리 가리 가리 걷히 과정 사랑 스럽 보이
WF_0927,watchapedia,film,신분 집안 사랑 배경 중시 시대 상황 불구 사랑 가장 중요 사랑 의심 만들 오만 편견 사랑 가장 장애물 오만 편견 지우 조건 전혀 장애물
WF_0928,watchapedia,film,콜린 퍼스 드라마 다르 부분 소소하 재밌 어제 별로 생각 오늘 다아시 멋있 느끼
WF_0929,watchapedia,film,가장 오만 편견 심하 사람
WF_0930,watchapedia,film,로맨스 영화 최고 생각
WF_0931,watchapedia,film,편견 사람 사랑 못하 오만 사람 사랑 만들
WF_0932,watchapedia,film,아름답 장면 두고두고 꺼내
WF_0933,watchapedia,film,마지막 장면
WF_0934,watchapedia,film,7.8
WF_0935,watchapedia,film,인생 오만 편견 영화 작품 제인 심상 따라가 풍경 인물 사이 흐르 감정 휩싸이 음악 원작 충실 대사 인물 연기 특히 주연 배우 엄청 설레 눈빛 연기
WF_0936,watchapedia,film,다아르으으으시이이이쨔아아앙
WF_0937,watchapedia,film,만들 로맨스 영화 모든 사람 오만 편견
WF_0938,watchapedia,film,정작 오만 편견 깨닫 부분 원작 집중 조명 아쉽 덕분 엘리자베스 상당히 여자 다아시 무뚝뚝 과묵 남자 비추
WF_0939,watchapedia,film,오만 사람 편견 사랑 만나 깨지 사랑 편견 소용
WF_0940,watchapedia,film,편지 사랑 그녀 편지 사랑 시작
WF_0941,watchapedia,film,고등학교 인물 하나하나 재미있 영화
WF_0942,watchapedia,film,무인도 떨어지 영화 무한 관람 취향 떠나 질리 이야기 할머니 스웨터 제인 오스틴 문체 시종일관 가득 드리우 라이트 이름 어쩜
WF_0943,watchapedia,film,아름답 풍경 다시 감동 전달 영화 아빠 마지막 장면 웃음 감동
WF_0944,watchapedia,film,제목 사랑 신분 중요 서로 사랑
WF_0945,watchapedia,film,그것 오만 편견 새롭 관계 만들
WF_0946,watchapedia,film,다아시
WF_0947,watchapedia,film,어른 위하 신데렐라 영화
WF_0948,watchapedia,film,이거 미국 버전 엔딩
WF_0949,watchapedia,film,글쎄 드라마 영화 사랑
WF_0950,watchapedia,film,오만 편견 마주하 순수 사랑 완성
WF_0951,watchapedia,film,소설 마지막 영화 때문 영화 호흡 가쁘 느끼 흔히 마련 원작 영화 거리감 이질감 그만큼 원작 충실 영화 더불 이름 영상미 키라 나이틀리 빛나 순간
WF_0952,watchapedia,film,느낌 담기
WF_0953,watchapedia,film,편견 없애 모든 과정 사랑
WF_0954,watchapedia,film,오만 편견 물들 장님 진심
WF_0955,watchapedia,film,글쎄 키이라
WF_0956,watchapedia,film,
WF_0957,watchapedia,film,상대 오만 편견 사이 보이 행동 오해 나가 안개 다시 만나 마지막 엘리자베스 아버지 나누 대화 못하 방금 영화 내려지 백스페이스바 누르 다시
WF_0958,watchapedia,film,만들 나이틀리 예쁘 영국 발음
WF_0959,watchapedia,film,좋아하 제인 오스틴 작품 좋아하 오만 편견 느낌 연출 배우 너무나 충족 때문 0.5
WF_0960,watchapedia,film,사랑 바보
WF_0961,watchapedia,film,사랑 명대사
WF_0962,watchapedia,film,낭만 사랑 힘껏 올리 오만 편견 정의
WF_0963,watchapedia,film,이토록 담백하 달달하 로맨스 리지 계속 제인 오스틴 떠오르 그녀 그녀 그리 주인공 해피엔딩
WF_0964,watchapedia,film,다아시 21 세기 꿈같 남자 영국 아름답 풍경 음악 어우러지 설레
WF_0965,watchapedia,film,영화 문학 망치 고치
WF_0966,watchapedia,film,미스터 다이시 싱크 만족 역시
WF_0967,watchapedia,film,빤하 사랑 이야기 단순 개운하 로맨스
WF_0968,watchapedia,film,수행평가 영화 기숙사 밤새 아직 발음 미스터 아시
WF_0969,watchapedia,film,평볌 이야기 깃들 조라이트 마법
WF_0970,watchapedia,film,모든 로맨스 영화 로맨스 소설 시발점
WF_0971,watchapedia,film,운명 얽히 서로 대하 편견 사람 편견 동시 오만 발견 사람 다시 발견 동시 차례 서로 사랑 빠지 사람
WF_0972,watchapedia,film,오만 편견 벗겨지 오롯이 바라보 서로 진심 빛나 사랑
WF_0973,watchapedia,film,남녀 케미스트리 불꽃 타닥타닥 느낌 서로 선입견 호감 동시 가지 싸움 모르 긴장감 풍경 아름답 인물 다아시 이름 발음 특유 영국식 억양 남자 주인공 눈빛 최고
WF_0974,watchapedia,film,다아시 새벽빛 걸어오 리지 생각 당당히 자리 지키 바라보 표정 개인 비커밍제 재밌
WF_0975,watchapedia,film,모르 마음 애쓰 부정 받아들이 감정 확인 감동
WF_0976,watchapedia,film,스토리 채널 돌리
WF_0977,watchapedia,film,주기 생각나 영화 재밌
WF_0978,watchapedia,film,영화 대하 가지 모호 상상 현실 보이 이제 제인 오스틴 오만 편견 떠올리 라이트 오만 편견 장면 소설 구절 대신 떠오르 버리 영화 단순 어렵 초점 맞추 사실 오만 편견 감동 가지 영화 종합 예술 다시 오만과 편견 바라보 만들 행복 수단 특히 다아시 엘리자베스 행동 나오 긴장감 다아시 베넷 방문 서로 얼굴 피하 다아시 엘리자베스 사이 어색 모호 분위기 생생 마음 고조
WF_0979,watchapedia,film,오만 편견 증폭 시대
WF_0980,watchapedia,film,배우 연기 실력 출중 원작 느낌 피아노 소리 예쁘 다운 생각 서로 이마 맞대 모습 근래 영화 가장 감동 서로 다가가 가깝 동시 세상 모습 벅차오르 내면 표현
WF_0981,watchapedia,film,멀리 사랑 이루 츤데레 다아시 당차 여자 엘리자베스 사랑 사람 변하 어떠 장애물 뛰어넘 가지 사랑 위대 예쁘 나오 부드럽 잔잔 영화 배경 어울리
WF_0982,watchapedia,film,유한 정보 때로 오만 편견 사로잡히
WF_0983,watchapedia,film,이르 오후 잔잔 호수 내려앉 햇빛 눈부시 반짝이 감정 섬세 물결
WF_0984,watchapedia,film,역시 장면 예쁘 좋아하 배경 소품 가구
WF_0985,watchapedia,film,센스앤센서빌리티랑 헷갈리 19 세기 영국 제인오스틴
WF_0986,watchapedia,film,편견 사람 사랑 못하 오만 사람 사랑 만들
WF_0987,watchapedia,film,마법 걸리 사랑 사랑 영원히
WF_0988,watchapedia,film,한계 잘못 이제 사랑
WF_0989,watchapedia,film,선입견 대하 남자 진실 노력 발하
WF_0990,watchapedia,film,편견 사람 사랑 못하 오만 사람 사랑 만들
WF_0991,watchapedia,film,마지막 아버지 감동 영화 내내 드러내 감정 터트리 감정 확실 건들 무뚝뚝 진정 사랑 아버지 모습 인상
WF_0992,watchapedia,film,세상 수많 오만 편견 진정 사랑 구석
WF_0993,watchapedia,film,바라보 그녀 너무나 예쁘 다아시 처연 영화 완성
WF_0994,watchapedia,film,생애 모습 비추 고통 환희 순간 서로 의하 내면 비추 진정 기적 사랑
WF_0995,watchapedia,film,없이 따라가 영화 영화 아름답
WF_0996,watchapedia,film,어제 티비 다시 역시 오만 편견
WF_0997,watchapedia,film,오만 사람 사랑 만들 편견 사람 사랑 못하
WF_0998,watchapedia,film,지루 느끼 추천 다시 고백 장면 돌리
WF_0999,watchapedia,film,가장 사랑 소설 충분
WF_1000,watchapedia,film,인생 영화
WF_1001,watchapedia,film,설레
WF_1002,watchapedia,film,시작점 스스로 객관 위하 주관 평가 기준 평가 전문가 개인 평가 취향 가장 평가 기준 10 평가 취향 작품성 오락성 몰입 연출 연기 미술 음악
WF_1003,watchapedia,film,나이틀리 연기 승화
WF_1004,watchapedia,film,굉장히 좋아하 영화 엘리자베스 보이 감독 영상미 딱히 아름답 보이 키이라 나이틀리 기대 미스터 다아시
WF_1005,watchapedia,film,오만 사람 사랑 못하 편견 사람 사랑 못하
WF_1006,watchapedia,film,청소년기 작품 이름 기억나 엘리자베스 친구 이해 영화 졸업
WF_1007,watchapedia,film,매튜 맥퍼딘 눈빛
WF_1008,watchapedia,film,굴레 던지
WF_1009,watchapedia,film,번째 추가 풍광 잔잔 피아노 선율 센스앤센서빌 다시 오스틴 자매 흡사 응접실 셰익스피어 이어받 다아시 생각 엄청 부드럽 묘사
WF_1010,watchapedia,film,영화 영화 배경 음악 분위기 아름답 모르 눈물 맺히 심장 두근거리 2024 01 25 감상
WF_1011,watchapedia,film,제목 무겁 의외로 경쾌 영화
WF_1012,watchapedia,film,나이틀리 매력 영국 고풍 스럽 모습 표현 들어오 다아시 마지막 고백 멘트 테이크 댄스 파티 장면 인상 어쩜 그리
WF_1013,watchapedia,film,그야말로 평범 자체
WF_1014,watchapedia,film,원작
WF_1015,watchapedia,film,뛰어나 영상미 배우 연기력 감명 함축 대사 인간 오만 편견 원작 약하
WF_1016,watchapedia,film,오만 수용 편견 무너지 과정 향연
WF_1017,watchapedia,film,품격 소설 옮기 괜히 뒤척이
WF_1018,watchapedia,film,남자 오만 여자 편견 오만 편견 제목 키스 어렵 기도 만들 고전 어쩌 선택 순종 여자 캐릭터 지금 시대
WF_1019,watchapedia,film,오만 편견 탈피 사랑 동경 도저히
WF_1020,watchapedia,film,학생 지루 재미없 내용 성인 너무나 재밌 요소 영화 감성 변하 감상 2020 작성
WF_1021,watchapedia,film,오만 편견 극복 보이
WF_1022,watchapedia,film,소설 소설 원작 영화 지향
WF_1023,watchapedia,film,고전 신데렐라 이야기 웬지 모르 끌리 마력 영화 목소리 달콤
WF_1024,watchapedia,film,원작 충실 재현
WF_1025,watchapedia,film,마음 지나 말씀 대하 마음 변하 그치만 마디 영원히 다물 마음 달라지 말씀 드리 영혼 매료 하루 헤어지
WF_1026,watchapedia,film,헝거 게임 조한나 스노우 대통령 역할 배우 등장 반갑 매력 느끼 배경 아름답 자극 내용 없이 잔잔히 흘러가 키스 없이 다아시 리지 이마 키스 마음 나누 인상
WF_1027,watchapedia,film,대화 항상 의외 방향 나가 버리 좋아하 때문 알리 간단히 사랑 무진기행 김승옥
WF_1028,watchapedia,film,인생 영화 원점 구실 영화 즐겁 외롭 심심 선택 영화 돌아오 따뜻 색감 고전 분위기 감성 사운드 트랙 다아시 엘리자베스 언제나 최고 선택 적어도 10 영화
WF_1029,watchapedia,film,원작 그거 메우 영상미 음악 즐겁
WF_1030,watchapedia,film,흑흑 버전 표준 오만 편견
WF_1031,watchapedia,film,영국 발음 멋지 생각 셜록 오만 편견 영국 발음 멋지 생각 영상미 만들 매력
WF_1032,watchapedia,film,영화 완벽 영화 나이틀리 매력 영화 통하 다아시 처음 실망 정도 잘생기 보이
WF_1033,watchapedia,film,결혼 사람 외모 성격 비슷 부분 끌리 내용 진실 사랑 대하 다루 영화
WF_1034,watchapedia,film,오랜만 가슴 로맨스 과하 설레 중세 시대 태어나
WF_1035,watchapedia,film,명작 가지 은은 설레 미묘 감정 녹아들
WF_1036,watchapedia,film,시종일관 리지 애틋 바라보 다아시
WF_1037,watchapedia,film,오만 편견 강하 사랑
WF_1038,watchapedia,film,오만 편견 사랑 아무것
WF_1039,watchapedia,film,비커밍 제인 제인 아버지 가난 영혼 갉아먹 소설 알아듣
WF_1040,watchapedia,film,아름답 원작 먼저 바라 영화 느끼 못하 아름답 여운 심리 묘사 캐릭터 개성 만나
WF_1041,watchapedia,film,인생 영화
WF_1042,watchapedia,film,사랑 빠지 바보 오만 편견 내리 바보 행운 따르 지점 세기 지나 변하 사랑 정석
WF_1043,watchapedia,film,손동작 사랑 빠지 모습 ❤️
WF_1044,watchapedia,film,크으 마지막 장면 초반 영국 상류 따분 걱정 인생 이야기 미스터 다아시 매력 성품 아직 다아시 부르 목소리 들리
WF_1045,watchapedia,film,미스터 다아
WF_1046,watchapedia,film,간만에 로맨스 발견 제목 오만 편견 서로 오해 인하 나쁘 판단 서로 진심 사랑 애정 없이 너무나 설레
WF_1047,watchapedia,film,키이라 나이틀리 이쁘 초반 부정 교합 신경 쓰이 눈빛 빠지 버리 사람 지루 고전 생각 나중 미루 미루 억울 영상미 잔잔 설레 안기 영화
WF_1048,watchapedia,film,완벽 로맨스
WF_1049,watchapedia,film,고상 신데렐라 이야기
WF_1050,watchapedia,film,일출 스미 사랑 모습 자체 지금 생생
WF_1051,watchapedia,film,다아시 상상 여러 가지 약하 소설 그리 무궁무진 스토리 라인 흥미거리 다아시 엘리자베스 섬세 갈등 수많 변화 통으로 넘어가 넘어가 내내 실망 아쉽 워낙에 오만 편견 사랑 엘리자베스 다아시 러브 스토리 함축 그리 사랑 아쉽 사랑 다아시 최고 사랑 남정 캐릭터
WF_1052,watchapedia,film,아름답 사랑 스럽 그지없
WF_1053,watchapedia,film,사랑 단어 수채화
WF_1054,watchapedia,film,다아시 오만 엘리자벳 편견 사랑 느끼 순간 벗겨지 그제서야 깨닫 상상 영국 고전 영화 모든 덕목 갖추 영화
WF_1055,watchapedia,film,영화 로맨스 영화 감정 중요 영화 제대로 재료 맛보 제약 영화 단점 느끼
WF_1056,watchapedia,film,불순 감정 감히 섞이 순수 자체 기억 오만 편견
WF_1057,watchapedia,film,교과서 짜이 내용 전개 움찔
WF_1058,watchapedia,film,미술 예술 나위 없이
WF_1059,watchapedia,film,키이라 사랑 스럽 감상 집중력 떨어지 안타깝 분위기 빠지
WF_1060,watchapedia,film,소설 원작 영화 최고 마지막 미세스 다아시 이제 로맨스 영화 최고 달달하 엔딩 다아시
WF_1061,watchapedia,film,사람 감정 미묘 복잡 너무나 아름답 이야기
WF_1062,watchapedia,film,풍경
WF_1063,watchapedia,film,원작 섬세 그대로
WF_1064,watchapedia,film,오만 사랑 편견 사랑
WF_1065,watchapedia,film,보이
WF_1066,watchapedia,film,완벽 조화
WF_1067,watchapedia,film,잔잔 설레 이야기
WF_1068,watchapedia,film,오만 편견 버전 좋아하 버전 가장 좋아하 아쉽 영화 아무리 나이틀리 리지 보이 그녀 내밀 연기 때문 몰입
WF_1069,watchapedia,film,사랑 만들 오만 사랑 만들 편견
WF_1070,watchapedia,film,나이틀리 갈색 들판 장면 보이 사랑 영화
WF_1071,watchapedia,film,제일 좋아하 소설 오만 편견 한창 좋아하 드라마 영화 당시 다아시 콜린 퍼스 엘리자베스 나이틀리 좋아하 생각 영화 시작 한창 라이트 영화 빠지 오랜만 어톤먼 부들부들
WF_1072,watchapedia,film,제인 오스틴 작품 나중 회고 영화
WF_1073,watchapedia,film,주연 배우 유명 명대사
WF_1074,watchapedia,film,대하 편견 가지 사람 바람직 행동
WF_1075,watchapedia,film,
WF_1076,watchapedia,film,섬세 긴장감
WF_1077,watchapedia,film,편견 사람 사랑 못하 오만 사람 사랑 못하 제인 오스틴 오만 편견 메모 이제야
WF_1078,watchapedia,film,
WF_1079,watchapedia,film,오만 사람 사랑 만들 편견 사람 사랑 만들 제인 이야기 비커밍 제인 제인 이야기 오만과 편견
WF_1080,watchapedia,film,20 모든 완벽 영화 아름답 배경 때문 항상 여행 생각
WF_1081,watchapedia,film,원작 활화산 우아 순수 엄청나 뿜어내 키이라 나이틀리 완벽 매료 영화
WF_1082,watchapedia,film,소통 노력 비극 엇갈리 오해 위하 다가가 안개 걸어오 다아시
WF_1083,watchapedia,film,영화 유일 작품 노래 영상미 연기 발음 완벽
WF_1084,watchapedia,film,원작 간과 원작 영화 무조건
WF_1085,watchapedia,film,오만 내려놓 솔직 어쩌 모르 다이시도 리지 다이시 눈빛 새벽 멀리 걸어오 다이시도 이쁘 영상미 키이라 나이틀리도 미국판 엔딩
WF_1086,watchapedia,film,멋지 대사 예쁘 화면
WF_1087,watchapedia,film,깨알 유머 배우 나오 흐뭇
WF_1088,watchapedia,film,원작 이미지 살리 템포 연출
WF_1089,watchapedia,film,편견 지금 영화 미루 오만 영화 대하 생각
WF_1090,watchapedia,film,서툴 간질간질 느낌
WF_1091,watchapedia,film,오만 사람 사랑 만들 편견 사람 사랑 못하
WF_1092,watchapedia,film,사랑
WF_1093,watchapedia,film,영화 드라마 드라마 소설
WF_1094,watchapedia,film,사람 소설 영화 영화 소설 이유 상상력 다양 오차 범위 줄이 오만 편견 오차 단어 애매 다르 때문
WF_1095,watchapedia,film,처음 찌릿 펼치 장면 영화 내내 느끼 설레이 함축 보이
WF_1096,watchapedia,film,키애라나이틀리
WF_1097,watchapedia,film,싸우 귀엽
WF_1098,watchapedia,film,
WF_1099,watchapedia,film,새벽 공기 가르 그녀 걸어오 다아시 가만히 맞잡 엘리자베스 그녀 아끼 아버지 기쁨 슬픔 교차 눈물
WF_1100,watchapedia,film,추천 순위 영화
WF_1101,watchapedia,film,
WF_1102,watchapedia,film,원작 뺨치 유일 영화 다아시 움찔 장면 모든 여자 설레 충분
WF_1103,watchapedia,film,키이라 나이틀리 영화 언제나
WF_1104,watchapedia,film,솔직히 별로 현재 관점 남자 해결 영화 의미
WF_1105,watchapedia,film,바보 숨기 상처 후회 사랑 빠지
WF_1106,watchapedia,film,오만 편견 갇히 모습
WF_1107,watchapedia,film,다아시 무뚝뚝 다정 못하 여자 당연히 다아시 매력 풍덩
WF_1108,watchapedia,film,아름다움
WF_1109,watchapedia,film,몇몇 사람 모조리 성격 쓰레기 파탄자 재미 영화
WF_1110,watchapedia,film,명작
WF_1111,watchapedia,film,영화 재밌
WF_1112,watchapedia,film,엘리자베스 자체 키이라 나이틀리
WF_1113,watchapedia,film,사랑 사람 위하 남자 오만 버리 여자 편견 버리
WF_1114,watchapedia,film,악평 비긴 어게인 다시 악평
WF_1115,watchapedia,film,사랑 이야기 실상 영화 딱히 특별 장면 빠져들 영화 처음 신기
WF_1116,watchapedia,film,로맨스 나이틀리 섹시 눈빛 매료 영화
WF_1117,watchapedia,film,감동 매튜 맥파든 이마
WF_1118,watchapedia,film,제인 오스틴 작가 재밌 영화 나름 구성
WF_1119,watchapedia,film,섬세 로맨스 표현 제일 어울리
WF_1120,watchapedia,film,라이트 아카데미 노미네이트
WF_1121,watchapedia,film,좋아하 영화 내용 많이 살리 좋아하 영화 그런 캐스팅 제인 엘리자베스 이쁘
WF_1122,watchapedia,film,이틀 설레 허덕이
WF_1123,watchapedia,film,이거 미국판 대신 영화 끝나 극심 솔로 염장 인하
WF_1124,watchapedia,film,감정 휘황찬란 향연
WF_1125,watchapedia,film,사람 사랑 스럽 나이틀리 아름답
WF_1126,watchapedia,film,제인 오스틴 틀림없이
WF_1127,watchapedia,film,귀엽 커플 영국 영화 예쁘 풍경 내용 스토리 전개 만족 스럽 영화
WF_1128,watchapedia,film,소설 예쁘 그리 느낌
WF_1129,watchapedia,film,고전 언제나 이기
WF_1130,watchapedia,film,아름답 엘리자베스
WF_1131,watchapedia,film,신데렐라 이야기 대하 편견 오만 아름답 신데렐라 스토리 사랑 스럽 신데렐라
WF_1132,watchapedia,film,다아시 사랑
WF_1133,watchapedia,film,리지 19 세기 최고 뇌섹녀 러닝 타임 내내 리지 부러지 면모 사로잡
WF_1134,watchapedia,film,드디어 시험 기간 모르 코멘트 개월 지나 영상미 음악 배우 몸짓 하나하나 곱씹 문득 영화 풍경 엘리자베스 날리 치맛자락 생각나 배경 음악 티비 채널 돌리 마주치 그대로 만들 영화 영화 모든
WF_1135,watchapedia,film,
WF_1136,watchapedia,film,라이트 여심
WF_1137,watchapedia,film,제인 오스틴 소설 화사 섬세 연출 담아내
WF_1138,watchapedia,film,재밌 오만과 편견 조라이트 만나 이쁘 상상 따뜻 느낌 옮기 느낌
WF_1139,watchapedia,film,영상 음악 연출 영화
WF_1140,watchapedia,film,오만 사람 사랑 못하 만들 편견 사람 사랑 못하 만들
WF_1141,watchapedia,film,영화 완벽히 이해 완벽 속물 진하 사랑
WF_1142,watchapedia,film,다아시 콜린 퍼스 어울리
WF_1143,watchapedia,film,재미있 아름답
WF_1144,watchapedia,film,처음 영문학 강연 챕터 해석 교수 얼굴 떠오르 흥분 영화 감정 이해 만점 충분하 척도
WF_1145,watchapedia,film,처음 엘리자베스 다아시 감정 영화 곳곳 감정
WF_1146,watchapedia,film,오만 사람 사랑 만들 편견 사람 사랑 못하 만들 남자 거만 어리석 사로잡히 존재 다정 남자 변덕 스럽 진심 털끝
WF_1147,watchapedia,film,이르 아침 멀리 걸어오 미스터 다아시
WF_1148,watchapedia,film,빠르 전개 아쉽 담아내 어쩌 재밌
WF_1149,watchapedia,film,원작 영화
WF_1150,watchapedia,film,가장 좋아하 영화 오만 편견 대답
WF_1151,watchapedia,film,시대 배경 생각 요런 로맨스 형식 느낌 키스 없이 지루 흐르 여자 좋아하 영화 예쁘
WF_1152,watchapedia,film,인간 아름답 사랑 아름답
WF_1153,watchapedia,film,여자 감성 건드리 영화 매튜 맥퍼딘 마성 목소리 여귀 채우 나이틀리 수수 웃음 허허허 겸허 사랑
WF_1154,watchapedia,film,오만과 편견 한끗차이 근데 결혼 안달 귀신
WF_1155,watchapedia,film,처음 남자 오만 여자 편견 주변 방해 남녀 운명 방해 사랑 모든 이기 제인 오스틴
WF_1156,watchapedia,film,요즘 순수 용기 사람 만나
WF_1157,watchapedia,film,사랑 영화 아름답 영상 잔잔 분위기 다시
WF_1158,watchapedia,film,오만 사람 사랑 편견 가지 사람 사랑
WF_1159,watchapedia,film,영화 오만 편견 가득 세상 녹아들 거부
WF_1160,watchapedia,film,키이라 나이틀리 예쁘
WF_1161,watchapedia,film,여자 캐릭터 솔직히 재수 남자 캐릭터 성격 근데 남자 캐릭터 재수
WF_1162,watchapedia,film,최고 2014 영화 최고 마지막 아버지 펑펑
WF_1163,watchapedia,film,명작 10 족히 다시 영화 키이라 나이틀리 완전 매료
WF_1164,watchapedia,film,제인 오스틴 흡족
WF_1165,watchapedia,film,사랑 바보 오해 멋대로 판단 편견 진심 전하 어렵 천생연분 만나 아름답 거기 영상미 음악 아름답 로맨스
WF_1166,watchapedia,film,감정 표현
WF_1167,watchapedia,film,멜로 좋아하 엘리자베스 너무나 사랑 스럽 다아시 감미 내내 가슴 쿵쿵 근데 걸리 인물 머리 쥐어뜯 비밀
WF_1168,watchapedia,film,마지막 장면 재회 아름답
WF_1169,watchapedia,film,표면 스토리 재벌남 도도녀 진부 러브 스토리 명작 명작 이유 이유
WF_1170,watchapedia,film,남자 주인공 눈빛 연기 이미 빠지 영화
WF_1171,watchapedia,film,그녀 다아시 심장 대체
WF_1172,watchapedia,film,조용 임펙트 분위기 서서히 빠지 다시 오만 그것 편견 메리 키티 원하 젊은이 들어오 지금 기분 최고
WF_1173,watchapedia,film,빠지 다아시 영국 특유 서정 분위기 고전 스토리 아름답 작품 두껍 원작 영화
WF_1174,watchapedia,film,글쎄요 기대 평가 동의
WF_1175,watchapedia,film,
WF_1176,watchapedia,film,나쁘
WF_1177,watchapedia,film,군더더기 클래식
WF_1178,watchapedia,film,오만과 편견 다아시 마쵸 매력 많이 부족 영화 매력 다운
WF_1179,watchapedia,film,이마 괜찮 상관 광활 마빡 넓이 사랑 미스터 다아시
WF_1180,watchapedia,film,너무나 달달하 사랑 스럽 영화 다아시 설레 그런 디테일 배경 연출 다시 소설책
WF_1181,watchapedia,film,라이트 감독 섬세 우아 연출 배경 사운드 참으로 아름답 특히 나이틀리
WF_1182,watchapedia,film,행동 진심 고백 감동 한결같이 최고
WF_1183,watchapedia,film,시대 다르 정감 들여다보
WF_1184,watchapedia,film,내용 순간 설레이 이기 영화
WF_1185,watchapedia,film,여주인공 역할 배우 원작 묘사 모습 유사 다아시
WF_1186,watchapedia,film,수없이 상상 엘리자베스 모습 완벽 맞아떨어지 캐스팅 행복 작품
WF_1187,watchapedia,film,비슷 느낌
WF_1188,watchapedia,film,인생 최고 영화 영화 이거 중학 10 정도 지금 아이팟 컴퓨터 노트북 모든 상주 아무
WF_1189,watchapedia,film,고전 예쁘 나이틀리 보다 완전 야성 넘치 달시
WF_1190,watchapedia,film,제목 완벽 소설 따르 무리 영화
WF_1191,watchapedia,film,화면 빠지 만들 이쁘 영화
WF_1192,watchapedia,film,나이틀리 사랑
WF_1193,watchapedia,film,분위기 빨리 들어가 영화 오만 편견 흔히 일어나 사람 관계
WF_1194,watchapedia,film,영화 명작 스무 영화 완전 최고 배우 눈빛 제스처 하나하나 의미 새롭 발견
WF_1195,watchapedia,film,배경 손짓 눈빛 모든 완벽 영화 지겹
WF_1196,watchapedia,film,그녀 부럽
WF_1197,watchapedia,film,원작 캐릭터 전개도 빠르
WF_1198,watchapedia,film,최고 로맨스 영화
WF_1199,watchapedia,film,최고 영화
WF_1200,watchapedia,film,영혼 매료 영화
WF_1201,watchapedia,film,마지막 아버지 눈물 섞이 웃음 최고 결말 다시 제목 온몸 들어오 여주 모습 이쁘
WF_1202,watchapedia,film,인생 영화 라이트 감독 햇살 카메라 색감 행복 키이 나이틀리 수줍 당차 억양
WF_1203,watchapedia,film,원작 안일 패기
WF_1204,watchapedia,film,고전 문학 영화 본전 영화 다행히 본전
WF_1205,watchapedia,film,오만 편견
WF_1206,watchapedia,film,티비 나오 다시 영화
WF_1207,watchapedia,film,나이틀리 아름답 영상 노래 감정 도저히 설득 힘들
WF_1208,watchapedia,film,원작 내용 부족 삭제 내용 무척 아쉽
WF_1209,watchapedia,film,오만 편견 현대 해석 예뽀예뽀
WF_1210,watchapedia,film,생각 대로 섬세 드라마틱
WF_1211,watchapedia,film,오해 기다리 용기 믿음 사랑 너무나 진중 이기 모르 극복 청춘 남녀
WF_1212,watchapedia,film,나쁘 다아시 내면 연기 섬세 아쉬움
WF_1213,watchapedia,film,남녀 오묘 설레이 도대체 질리
WF_1214,watchapedia,film,소설 모르 영화 나오 등장인물 성격 대사 화면 나무라
WF_1215,watchapedia,film,나이틀리 매력 완전 포스터 이미지 다르 영화 살짝 지루
WF_1216,watchapedia,film,4.5
WF_1217,watchapedia,film,영화 조라이트 감독 배우키이라나이틀리 서정 느낌 배우 연기 인상
WF_1218,watchapedia,film,영화 내내 이러 정도 두근거리 영화
WF_1219,watchapedia,film,나쁘 오만 편견 아직 접하 사람 영화 콜린 퍼스 주연 추천
WF_1220,watchapedia,film,감성 자극 섬세하 연출 배역 훌륭 소화 남여 박수
WF_1221,watchapedia,film,산뜻 엘리자베스 다아시
WF_1222,watchapedia,film,처음 재밌 수업 때문 다시 빠지 재밌 고전 매력 듬뿍 묻어나 진정 느끼 영화
WF_1223,watchapedia,film,오우 영화 모든 움직임 쉬이 연락 사랑 간절 여운 남기 귓가 맴맴
WF_1224,watchapedia,film,키아라 나이틀리 다시
WF_1225,watchapedia,film,질리 영화 배경 아름답
WF_1226,watchapedia,film,추천 만들 영화 원작 출중 스토리 영국 전원 풍경 당대 스타일 인물 캐릭터 사건 구조 드라마틱 설레
WF_1227,watchapedia,film,
WF_1228,watchapedia,film,가장 좋아하 영화 미처 담아내 못하 오만 편견 특유 풍자 아쉽
WF_1229,watchapedia,film,인생 베스트 영화 영화
WF_1230,watchapedia,film,생애 최고 진하 감성 자극 영화
WF_1231,watchapedia,film,오만 남자 편견 가득 여자
WF_1232,watchapedia,film,배경 미치 듯이 예쁘 캐스팅
WF_1233,watchapedia,film,버전 오만 편견 가장
WF_1234,watchapedia,film,인생 최고 영화 마차
WF_1235,watchapedia,film,최고 영화 좋아하 스타
WF_1236,watchapedia,film,몇몇 장면 아름답 다아시 눈빛
WF_1237,watchapedia,film,매튜 맥파든 매력
WF_1238,watchapedia,film,영상미 감독 오만 오리지날 텍스트 대하 감독 편견 산물
WF_1239,watchapedia,film,비하 영화 그닥
WF_1240,watchapedia,film,감정 표현 영화 섬세 감정 묘사
WF_1241,watchapedia,film,대하 오만 다아시 대하 편견 생각 생각 그런 오만 지니 리지 그녀 집안 외부 편견 다아시
WF_1242,watchapedia,film,소녀 감성 여자 바라 진정 로망 과격 키스 만족
WF_1243,watchapedia,film,지루 은근히 감성 영화
WF_1244,watchapedia,film,이거 드라마
WF_1245,watchapedia,film,사랑 강하 진정 사랑 쓸데없 자존심 편견 그것 이기 영화 가득 사실 모든 가득 오만 편견 사랑 방해 세상 망치 생각 행하 행동 사실 부러 판단 진위 진위 행동 오만 행동 실수
WF_1246,watchapedia,film,8/10
WF_1247,watchapedia,film,신데렐라 엔딩 남녀 이루 사랑 알차 전개
WF_1248,watchapedia,film,가장 로맨스 풍부 요소
WF_1249,watchapedia,film,은유 메시지 미쟝센 풀어내
WF_1250,watchapedia,film,싸우 싸우
WF_1251,watchapedia,film,영화 먼저 영화 나이틀리 주인공 어울리
WF_1252,watchapedia,film,
WF_1253,watchapedia,film,나이틀리 아름답 다아시 보이 오만과 편견 유구 좋아하 고전 리지 키이라 찰떡 내내 행복
WF_1254,watchapedia,film,원작 만들 영화
WF_1255,watchapedia,film,사랑 오만 편견 필요없
WF_1256,watchapedia,film,사랑 받아들이
WF_1257,watchapedia,film,워킹 타이틀 사훈 자연 스럽 여유
WF_1258,watchapedia,film,제인 오스틴 천재 1813 이야기
WF_1259,watchapedia,film,노을 갈대밭 심장 감동
WF_1260,watchapedia,film,개연
WF_1261,watchapedia,film,시대 남녀 보이 영상미 내용
WF_1262,watchapedia,film,키이라 에바 예쁘 영상미 예쁘 대사 예쁘
WF_1263,watchapedia,film,영화 등극 고전 명작 음악 맞추 내려가 장면 가득 세상 콩나물 담담 영화
WF_1264,watchapedia,film,최고
WF_1265,watchapedia,film,사람 영화 오만과 편견 정의 생각 슬프 입체 빛나 인물 성격 너무나 몇몇 전형 변하 러닝 타임 때문 각색 부분 소설 느끼 작가 의도 굉장히 상반 방향 바뀌 가지 지점 제일 아쉽 부분 영화 통하 제목 무게 전혀 많이 접하 신데렐라 스토리 반복 느끼
WF_1266,watchapedia,film,나이틀리 엘리자베스 다아시 연애 소질 머리 맞대 청혼 연습 웃기
WF_1267,watchapedia,film,24.04.15 하차 기억 못생기 근데 오만 편견 덕후 다시 시도 재밌 사람 해석 재밌 싸우 장면 제일 엘리자베스 캐릭터 당당 모습 원작 소설 다시
WF_1268,watchapedia,film,고전
WF_1269,watchapedia,film,라이트 섬세
WF_1270,watchapedia,film,다르 오만 편견 쉽사리 해소 영화 해소 기회 깨달음 이미 지나 버리 현생 서로 바라 상처 지금 다르
WF_1271,watchapedia,film,레전드 영화
WF_1272,watchapedia,film,제목 영화
WF_1273,watchapedia,film,인간 단면 사용 영화 인간 입체 드러나
WF_1274,watchapedia,film,시선
WF_1275,watchapedia,film,대부분 인간 오만
WF_1276,watchapedia,film,오스틴 랜드 소설 캐릭터 다아시 빠지 제인 궁금 자연 스럽 넘어오 빠지 멋있 다아시 흔하 키스 충분히 달달하 영화 원래 제일 재미있 첫인상
WF_1277,watchapedia,film,이거 영화감독
WF_1278,watchapedia,film,로맨스 연애 기분
WF_1279,watchapedia,film,오만 편견 시작 끝끝내 사랑
WF_1280,watchapedia,film,어리 로맨스 영화 다행 나이 명작 영화
WF_1281,watchapedia,film,제목 아버지
WF_1282,watchapedia,film,오만 편견 대하 철학 고찰 영화 부잣집 성공 스토리 천방지축 가족 이끌 아버지 현명 처사 인상
WF_1283,watchapedia,film,클리셰 근본 다르
WF_1284,watchapedia,film,영상미 배경 깔리 피아노곡 아름답 영화
WF_1285,watchapedia,film,순간 항상 눈빛 여주 향하 모습 사랑 빠지 설레 오해 쌓이 편견 생기 불구 오해 과정 진실 두텁 사랑 만들
WF_1286,watchapedia,film,조아하네
WF_1287,watchapedia,film,오래 작품 불구 스럽
WF_1288,watchapedia,film,가장 오만 편견 가지 사실
WF_1289,watchapedia,film,미루 이제
WF_1290,watchapedia,film,오만 편견 사랑 공존
WF_1291,watchapedia,film,사람 나쁘 사람 세상 종류 나누 좋아하 성급 사람 종류 나누 성급 판단 인연 놓치 판단 공표 보류 흐르 판단 틀리 생각 조용히 마음 칠판 수정
WF_1292,watchapedia,film,가슴 벅차오르
WF_1293,watchapedia,film,마음 안정 영화 색감 풍경 배우 연기 스토리 완벽히 취향 덕분 가치관 가지 영화 명장면 다아시 고백 장면 서로 혐오 다아시 사랑 빠지 리즈 싫어하 의식 끌리 보이 나중 남편 생기 영화 사람 영화 좋아하 사람
WF_1294,watchapedia,film,2024.02. 원래 영화 좋아하 생각 재밌 편견 가지 부분 생각 반성 아버지 최고 아버지 엄마 노력
WF_1295,watchapedia,film,고전 사랑 제일 재밌
WF_1296,watchapedia,film,제인 오스틴
WF_1297,watchapedia,film,나이틀리 굉장 호소력 엉성 전개
WF_1298,watchapedia,film,시대 고증을 잘못했다는 평이 있긴 하지만 정확한 의복이나 문화를 알지 못하는 입장에서는 꽤나 괜찮았다 유명 소설을 토대로 만든 영화라 그런지 기대 그녀의 오묘한 매력에 빠져
WF_1299,watchapedia,film,세상 오해
WF_1300,watchapedia,film,20 처음 보다 30 다시 미스터 다아시 빠지 여름 생각나 영화
WF_1301,watchapedia,film,2024 일요일
WF_1302,watchapedia,film,
WF_1303,watchapedia,film,작은아씨들가트 엘리자베스 다아시 통하 여자 남자 심리
WF_1304,watchapedia,film,고전 클리셰 처음 모르 재밌 그리구 계속 명작 내려오 오만 편견 제목 너무나 아름답
WF_1305,watchapedia,film,미스터 다아시 다아시 빗속 사랑 고백 다아시 모습 사랑 잠식 엘리자베스 눈빛 기억 영화 남자 오만 여자 편견 종국 사랑 스럽 보이 지경 사랑 오만 편견 사로잡히
WF_1306,watchapedia,film,다아시 오만 리지 편견 나중 리지 아빠
WF_1307,watchapedia,film,모든 표현 마음 뭉클 그거
WF_1308,watchapedia,film,존재
WF_1309,watchapedia,film,폭력 보이 다아시 사랑 고백 다시 영화 심장 모든 리지 절벽 나오 브금 눈물
WF_1310,watchapedia,film,87
WF_1311,watchapedia,film,불변 최애영화
WF_1312,watchapedia,film,제목 그대로 담아내 고전 마지막 장면 가장 오만 깨닫
WF_1313,watchapedia,film,240213 이리 재밌 벅차오르 특히 연기 절정
WF_1314,watchapedia,film,쿠플 너플
WF_1315,watchapedia,film,관념 편견 가득 아무리 공정 생각 그것 역시 주관 견해
WF_1316,watchapedia,film,오만 편견 그녀 나오 나오
WF_1317,watchapedia,film,아유 답답 갈증 해소 여주 모습 아름답
WF_1318,watchapedia,film,오만 편견 안개 진정 사랑 햇빛 걷히
WF_1319,watchapedia,film,녀석 결혼 다시
WF_1320,watchapedia,film,정석 로맨스
WF_1321,watchapedia,film,로맨스 영화 편견 엔딩 가치 충분
WF_1322,watchapedia,film,취향 문제 모르 아름답 풍광 배우 열연 기억
WF_1323,watchapedia,film,미묘 복잡 감정 흐름 재미 언제나 쏠쏠하
WF_1324,watchapedia,film,멸치 다시
WF_1325,watchapedia,film,정확히 영어 대사 외우 갓벽 작품
WF_1326,watchapedia,film,다아시 싸움
WF_1327,watchapedia,film,일요일 진주 특별 여신 가장 기쁘 완벽 정도 행복 다아시 부인 부르
WF_1328,watchapedia,film,처음 서로 싫어하 사랑 버리 로맨스
WF_1329,watchapedia,film,오만 남자 편견 가득 여자 만남 서로 오해 끌리 이어지 갖은 사건 오해 풀리 한편 서로 한층 성장 사랑
WF_1330,watchapedia,film,스토리 간단 연출 감탄
WF_1331,watchapedia,film,나이틀리 연기 정교 아름답 미술 베넷 가족 쏟아지 라이트 따뜻 시선 영화 베넷 부인 사랑 스럽 때문 스무 관람 타임 넘버 영화
WF_1332,watchapedia,film,오만 그녀 편견 무너지 서로 매력 영화 전체 감싸
WF_1333,watchapedia,film,
WF_1334,watchapedia,film,앵글 사람 눈빛 사이 왈츠
WF_1335,watchapedia,film,원작 영화 다아시 아버지 생각 다정 생각 찐따 웃기
WF_1336,watchapedia,film,단순히 귀엽 사랑 스럽 사랑 나누 가족 진중 이르 아침 못하 킬링 타임 정도
WF_1337,watchapedia,film,단단 문장 수채화 바르 아름답 담아내
WF_1338,watchapedia,film,안개 언덕 좋아하 영화
WF_1339,watchapedia,film,다아시 여자 마음 위하 리지 대체 다아시 마음 위하 다아시 여자 그토록 사랑 이해 보르노 자체
WF_1340,watchapedia,film,오만 편견 순수 사랑
WF_1341,watchapedia,film,오만 편견 내려놓 보이 본질
WF_1342,watchapedia,film,로맨틱 전개 돋보이 연출 의상 발랄 우아
WF_1343,watchapedia,film,저런 남자 주인공 시작 오마 미스터 다아시 끝나 전설 영화
WF_1344,watchapedia,film,2006 영화 아름답 연출 색감 스지 피장파장 번역 아버지 어쩌면 일상 흔하 오만 편견 일삼 소설 신속히
WF_1345,watchapedia,film,로맨틱하 사랑 대체 생각 영화
WF_1346,watchapedia,film,사랑
WF_1347,watchapedia,film,원작 소설 상상 모습 그대로
WF_1348,watchapedia,film,어리 시절 로망 영화 시대
WF_1349,watchapedia,film,여명 너머 다가오 인영 전하 확신
WF_1350,watchapedia,film,
WF_1351,watchapedia,film,세상 이해 다시 작품
WF_1352,watchapedia,film,수레 생기 탈모 진행 다아시 외모 기겁 불구 막바지 좋아하 스토리 진실 승리
WF_1353,watchapedia,film,86.
WF_1354,watchapedia,film,오만 편견 가득
WF_1355,watchapedia,film,간질간질 욕심 첫째 둘째 결과 사랑 가지 남자 좋아하 꿈꾸 동생 적어도 주인공 모든 가지 사람 그런 욕심 예쁘 쟁취 욕심 관심 좋아하 진지 고민 그녀 매혹 그녀 따르 고고 사람 무섭 저런 자연 스럽 교양 알리 부럽
WF_1356,watchapedia,film,오만 편견 다아시 리지
WF_1357,watchapedia,film,오만 사람 사랑 만들 편견 사람 사랑 만들 다디아 오만 버리 리지 고백 순간 리지 편견 디아시 걸어가 순간 드디어 사랑 감정 느끼
WF_1358,watchapedia,film,오만 만들 편견
WF_1359,watchapedia,film,내용 보이
WF_1360,watchapedia,film,편견 오만
WF_1361,watchapedia,film,
WF_1362,watchapedia,film,주말 드라마 클리셰 한가득
WF_1363,watchapedia,film,갑자기 모르 응원
WF_1364,watchapedia,film,충실 재현 어울리 배우 열연 영상미 근데 석세션
WF_1365,watchapedia,film,장면 하나하나 미술관 명화 예쁘 스토리 글쎄
WF_1366,watchapedia,film,오만 편견 종착지 사랑
WF_1367,watchapedia,film,생략 원작
WF_1368,watchapedia,film,영화 10 북미 엔딩 따로 지금 보이
WF_1369,watchapedia,film,10 10 영화 이리 아름답 다시 감동 리지 사랑 스럽
WF_1370,watchapedia,film,제목 그대로 오만 편견 다아시 리즈 싸우 장면 제일
WF_1371,watchapedia,film,연출 미치
WF_1372,watchapedia,film,고전 설레 그대로 재현 로맨스 오만 편견 사랑 이유
WF_1373,watchapedia,film,여주 사랑 확인 순간 파란만장 과정 인상 특히 갑자기 여주 마음 고백 황당 지나 명장면
WF_1374,watchapedia,film,인간 필연 저주 관하
WF_1375,watchapedia,film,사랑 스럽 영화
WF_1376,watchapedia,film,좋아하 제인 오스틴 작품 스크린 그대로 그리 영화 나이틀리 연기 엘리자베스 멋지
WF_1377,watchapedia,film,우아 보이 지질 궁상 이야기 근데 로즈먼드 파이크 이리 예쁘
WF_1378,watchapedia,film,엄청 만들 메이드 영화 가끔 생각나 주기
WF_1379,watchapedia,film,괜히 영국인 사랑 소설 클리쉐 범벅 재미
WF_1380,watchapedia,film,다아시 오만 엘리자베스 편견 깨지 과정 인물 보이 눈빛 대화 설레 애타 긴장 다아시 안개 엘리자베스 향하 걸어오 장면 절대
WF_1381,watchapedia,film,버리 연애 세포 다시 만들 멋지 작품
WF_1382,watchapedia,film,그녀 미소 다양 상상 감정 깊이 새기
WF_1383,watchapedia,film,사랑 묘약 대화
WF_1384,watchapedia,film,키이라 예쁘 시절 인소
WF_1385,watchapedia,film,이토록 아름답 그림 향연
WF_1386,watchapedia,film,만남 성격 다르 서로 끌리 감정 표현 영화 오래 기억 부족 오만 편견 설명 부분 공감
WF_1387,watchapedia,film,원조 혐관 맛집
WF_1388,watchapedia,film,고백 최강
WF_1389,watchapedia,film,진실 사랑 외모
WF_1390,watchapedia,film,오만 편견 사랑 장치
WF_1391,watchapedia,film,2023 지루 스토리 이야기 모든 로맨스 막장 신데렐라 스토리 원조 사실 놀랍 따름 역시 막장 스토리 연기 받치 설득력 영화 영상미 모든 영화 최고 그것 0.5 추가 출연 배우 평생 프로필 사진 영상 방출 배우 본인 인생 찌들 힘들 꺼내 그나저나 세션 데리 사위 부잣집 차도남 반대 몰입 방해
WF_1392,watchapedia,film,오만 편견 그곳 사랑 결말 기다리 초조 다아시 걸음 귀엽
WF_1393,watchapedia,film,오만 편견 만나 사랑 과정
WF_1394,watchapedia,film,시대 표현 시대극 다행히 아름답 사랑 극성 스럽 엄마 멍청 막내 동생 때문 짜증 탈모 내내 신경 쓰이
WF_1395,watchapedia,film,
WF_1396,watchapedia,film,해피엔딩 아쉽
WF_1397,watchapedia,film,나이틀리
WF_1398,watchapedia,film,
WF_1399,watchapedia,film,다아시 머리 몰입 깨지 한결같이 기품 대화 억양 몸짓 커버 계속 무뚝뚝 마지막 눈물 맺히 보이 아부지 경상도 아빠 자체 가족 달달 건전 영화
WF_1400,watchapedia,film,못하
WF_1401,watchapedia,film,사랑 오만 사랑 편견
WF_1402,watchapedia,film,오만 편견 갇히 서로 서로 오만 편견 벗기
WF_1403,watchapedia,film,주인공 오만 편견 마지막 장면 사랑 위하 장애물
WF_1404,watchapedia,film,드라마 이거 즐기 힘들
WF_1405,watchapedia,film,오만 오만 편견
WF_1406,watchapedia,film,
WF_1407,watchapedia,film,소설 영화 오만 편견 지나치
WF_1408,watchapedia,film,껍질 벗기 사랑
WF_1409,watchapedia,film,아마 평생 영화 사랑
WF_1410,watchapedia,film,키이라 나이틀리 이쁘
WF_1411,watchapedia,film,멀리 다아시 걸어오 장면 쇼트 자르 편집 음악 완벽
WF_1412,watchapedia,film,열심히 만들 작품 사람 부럽
WF_1413,watchapedia,film,순수 형태 풀어내 클래식 익숙 아름답
WF_1414,watchapedia,film,영화 영화 존재 이유 카메라 워크 음악 순간 사로잡히 버리 명작 시대 초월 장면 하나하나 전시 정도 아름답 모든 대사 미묘 시선 연기 눈빛 모든 전하 완벽 영화
WF_1415,watchapedia,film,숨기 위하 오만 눈앞 가리 편견 벗기 그제야 보이 아름답 사랑
WF_1416,watchapedia,film,넷플릭스
WF_1417,watchapedia,film,기괴 생각 정도 설득력 사랑 이야기
WF_1418,watchapedia,film,빨리 아빠 울리
WF_1419,watchapedia,film,우리나라 연극 먼저 심심 근데 역시 영화 배경 되게 좋다제인에어 암튼 그거
WF_1420,watchapedia,film,제인 오스틴 유려 묘사 대신 그림 영국 시골 풍경 무도회 장면 대체 주인공 매력 중요 다아시 많이 아쉽
WF_1421,watchapedia,film,야만 시대 피어오르 사랑 단순 사랑 이야기 고전 울림 공들이 의상 시대상 재미 충분
WF_1422,watchapedia,film,2022.09.05 혼영
WF_1423,watchapedia,film,키이라 나이틀리 아름답
WF_1424,watchapedia,film,나이틀리 영화 연출 색감
WF_1425,watchapedia,film,어리 모르 다아시 탈모 드시
WF_1426,watchapedia,film,구레나룻 정리
WF_1427,watchapedia,film,배웅 괜히 다아시 설레
WF_1428,watchapedia,film,설레 가득 영화
WF_1429,watchapedia,film,재미있 명작
WF_1430,watchapedia,film,고놈 결혼
WF_1431,watchapedia,film,사랑 묘약 벗겨지 오만 편견
WF_1432,watchapedia,film,미국 엔딩 찾아보
WF_1433,watchapedia,film,다시 다시 설레 최애 영화
WF_1434,watchapedia,film,원작 소설 실망 특히 아버지 유쾌 재치 아쉽 키이라 보이 영화 생각
WF_1435,watchapedia,film,영화
WF_1436,watchapedia,film,오만 편견 군더더기 제목 내내 담백 우아
WF_1437,watchapedia,film,헤아리 일요일 아침 영화
WF_1438,watchapedia,film,사람 재단 습관 오만 편견
WF_1439,watchapedia,film,시대 의도 밀당 화면 모든 너무나 예쁘 아버지 멋지 사람
WF_1440,watchapedia,film,편견 사람 사랑 못하 오만 사람 사랑 만들
WF_1441,watchapedia,film,미치
WF_1442,watchapedia,film,20.1.3 3.522.7.25 4.5
WF_1443,watchapedia,film,2022/7/13 24
WF_1444,watchapedia,film,나이틀리 예쁘 다아시 오만 영화 드러나
WF_1445,watchapedia,film,제인 오스틴 원작 영화 대단 진정 사랑 저지르 오만 편견 되돌아보
WF_1446,watchapedia,film,외국 시대극 좋아하 드레스 고전 재밌
WF_1447,watchapedia,film,전개 비하 빠르 그만큼 잘리 나가 곁가지 아쉽 여주 외모 케미 만족
WF_1448,watchapedia,film,어리 핵노잼 지금 ♥️ 러닝 타임 아쉽
WF_1449,watchapedia,film,오만 사랑 못하 편견 사랑 못하
WF_1450,watchapedia,film,원작 기반 작품 시대극 드라마의 플롯 미술 소품 연출 교과서
WF_1451,watchapedia,film,이해 이해
WF_1452,watchapedia,film,초반 시선 갑자기
WF_1453,watchapedia,film,시선 시선 사이 사랑
WF_1454,watchapedia,film,영화 전개 소설 내용 절반 소설 상상 장면 영화 정확히 묘사 문제 리지 아름답
WF_1455,watchapedia,film,안개 가득 뿌옇 새벽녘 걷히 오만 편견 다아시 고백 갑작스럽 느끼 리지 따르 편견 가지 생각 나이틀리 찡긋 웃음 보물
WF_1456,watchapedia,film,다아시 고백 뜬금없 생각 리지 편견 어리 시선 그대로 따라가 때문 고도 심리전 표현 어렵 인물 미묘 행동 표정 직접 로망 느낌 마음 사교 말투 재밌
WF_1457,watchapedia,film,마법 걸리 다아시 영원 약속 사람 마음 따뜻
WF_1458,watchapedia,film,우아 세련 영화
WF_1459,watchapedia,film,아버지 캐릭터 연기 백미
WF_1460,watchapedia,film,
WF_1461,watchapedia,film,22.05.02
WF_1462,watchapedia,film,오만 편견 방해 관계 걷히 행복 신분 상승 개인 행복 결혼 선택 살아가 여성 가슴 아프 사랑 결혼 반대 아버지 모습
WF_1463,watchapedia,film,오만 편견 가리 사람 내면
WF_1464,watchapedia,film,다아시 목소리
WF_1465,watchapedia,film,
WF_1466,watchapedia,film,보통 2022. 4. 10.
WF_1467,watchapedia,film,원작 소설 영화 재밌 경험 방식 강추 원작 인물 그대로 원작 이야기 영화 과정 축약 각색 아쉬움 원작 영화 어렵 고전 원작 먼저 영화 강추 색다르 경험 원작 인물 영화 찰떡 느끼 인물 미스터 콜린스 원작 영화 사람 정도 인정 찰떡 배우 시절 감상 영국 배경 이야기 제작사 워킹 타이틀 220408
WF_1468,watchapedia,film,오만 편견 로맨스 버전 사람 부분 자르 보이 좋아하 개인 시골 풍경 영국 스토우 감상
WF_1469,watchapedia,film,모든 사랑 오만 편견 존재 깨닫 사랑 사랑 가득 눈빛 눈부시 정도 아름답
WF_1470,watchapedia,film,생각 별로
WF_1471,watchapedia,film,인생 씁쓸 반복 그거 인정 과정
WF_1472,watchapedia,film,엔딩 삭제 새끼 나오
WF_1473,watchapedia,film,라이트 고전 참으로 아름답 나이틀리 엘리자베스 너무나 사랑 스럽 맥페디언 다아시 츤데레 18 세기 버젼
WF_1474,watchapedia,film,나이틀리 예쁘 6.4
WF_1475,watchapedia,film,특별 이유 없이 영화 추가
WF_1476,watchapedia,film,모르 당시 영국 가장 담아내 아프 언니 돌보 걸어가 리지 치맛단 완벽 재연
WF_1477,watchapedia,film,만들 시집 장가 존재 인정받 생각 모습 불편 정작 주인공 반대 모습 보이 시대 배경 주변 등장인물 결혼 목메 모습 자꾸 거슬리 영화 순수 감성 느끼 현재
WF_1478,watchapedia,film,무뚝뚝 사랑 대단 느끼
WF_1479,watchapedia,film,근래 영화 시대 여성 진취 너무나 솔직 리지 모든 내려놓 그녀 사랑 고백 다아시 인간 형성 사회 지위 고정관념 역시 아무 쓸모없 사랑 극복
WF_1480,watchapedia,film,로맨스 긴장
WF_1481,watchapedia,film,신분 상승 혼인 노리 자매 근대 유럽 교외 배경 하이틴 로맨틱 코미디 서로 오만 편견 인상 영상미 가볍 내용
WF_1482,watchapedia,film,사랑 여러 속성 보이 시대 사랑 그리 계급 여담 상상 나오 느낌
WF_1483,watchapedia,film,예전 다시
WF_1484,watchapedia,film,제목
WF_1485,watchapedia,film,완벽 인간 사랑 힘들 아름답
WF_1486,watchapedia,film,꼭두새벽 걸어오 청혼
WF_1487,watchapedia,film,만들
WF_1488,watchapedia,film,영화 편견 사로잡히 이제
WF_1489,watchapedia,film,아씨 원형 여성 사회 욕구 결혼 통하 실현 시절 이야기
WF_1490,watchapedia,film,주인공 아버지
WF_1491,watchapedia,film,22.02.20 사랑 원작 만족 스럽 영상
WF_1492,watchapedia,film,최고 영화
WF_1493,watchapedia,film,사랑 발판 시작 어렵
WF_1494,watchapedia,film,여운 지루 영화
WF_1495,watchapedia,film,시선 넘어서 눈맞춤
WF_1496,watchapedia,film,8.96
WF_1497,watchapedia,film,사랑 존재 아름답 설득 영화 다시
WF_1498,watchapedia,film,로맨스 별로 좋아하 유일 정기 영화
WF_1499,watchapedia,film,어리 주말 시간대 영화 여운 가득 엄마 저녁 생각나 방영 성인 처음 인물 지나 담담히
WF_1500,watchapedia,film,상황 본인 리지 캐릭터 매력 원작 제대로 작품
WF_1501,watchapedia,film,오만 그녀 그런 편견 바라보
WF_1502,watchapedia,film,장면
WF_1503,watchapedia,film,이거 이제야 영상미 아름답 달달 소설 원작
WF_1504,watchapedia,film,이모 재밌
WF_1505,watchapedia,film,오가 울림 오만 편견 허물 너머 사랑
WF_1506,watchapedia,film,고전 고전 다아시 손바닥 느끼 영화 미치
WF_1507,watchapedia,film,오만 편견 자체
WF_1508,watchapedia,film,오만 편견 오만 보이 호감 줄이 오해 중요 상황 솔직하 힘들 해결 능력 갖추
WF_1509,watchapedia,film,배경
WF_1510,watchapedia,film,아름답 배경 적절 사랑 이야기 아름답 시대 배경 인하 여자 결혼 가지 의미 가슴 아프 리지 모든 선택 빛나 영화 고백 새벽 안개 디아시 등장 아침 햇살 번지 설레 잊히 장면 영화 다시
WF_1511,watchapedia,film,여름날 소나기 내리 다아시 고백 떠오르 자꾸 영화
WF_1512,watchapedia,film,나이트 근무 피곤 모르 어리 느낌 다르 조만간 다시
WF_1513,watchapedia,film,그대로 사랑
WF_1514,watchapedia,film,분위기 멋있
WF_1515,watchapedia,film,편견 가지 버리 그것 갇히 상대 사랑
WF_1516,watchapedia,film,화면 전환 주위 사람 배경 엘리자베스 다아시 22.01.01. 금암동
WF_1517,watchapedia,film,유려 고전 사랑 스럽 영화 키이라 숭배
WF_1518,watchapedia,film,원작 훼손 특유 감성 시대 배경 영화
WF_1519,watchapedia,film,적응 다아시 구렛나루
WF_1520,watchapedia,film,영화 보기 원작 그리 마음 하나하나 장면 그리 다시 추천
WF_1521,watchapedia,film,겁먹 얼굴 오만 보이 무뚝뚝 미소 오만 보이 표정 오만 보이 오만 보이 오만 보이 많이 편견
WF_1522,watchapedia,film,영상미 예쁘
WF_1523,watchapedia,film,시대 사랑 특히 생각
WF_1524,watchapedia,film,진정 사랑 모습 눈물 미소 아빠 모습 가장 인상
WF_1525,watchapedia,film,
WF_1526,watchapedia,film,오만 편견 부정 의미 인간 세상 달라지 평범 일상 공동 사고 발전
WF_1527,watchapedia,film,소설 베넷 아재 비아냥거리 솜씨 대단 영화 나오 아쉽
WF_1528,watchapedia,film,사람 이야기 바라보
WF_1529,watchapedia,film,영국 사랑
WF_1530,watchapedia,film,사랑 빠지 오만 사랑 편견
WF_1531,watchapedia,film,이거 이제서야
WF_1532,watchapedia,film,눈썹 문제
WF_1533,watchapedia,film,오만 편견 가지 편견 가득 마음 오만 에고 이스트 김수환 질문 해답 제시
WF_1534,watchapedia,film,엔딩 0.5
WF_1535,watchapedia,film,
WF_1536,watchapedia,film,1940 년대 클래식 화려 극치 전형 호호 마무리 영화 영화 소설 엘리자베스 감정 그대로 담기 영화
WF_1537,watchapedia,film,잔잔 작품 결말 갑자기 끝나 느낌 영화
WF_1538,watchapedia,film,빗속 다아시 다아시 목소리 잊히 처음 마음 빼앗기 엘리자베스 긴장 영화
WF_1539,watchapedia,film,
WF_1540,watchapedia,film,훌륭 사이클 고전 고전
WF_1541,watchapedia,film,아빠 여우 많이 배경 오스트 옛날 마인드 이해 부분 집중
WF_1542,watchapedia,film,사랑 수만 가지 이유 포기 이루
WF_1543,watchapedia,film,서로 인정
WF_1544,watchapedia,film,원작 내용 별개 영화 느낌 이리 어톤먼 감독 역시 키이라 나이틀리 역시 개에바 시대극 태어나 배우 다아시 부르 발음 매튜 맥퍼딘 갈수록 잘생기 보이 마법
WF_1545,watchapedia,film,갑자기 생각 리뷰 다아시 시선 항상 그녀 다아시 리지 사랑 싹트 위하 권하 리지 무도회 다아시 리지 신청 마지막 리지 아버지 눈물 맺히 눈빛 웃음 최고 압권
WF_1546,watchapedia,film,오만 편견 갇히 오해 이해 피장파장
WF_1547,watchapedia,film,눈빛 사랑 최고
WF_1548,watchapedia,film,결혼 나쁘 결혼 어리석
WF_1549,watchapedia,film,나이틀리
WF_1550,watchapedia,film,오만 편견 두근거리 사랑 이야기
WF_1551,watchapedia,film,그럭저럭
WF_1552,watchapedia,film,다시 사랑
WF_1553,watchapedia,film,상대방 멋대로 평가 이유 담기
WF_1554,watchapedia,film,순간 막히 마침내 차갑 새벽 뜨겁 녹이
WF_1555,watchapedia,film,지면 작품 화면 더욱
WF_1556,watchapedia,film,제목
WF_1557,watchapedia,film,시대 최고 혐관 맛집
WF_1558,watchapedia,film,대가리 빡빡
WF_1559,watchapedia,film,사랑 시대 사람 사랑 배경 분위기 너무나 아름답 이야기 너무나 매력 리지
WF_1560,watchapedia,film,엔딩 영상 쿠키 영상 다아시 리지 마차 떨리 대박 대박
WF_1561,watchapedia,film,기분 영화
WF_1562,watchapedia,film,재밌 다아시 얼굴 나오 익숙 다아시 머리 벗겨지 말랑 나오 이제 적응 다아시 얼굴 나오
WF_1563,watchapedia,film,오만 편견
WF_1564,watchapedia,film,원작 좋아하 대사 많이 빠지 아쉽 배우 연기력 사랑 스럽 맥주
WF_1565,watchapedia,film,오만 편견 미국판 결말 검색
WF_1566,watchapedia,film,나이틀리 매력 생각 머쓱하 활짝 모습 필터 없이 모습 너무나 매력 영상미 결혼 당시 의미 새삼 충격
WF_1567,watchapedia,film,무도회 장면 특히
WF_1568,watchapedia,film,예전 기억 영화 다시 기억 상태 시대 사랑 시대 생각 만남 절절 아름답 행복 동화 느낌
WF_1569,watchapedia,film,내내 다아시 멋있 생각 안개 저벅저벅 걸어오 멋지 사랑 오만 편견 사람 새볔 찬란 태양
WF_1570,watchapedia,film,로맨스
WF_1571,watchapedia,film,글자 예습 유려 콕콕 솔직 픽픽 그림책 휙휙 명대사 큭큭큭 웃음
WF_1572,watchapedia,film,오만 편견 사회 인정 사랑 그것 압도 아름답 세상
WF_1573,watchapedia,film,원작 만들 훌륭 작품
WF_1574,watchapedia,film,행동 오만
WF_1575,watchapedia,film,인생 영화
WF_1576,watchapedia,film,중세 바이브 사랑 ❤️‍🔥 감정 따라잡 어렵 빗속 고백신 감히 언급 재밌
WF_1577,watchapedia,film,다아시 느끼 떨리 빗속 청혼 거절 새벽녘 들판 맞닿 마음 원작 너무나 재현 영화
WF_1578,watchapedia,film,생일 오만 편견
WF_1579,watchapedia,film,내내 남자 태도 어머니 행동 때문 눈살 찌푸리 상당히 역겹 감각 테이크 미장센 영화
WF_1580,watchapedia,film,오만 편견 드라마 접하 영화 드라마 아쉽 색감 분위기 드라마 소설 다르 생략 장면 500 페이지 정도 분량 소설 압축 비판
WF_1581,watchapedia,film,건우 처음 싸우 화해 상황 오만 편견 이야기 다시 어리 모르 다시 와닿 부분 상황 다아시 귀엽 여자 대역 킬링 포인트 손가락 꼼지락거리 귀엽 치이 다아시 키이라 나이틀리 예쁘
WF_1582,watchapedia,film,남자 점점 잘생기 보이
WF_1583,watchapedia,film,제목 따분 영화 재밌
WF_1584,watchapedia,film,고전 안전 영화
WF_1585,watchapedia,film,시대 표현 영화 재밌 타임머신
WF_1586,watchapedia,film,이제 영화관 영화 인생 영화
WF_1587,watchapedia,film,처음 영화 티비 느끼 감정 기억 영상미 연출 뛰어나 영화 리지 절벽 우뚝 황야 펨벌리 다시 다아시 연기 촉촉 눈빛 예쁘 나이틀리 청초 예쁘 리지 찰떡 근데 버전 엔딩 키스 장면 장면 진국 미시스 다아시 미시스 다아시
WF_1588,watchapedia,film,원작 영화 압축 중간중간 영상 건너뛰 느낌 각양각색 캐릭터 배우 눈빛 다아시 시절 생활 양식 분위기 생생 내내 즐겁 특히 동트 시작 일출 끝나 청혼 로맨틱하
WF_1589,watchapedia,film,오만 편견 버리
WF_1590,watchapedia,film,위하
WF_1591,watchapedia,film,사랑 모든 과정 아름답
WF_1592,watchapedia,film,리지 마음 다아시
WF_1593,watchapedia,film,오만 편견 헤치 절실 사랑 부르
WF_1594,watchapedia,film,편견 사람 사랑 못하 오만 사람 사랑 못하
WF_1595,watchapedia,film,원작 우아 옮기 수작 유일 단점 외모
WF_1596,watchapedia,film,오만 편견
WF_1597,watchapedia,film,당시 영국 사회 문화 전혀 이해 공감 영화 내내 이질감 오만 사람 사랑 만들 편견 사람 사랑 만들 영화 납득 엘리자베스 편견 가지 다아시 만남 평가 모습 보이 때문 원래 오만 성격 내재 그런 태도 보이 생각 엘리자베스 편견 다아시 자초 결코 상호 이해 관계 성립 문제 다아시 엘리자베스 처음 고백 순간 그녀 가족 품위 굳이 필요 내뱉 그런 남자 사랑 의문
WF_1598,watchapedia,film,저릿 장면 충분
WF_1599,watchapedia,film,묘하 올드 20 세기 카메라 워크 19 세기 이야기 강조 연기 구성 21 세기 영화 21.01.13
WF_1600,watchapedia,film,세계 다아시 격하 공감 다아시 행동 대하 저런 행동 설명 가능
WF_1601,watchapedia,film,브리저튼 비커밍 제인 좋아하 만족 영화 다아시 점점 멋지
WF_1602,watchapedia,film,
WF_1603,watchapedia,film,리지 얼굴 아름답
WF_1604,watchapedia,film,인생 영화 ❤️
WF_1605,watchapedia,film,넷플 미국판 엔딩 추가
WF_1606,watchapedia,film,영화 시작 순간 들려오 음악 화면 담기 사용 카메라 움직임 모든 마음
WF_1607,watchapedia,film,모태 솔로 불타 사랑 이야기
WF_1608,watchapedia,film,배경 이쁘 여주 가족 비주얼 상상 다르
WF_1609,watchapedia,film,20210526
WF_1610,watchapedia,film,마음
WF_1611,watchapedia,film,영화 끝나 발견 오만 남주편견 여주 서로 사랑 버리 오만 편견 제목
WF_1612,watchapedia,film,대하 오만 대하 편견 벗어나 비로서 형성 2021.05.22. 감상
WF_1613,watchapedia,film,사랑 오묘 어렵 엄마
WF_1614,watchapedia,film,오만 남자 편견 가지 여자 완전 인간 만나 서로 서로 결점 이룩 완전 사랑 결말 원작 신데렐라 클리셰 조상 신데렐라 클리셰 충실히 이행 작품 신데렐라 클리셰 이행 이유 비판 힘들 보이 원작 발표 시대상 단순히 신데렐라 클리셰 치부 작중 갈등 앙상 인물 행동 선명 그리 인물 허투루 소비 작가 애정 어리 시선 엿보이 2021-3
WF_1615,watchapedia,film,끝나 다아시 눈빛 자꾸 생각나 다시 영화
WF_1616,watchapedia,film,시작 마무리 촬영 동선 실제로 현장 미술관 관람 기분 느끼 제목 메세지 적당히 드러나 나이틀리 가장 기억 영화
WF_1617,watchapedia,film,오만 편견 극복 한층 행복
WF_1618,watchapedia,film,매튜 맥파든 연기 다이시 가장 다이시
WF_1619,watchapedia,film,마음 모르 오만 마음 모르 사람 이야기 편견 사랑 이루어지 눈물 서로 진심 확인 통하 문득 생각 최근 파스타 나쁘 남자 신드롬 만들 만들 제인 오스틴 지금 결혼 사랑 전혀 다르
WF_1620,watchapedia,film,판단 색안경
WF_1621,watchapedia,film,
WF_1622,watchapedia,film,로맨스 결여 오만 편견 대하 이야기
WF_1623,watchapedia,film,첫눈 반하
WF_1624,watchapedia,film,처음 다아시 보이 다시 보고 회차 거듭 다아시 표정 눈길 보이 안타깝 응원 마차 오르 엘리자벳 다아시 떨리 때문 장면 돌리
WF_1625,watchapedia,film,제목 오만 편견 18 세기 영국 조선 유교 사상 못지않 필요 관습 관행 신분 계급 두르 싸이
WF_1626,watchapedia,film,편견 사람 사랑 못하 오만 사람 사랑 만들 문장 이유 충분 영화 혐관 사랑 빠지 시조새 작품 브리저튼 원조 나이틀리 예쁘 모르
WF_1627,watchapedia,film,아름답 예쁘 그림 담기 이야기 기분 주인공 아버지 사람
WF_1628,watchapedia,film,눈빛 설레 영화
WF_1629,watchapedia,film,오만 놓치 사랑
WF_1630,watchapedia,film,마지막 아버지 리지 대화 장면
WF_1631,watchapedia,film,
WF_1632,watchapedia,film,영화 개봉 10 지나 믿기 지금 세련 영상미 색감 오만 편견 감정 좌우 인간 그리 이성 합리 존재 이성 설득 감정 상대방 마음 움직이 효과 진심 우러나오 마음 노고 고도 이성 이용 사람 마음 사로잡 오만 넘치 세상 정도 사실 포함 편견 빠지 여자 구원 사랑 헌신 가능 모든 해결책 진심 어리 소통 자존심 아무런 도움 전체 스토리 충분히 지루 내용 스토리 평화 속도감 전개 상당히 훌륭 장면 하나하나 미장센 섬세 감독 영화 만들 들이 엿보 첫인상 중요 곧이곧대로 낭패 원작 작가 제인 오스틴 진심 속도 느리 찰나 판단 맡기 오만 편견 도무지 속도 좁히 오래 아름답 사랑 존재 진정 사랑 사람 만나 욕구 사람 고귀 사랑 마침내 완성 나이틀리 앳되 예쁘 미모 무뚝뚝 은근히 챙기 매튜 맥퍼딘 너무나 어울리 따스 부드럽 햇살 가운데 빛나 사람 입맞춤 놀랍 황홀 아버지 호탕 귀엽 미소 빼놓 섭섭
WF_1633,watchapedia,film,영화 감정 드러나 아쉽 갑자기 고백 느낌 고전
WF_1634,watchapedia,film,이만 추천
WF_1635,watchapedia,film,오만 편견 고백 혼내
WF_1636,watchapedia,film,부드럽 지속 살결 거칠 의의 캐릭터
WF_1637,watchapedia,film,재밌 1813 년도 작품 지금 재밌 명작 츤데레 과거 먹히 사실 츤데레 어원 다아시 기대 재밌 배우 맛집 재밌 연출
WF_1638,watchapedia,film,심장 영화 오랜만 영화 05
WF_1639,watchapedia,film,소설 섬세 스크린 옮기 아쉬움 사실 그만큼 소설 영상미 음향 음악 채우 영화 리지 아름답 콜린스 어머니 역할 튀어나오 다아시 멋지 개인 휴 잭맨 콜린 퍼스 어울리 아쉬움
WF_1640,watchapedia,film,나이틀리
WF_1641,watchapedia,film,중간 아쉬움 배우 커버 캐리 멀리건 나오 모르
WF_1642,watchapedia,film,처음 잘못 놀리 대가 치루 미스터 다아시 안달복달 짝사랑 연대기 마차 태우 돌아서 맞잡 저릿 저릿 모습 완전 모태 솔로 리지 사랑 어쩌 모르 오만 느그 가족 교양 사실 쥐어박 모태 솔로 보이 모자라 미스터 다아시 지독 인과응보 치루 돌아오 에로스 배신 다시 에로스 만나 위하 고난 여정 프시케
WF_1643,watchapedia,film,사랑
WF_1644,watchapedia,film,영화 모르 그레타 거윅 아씨 영화 먼저
WF_1645,watchapedia,film,존나 로맨틱 정통 멜로 장르 진정 똑바로 후반부 흘기 너뭌 간지럽 즐겁
WF_1646,watchapedia,film,잔존 클래식
WF_1647,watchapedia,film,2021.03.03 수요일
WF_1648,watchapedia,film,빠르 일시 정지 자막 영화
WF_1649,watchapedia,film,기억 빗속 장면 엘리자벳 다아시
WF_1650,watchapedia,film,따라가 작품 러닝 타임 들어내 부분 그러 캐릭터 매력 서사 많이 버리 활자 머릿속 그리 제인 영화 아름답 영국인 사랑 마지않 다아시 한결 까칠 깔끔 이미지 매칭 캐스팅 이루어지 여러 아쉽
WF_1651,watchapedia,film,제인 오스틴 제인 오스틴 이유 자막 원서 제대로 이해 영어 모국어
WF_1652,watchapedia,film,영화 전개 다아시 점점 잘생기 보이
WF_1653,watchapedia,film,다아시 사랑 이야기 리지 진심 느끼 사랑 눈물 글썽이 아버지 눈물
WF_1654,watchapedia,film,서로 싫어하 사랑 빠지 로맨스 시초 절대 결혼 폴인럽 리지 다아시 싫어하 다아시 결혼 여자 불행 다니 관심 증거 귀엽 다아시 리지 손잡 긴장 풀리 콜린 퍼스 나오 드라마 기대
WF_1655,watchapedia,film,잔잔 영상미 인상
WF_1656,watchapedia,film,다시
WF_1657,watchapedia,film,당신의 마음이 지난 4월과 같다면 그렇다고 말해줘요 당신에 대한 제 마음은 변한적이 없습니다 하지만 당신 한 마디면 영원히 입을 다물겠습니다
WF_1658,watchapedia,film,사랑 거부 거부 사랑 사랑
WF_1659,watchapedia,film,네이밍 아름답 풍경 음악 여자
WF_1660,watchapedia,film,아씨 비교 아쉽 예쁘 고전
WF_1661,watchapedia,film,오만 편견 영화 온전히 사랑 못하 이유 손끝 활용 연출 기억
WF_1662,watchapedia,film,스릴러 집중
WF_1663,watchapedia,film,먼저 접하 그것 무려 10 영화 느끼 감정 간질간질 느낌 떠오르
WF_1664,watchapedia,film,1800 년대 근방 프랑스 문학 좋아하 그거 하나같이 내용 지참금 가난 여자 남자 사랑 이야기 이거 영국 문학 간질간질 촬영 멋지 혜진 영화 이야기 원형 동의 지금 시대 뒤떨어지 서운 이야기 오페라 유령 데이트 폭력 사칭 가스 라이팅 영화 그것 틀리 그거 아냐 임마 비슷 느낌
WF_1665,watchapedia,film,소설 완전히 나름 만들 작품 솔직히 지루하 간신히 확실히 영상 매체 편하 상상 소설
WF_1666,watchapedia,film,아이러니 아버지 제외 등장인물 오만 편견 가지 이르 나이 결혼 리디아 당연히 청혼 생각 콜린스 천박 이유 리지 공격 캐서린 마지막 아버지 미소 따뜻 바라보 자매 이야기 당차 고집 여주인공 나오 유명 소설 영화 아씨 떠오르 영화 나이틀리 리지 찰떡 전체 줄거리 자체 식상 구성 굉장히 탄탄
WF_1667,watchapedia,film,좋아하 주인공 응원 자체 평화 불만 그것 이기 꼬집히 기분
WF_1668,watchapedia,film,자매 가난 벗어나 방법 집안 남자 결혼 근데 지금 다르 가족 따뜻 보이 슬프 아름답
WF_1669,watchapedia,film,브리저튼 영국 고전 끌리 아직 갈증 다아시 몰입
WF_1670,watchapedia,film,명작 명작
WF_1671,watchapedia,film,2021 감성 이제 어울리 고전
WF_1672,watchapedia,film,대하 편견 가지 역시 오만 영화 모든 장면
WF_1673,watchapedia,film,영화 가징 멋지 남자 아빠
WF_1674,watchapedia,film,제목 단어 관계 핵심 그리 오만 보이 편견 잘못 이름 붙이 사실 다아시 계급 우위 점하 거치 없이 타자 평가 리지 줄줄 오만 다아시 내려놓 사랑 가족 미천 이거 자칫 사랑 고백 위하 계급 뛰어넘 굴욕 견디 보이 감정 아무리 흔들리 판단 계급 권위 절대 성격 보이 다아시 대하 편견 편견 느끼 감정 생기 줄곧 교양 판단 지나가 리지 대하 거침없 계급 내려놓 감정 생기 걸리 편견 해소 계기 막내 동생 결혼 대하 리지 위하 행동 부분 이거 엄연히 리지 마음 위하 최선 행위 부르주아 대하 편견 해소 진정 계기 못하 계급 위치 그대로 감정 따르 이야기 흘러가 엔딩 캐릭터 관계 이해 다아시 보정 들어가 전제 도달 흐름 덧붙이 다아시 오만 리지 가지 편견 동등 서로 단순히 오해 갈등 해소 해피엔딩 어렵 부르주아 오만 폭력 계급 편견 상대 못하 때문 관계 구도 대칭 리지 말빨 피지컬 얼추 구도 맞추 분명 전복 이야기 오늘 불편 마음 많이 들어오 재밌
WF_1675,watchapedia,film,다아시 감정 발전 과정 차근차근 보이 그대로 화면 옮기 고증 인물 배경 분위기
WF_1676,watchapedia,film,베스 디아 약지 맞추 속삭이 장면 인상 서로 바라보 콧등 비비 애정 표현 뒷배경 아침 햇살 떠오르 아름답 특별 스킨십 없이 달달하 표현 영화 디아시 촉촉 멍뭉이 절로 광대 올라가 파먹 병지
WF_1677,watchapedia,film,스무 반복 영화 연출 연기 아쉽 자막 수록 원작 느낌 살리 배우 영상 내뱉 대사 정도 그대로 번역 중간 중간 오역 적나라 들어가 대충 번역 자막 생략 버리 표현 너무나 아깝 애정 작품 여기저기 추천 많이 작품 처음 시청자 자막 통하 절감 감동 누리 못하 걱정
WF_1678,watchapedia,film,호강 아름답 작품 사랑 사랑 위하 오만 편견 사랑 벌써 사랑 생각 아름답 장면
WF_1679,watchapedia,film,먼저 주요 사건 빠르 전개 와중 사로잡 미장
WF_1680,watchapedia,film,로맨스 장르 과분 교훈 영화
WF_1681,watchapedia,film,내용 어쩌 전개 사건 초점 맞추 보이 다아시 엘리자베스 쌍방 첫눈 반하 보이 아쉽 서로 싫어하 견제 말리 처음 호감 배우 시커멓 어른 다아시 대인 관계 능하 임마 나이 그러
WF_1682,watchapedia,film,오만 편견 촛불 푸르 얼굴 비치 언제나 동시 사람 깃들 서로 대하 오만 편견 과실 사랑
WF_1683,watchapedia,film,오만 잘못 너무나
WF_1684,watchapedia,film,조라이트 연출 변태
WF_1685,watchapedia,film,영화 끝나 씰룩씰룩 거리
WF_1686,watchapedia,film,오만 사람 사랑 만들 편견 사람 사랑 못하 만들 영화 가장 함축 문장
WF_1687,watchapedia,film,오만 편견 잡히 사람 그거 사랑 빠지
WF_1688,watchapedia,film,옛날 브리 이후 아쉽 분명 옛날
WF_1689,watchapedia,film,아름답 영화
WF_1690,watchapedia,film,제인 오스틴 아름답 스토리 당시 여러 신분 다양 모습 가치관 반영 흥미 편견 공감 주제 흥미 전개 통하 표현 생각
WF_1691,watchapedia,film,갑갑 로맨스키 연기
WF_1692,watchapedia,film,원작 제목 수준 실내 공간 유려 카메라 워킹 인상 영화 유명 원작 소설 어떠 장르 원점 장르 현대 발전 요소 다시 탄생 작품 영화 생각 편견
WF_1693,watchapedia,film,영화 전반 분위기 남자 배우 눈빛 사연 백만 담기 계속
WF_1694,watchapedia,film,편견 사로잡히 과거 반성
WF_1695,watchapedia,film,여주 매력 매력 뚜렷 한국 많이 다르 풍습 적응 힘들
WF_1696,watchapedia,film,명작 나이틀리 인간 예쁘 안절부절 귀엽 난리 다시 기분 행복
WF_1697,watchapedia,film,오래 원작 소설 다시 영화
WF_1698,watchapedia,film,오랫동안 사랑 영화 고전 이유 오만 사람 사랑 편견 사람 사랑 감상 너무나
WF_1699,watchapedia,film,오만 편견 가지
WF_1700,watchapedia,film,잔잔 아름답 황홀 사랑 의미 편견
WF_1701,watchapedia,film,살아가 상대방 첫인상 오만 편견 이루 그것 버리
WF_1702,watchapedia,film,리지
WF_1703,watchapedia,film,미스터 다아시 넘넘
WF_1704,watchapedia,film,제목 내용 완벽
WF_1705,watchapedia,film,원작 무척 좋아하 영화 보이 배역 훌륭 연기 기분 감상
WF_1706,watchapedia,film,너무나 아름답 이야기 키스 멋있 사랑 축복 아버지 웃음 사랑 빠지 표정 사람 간질간질 제목 영화
WF_1707,watchapedia,film,미스터 다아시
WF_1708,watchapedia,film,오만 편견 따듯 사랑
WF_1709,watchapedia,film,재산 독신 남자 아내 필요 인정 진리 절대 잊히 발음 말투 시대 분위기 키이라 조합
WF_1710,watchapedia,film,매튜 맥퍼딘 눈빛 모든 개연 담기 영화 특별 영화 아름답 음악 원작 각색 자주 생각나 좋아하 배우 연기 인상 엔딩 도널드 서덜랜드 최고
WF_1711,watchapedia,film,2021.01.04. 사람 사랑 무척 엇갈리 엇갈리 엇갈리 진정 사랑 자리 돌아오 마련
WF_1712,watchapedia,film,다아시 행복
WF_1713,watchapedia,film,다아시 때문 0.5 감점
WF_1714,watchapedia,film,
WF_1715,watchapedia,film,로맨스
WF_1716,watchapedia,film,마렵 장면 가끔 21 영화 기분 영화
WF_1717,watchapedia,film,괜찮 사람 만나 어른 스럽 과정 완성
WF_1718,watchapedia,film,사랑 시작 대하
WF_1719,watchapedia,film,서로 거부 처음 거짓 다아시 엘리자베스 오르 전기 느끼 소리 지르 버리 좋아하 엘리자베스 성큼성큼 걸어오 마지막 본인 마음 얘기 장면
WF_1720,watchapedia,film,고전 바탕 영화 남자 하나같이 눈빛 죽이 눈빛 개연 나이틀리 시대 적역 확인 매튜 맥패디언 절제 연기 돋보이 다아시 고백 떨리 젠틀
WF_1721,watchapedia,film,오만 편견 가리 사랑 기다리 아직 가치
WF_1722,watchapedia,film,서투르 투박 그만큼 날것 감정 드러나 열렬 사랑 고백
WF_1723,watchapedia,film,내내 잔잔 소소 웃음 미소 만들 영화 생각 그리
WF_1724,watchapedia,film,첫인상 중요
WF_1725,watchapedia,film,행복 스토리
WF_1726,watchapedia,film,미장 고전 명작 합치
WF_1727,watchapedia,film,애칭 부르 매일 리지 부르 일요일 진주 신성 여신 부르
WF_1728,watchapedia,film,관념 편견 가득 아무리 공정 생각 그것 역시 주관 견해
WF_1729,watchapedia,film,변하
WF_1730,watchapedia,film,엄청 훌륭 음식 모르 시대상 등장인물 심리 이해
WF_1731,watchapedia,film,흔하 키스 없이 다시 가슴 설레 영화
WF_1732,watchapedia,film,여자 죳나 이쁘
WF_1733,watchapedia,film,고등학교 친구 가장 좋아하 영화 예쁘 친구 지내
WF_1734,watchapedia,film,오만 편견 가지 헤헤
WF_1735,watchapedia,film,오만 편견 틀리 깨닫 그대로 사람 첫인상 섣부르 결정 뒤늦 후회 몰려오 영화 해피엔딩 보통 현실 반대
WF_1736,watchapedia,film,러브 스토리 클리셰 소설 원작 소설 그나마 옮기 노력 영화 캐릭터 영화 서로 오해 다시 기승 결혼 모르
WF_1737,watchapedia,film,시대상 만들 오만 편견
WF_1738,watchapedia,film,키스 없이 달달하 영화 로맨스 영화
WF_1739,watchapedia,film,정석
WF_1740,watchapedia,film,개연
WF_1741,watchapedia,film,섬세하 다시 원작 만들 영화
WF_1742,watchapedia,film,화면 소리 예쁘 근데 원작 절대 재밌 원작 내용 따르 사건 대화 사라지 특유 해학 실종 영국 고전 문화 생소 현대 휴먼 특히 참담 영화 소설 문화 생경 이해 납득 부분 영화 더하 소설 도대체 다행히 최근 소설 때문 재밌 대목 줄이 방법 생략 신기 상상 하나같이 다르 배우 훌륭 베넷 식사 궁금 때깔 납득 베넷 부인 생각 소설 영상 부정 이제 그런 좋아하 사람 이해 결과물 상상 비교 재미 쏠쏠
WF_1743,watchapedia,film,영화 사회상 보이 결혼 현실 기우 혼사 명언 흐르 돌아다니 현재 결혼 시장 생각 요즘 사람 정치 올바르 평등 배려 얘기 쿨하 본질 변하 세월 지나 남자 여자 외모
WF_1744,watchapedia,film,진정 사랑 사랑 행복 오만 편견 실타래 풀리 더욱 발하
WF_1745,watchapedia,film,전개 빠르 원작 소설 내용
WF_1746,watchapedia,film,갈대 대박
WF_1747,watchapedia,film,수많 오만 편견 진심 나오 장면 장면 액자 아름답 영화
WF_1748,watchapedia,film,설레 영화 엘리자베스 오만 편견 미묘 경계선 풀리 감정 섬세 표현 아으 설레 어톤먼 오랜만 다시 예쁘
WF_1749,watchapedia,film,오만과 편견 다아시 엘리자베스
WF_1750,watchapedia,film,주인공 감정 그대로 따라가 영화 영화 내내 설레 떨리 주인공 제외 여자 인물 지나치 수동 그리 남자 주인공 돋보이 소모 그거 영상미 음악 스토리 전개
WF_1751,watchapedia,film,엘리자베스 드아시 얼굴 차이
WF_1752,watchapedia,film,1894 발표 신데렐라 이야기 워킹 타이틀 스럽 해석
WF_1753,watchapedia,film,다시 돌아오 돌아오 돌아오 다시 돌아오 돌아오 다시 돌아오
WF_1754,watchapedia,film,속단 고민 계속 생각 키이라 나이틀리 리지 휘둘리 단단 주관 얼굴 눈웃음 깃들 창피 흔들리 간질간질 감정 커지 충돌 터지 아물 서로 마주
WF_1755,watchapedia,film,편견 그까
WF_1756,watchapedia,film,오만 편견 가지 사랑 빠지 생각
WF_1757,watchapedia,film,꼬리 내려가 다아시 리지 베넷
WF_1758,watchapedia,film,사랑 스럽
WF_1759,watchapedia,film,머리 구렛나루 수염 때문 집중 왓챠플레이
WF_1760,watchapedia,film,텍스트 느끼 모습 가슴 설레 텍스트 영상물 인칭 인칭 차이 보다 다아시 감정 캐릭터 입체 느끼 볼룸 연극 연출 근데 떠올리 미스터 느낌
WF_1761,watchapedia,film,집중 출근 꾸역꾸역
WF_1762,watchapedia,film,키스 없이 사랑 느끼 만들 영화
WF_1763,watchapedia,film,3.9 인생 로맨스 영화 키스 없이 압도 사랑 방식 색시 사랑 그녀 서투르 모습 귀엽 인생 들어가 영화 이제서야
WF_1764,watchapedia,film,예쁘 태어나 능력 남자 부잣집 시집가 여자 인생 최대 목표 부모 평생 소원 시대상 불편 15 쓰레기 시집가 드디어 시집보내 기뻐하 베넷 부인 얄밉 사실 명작 꼽히 소설 가난 여자 엄청나 부자 시집가 인생 전형 신데렐라 스토리 시대 변하 스스로 인생 개척 여자 적나라 결혼 대하 지금 별반 달라지 아직 여자 결혼 통하 신분 상승 경향 그런 여자 자존심 상하 남자 능력 여자 외모 재력 구도 계산 관계 속물 생각 여자 인생 결혼 중요 공부 성형 이득 조소 날리 사랑 빈털터리 결혼 시원 불편 불편 모르 생각 바뀌 속물 평생 사람 만나 사람 사회 지위 그거 가르 어이없 주체 결정 내리 자립 능력 여자
WF_1765,watchapedia,film,내용 표현 영화 감정 세세히 느끼 영화
WF_1766,watchapedia,film,명작 감정 이해
WF_1767,watchapedia,film,주인공 감정 따르 섬세 옮기 카메라 시선 마차 다아시 장면 석세션 영화
WF_1768,watchapedia,film,동화 연출 어른 스럽 서사
WF_1769,watchapedia,film,초반 부분 생각 지루 전반 지루 점차 내용 몰아치 집중도
WF_1770,watchapedia,film,나이틀리 아름답
WF_1771,watchapedia,film,사랑 시작 방법 이야기 편견 사람 진실 바라보 용기 시작 조건 부도 신분 중요 사람 진실 이해 시작 항상 새롭 시작
WF_1772,watchapedia,film,장님 작은 아씨들 제목 어울리 영화 귀엽 사랑 스럽 때때로 오만 가끔 편견 사로잡히 이야기 시대 반영 속물 가치관 가끔 몰입 방해 내면 다루 이야기 가치 높이 직설 솔직 갈등 마음 헤아리 감사 인연
WF_1773,watchapedia,film,재미있
WF_1774,watchapedia,film,리지 성격 멋있
WF_1775,watchapedia,film,모르
WF_1776,watchapedia,film,진정 사랑 눈물 글썽이 아버지 웃음
WF_1777,watchapedia,film,오만 부수 편견 건너
WF_1778,watchapedia,film,당연 생각 오만 행동 편견 당당히 나가 사람 사랑 열렬하
WF_1779,watchapedia,film,서로 버리 마음 새삼 멋지 생각
WF_1780,watchapedia,film,히히 취향 영화 배경 음악 채도 배경 조화 최고 주인공 동공 연기 대박 잔잔 두고두고 생각 매년 가을 꺼내 영화
WF_1781,watchapedia,film,다아시
WF_1782,watchapedia,film,관람 영화 끝나 잘생기 보이 미스터 다이시
WF_1783,watchapedia,film,원작 워낙에 재밌
WF_1784,watchapedia,film,어쩜 넷플릭스 한글 자막 몰입 방해
WF_1785,watchapedia,film,로맨스물 칙릿 원조
WF_1786,watchapedia,film,좋아하 영화 이제 리지 스스로 다시 찾아가 이제 아씨 버리 만족 다시 벌떡벌떡 일어나 장면 위트
WF_1787,watchapedia,film,1. 면역 내내 발암 물질 사리 생기 진심 엄마 2. 진심 명작 고전 소설 모르 소설
WF_1788,watchapedia,film,영화 제일 오만 편견 가지 사람
WF_1789,watchapedia,film,나이틀리 매력 예쁘 영상미 예쁘 영국
WF_1790,watchapedia,film,오만 편견 제목 의미 다아시 오만 사랑 무너지 엘리자베스 편견 역시 사랑 무너지 엘리자베스 다아시 오만 사람 다아시 내면 들여다보 첫인상 엘리자베스 역시 오만 영화 내용 언뜻 결혼 환장 남자 환장 여자 비추 나름 영화 남녀 자연 스럽 만남 솔직 마음 미묘 심리 표현 진정 행복 바라 아버지 마음 느끼 마지막 장면
WF_1791,watchapedia,film,오만 편견
WF_1792,watchapedia,film,제인 오스틴 자가 복제 설득 비슷하 예제 빠지 에드 시런 결혼 다시 적합 목소리 지니 그거 메리 귀엽 쩌리 취급
WF_1793,watchapedia,film,모든 장면 아름답 영화
WF_1794,watchapedia,film,멋지 풍경 아름답 사랑 키스 없이 사랑
WF_1795,watchapedia,film,명화 복숭아리 제목 때문 진지 영화 러브 스토리 처음 에스 코트 팅글
WF_1796,watchapedia,film,아름답 끝나 시작 지난
WF_1797,watchapedia,film,좋아하 영화 시절 왠지 기분 영화 결혼 여성 모든 나오
WF_1798,watchapedia,film,키스 나오 간질간질 줄타기 사랑 너무나 느끼 클래식 서정 영화 표본
WF_1799,watchapedia,film,포스터 주인공 얼굴 다아시 리지 사랑 빠지 사람 감정 애타
WF_1800,watchapedia,film,영화 처음 울림 내일 수록 가슴속 점점 각인 라라 랜드 오만 편견 그러 이토록 로맨틱하 새벽녘 등지 이슬 걸어오 다아시 모습 황홀 서정 로맨틱하
WF_1801,watchapedia,film,사랑 빠지 바보
WF_1802,watchapedia,film,먼저 먼저
WF_1803,watchapedia,film,이브 티보데 연주
WF_1804,watchapedia,film,
WF_1805,watchapedia,film,사람 고전 좋아하 이유 영상미 예쁘 재미
WF_1806,watchapedia,film,연기 배경 영상 엄마 막내 여동생 덩어리
WF_1807,watchapedia,film,사랑해요 열렬히
WF_1808,watchapedia,film,영화 나쁘 재밌 러닝 타임 오만 편견 영화 드라마 어울리 여운 느끼 없이 빠르 지나가 아쉽 영화
WF_1809,watchapedia,film,서로 부족 인정 받아들이 마음 따뜻 영화
WF_1810,watchapedia,film,19 세기 오만 편견 21 세기 달라지
WF_1811,watchapedia,film,한국 영화 스토리 별반 차이
WF_1812,watchapedia,film,츤데레싸가지남주 가난 현명 당차 클리셰 원조
WF_1813,watchapedia,film,콜린 퍼스 얼굴 납득 마지막 찰나 잘생기 보이 다아시 사실 제인 커플 감정 따라가 200824
WF_1814,watchapedia,film,소설 와닿
WF_1815,watchapedia,film,굉장히 안정 종합
WF_1816,watchapedia,film,사람 만나
WF_1817,watchapedia,film,
WF_1818,watchapedia,film,시대 태어나 한심 시대 리지 아빠 제일 멋지
WF_1819,watchapedia,film,매튜 맥퍼딘 연기
WF_1820,watchapedia,film,재밌 나이 다아시 멋있 보이
WF_1821,watchapedia,film,키이 나이틀리 다아시 눈빛 반하
WF_1822,watchapedia,film,으으 자꾸 오만 사람 좋아하 오만 사람 절절 완전히 인소포인트
WF_1823,watchapedia,film,블루 레이 영화
WF_1824,watchapedia,film,오만 사람 사랑 만들 편견 사람 사랑 못하 만들
WF_1825,watchapedia,film,기억
WF_1826,watchapedia,film,아름답 영화 키이라 나이틀리 아름답 생각
WF_1827,watchapedia,film,완벽 영화
WF_1828,watchapedia,film,고급 초콜릿 박스 느낌 달콤 어지럽
WF_1829,watchapedia,film,오만 그녀 진실로 바라 편견 가지 진실로 바라 오만 남자 편견 가지 여자 인정 2022 사랑 스럽 감탄 나오 다아시
WF_1830,watchapedia,film,최고
WF_1831,watchapedia,film,오만 사람 사랑 만들 편견 사람 사랑 못하 만들 다아시 빗속 마음 고백 심장 영국 발음 완전 최고 영화 사람 편견 생각
WF_1832,watchapedia,film,사심 가득 평점 오만 편견 최애 고전 소설
WF_1833,watchapedia,film,기분 영화
WF_1834,watchapedia,film,정말로 사랑
WF_1835,watchapedia,film,다아시 오만 리지 편견 파란만장 러브 스토리 따듯 사랑
WF_1836,watchapedia,film,따라가 힘들 감정 생각 들어오 고백 감정 개연 만들
WF_1837,watchapedia,film,20.07.08
WF_1838,watchapedia,film,
WF_1839,watchapedia,film,모든 편견 시작
WF_1840,watchapedia,film,빨리
WF_1841,watchapedia,film,마지막 장면 원작 궁금
WF_1842,watchapedia,film,서사 감정 부족 나이틀리 리지 연기 완벽
WF_1843,watchapedia,film,다시 처음
WF_1844,watchapedia,film,다아시 사랑 눈빛 설레 미치 정신 차리
WF_1845,watchapedia,film,다시 재밌 가볍 무겁 적당 무겁 가볍 당황 스럽 앨런 릭먼 생각나 얼굴 목소리 가지 남자 배우 역할 찰떡 나이틀리 매력
WF_1846,watchapedia,film,
WF_1847,watchapedia,film,편견 행동 통하 깨어지
WF_1848,watchapedia,film,서로 의식 사람 시선 사이 아침 안개 버리 끈질기 긴장감 아버지 눈물 인상
WF_1849,watchapedia,film,순애보 다아시 구렛나루 다아시
WF_1850,watchapedia,film,고구마 처먹 영화 편견 세상 오만 여주
WF_1851,watchapedia,film,노골 제목
WF_1852,watchapedia,film,오만 편견 난무 와중 피어나 사랑
WF_1853,watchapedia,film,오래 작품 기억 개인 노트북 하위 호환 정도 작품
WF_1854,watchapedia,film,일렁이 감정 사랑 애틋 아름답 선율
WF_1855,watchapedia,film,사랑 직업 사회
WF_1856,watchapedia,film,고전 보이 애틋 편안
WF_1857,watchapedia,film,사랑 잠금 해제 기능 그것 오만과 편견
WF_1858,watchapedia,film,시대상 때문 집중 초반부 얼렁뚱땅 지나 애틋 설레 가득 로맨스 보이
WF_1859,watchapedia,film,과거 영화 4.5 머릿속 박히 명장면 지나 잊히 감상 역시 명작 다시 2020 12
WF_1860,watchapedia,film,사람 상황 따르 느끼 달라지 영화 비커밍 제인 영화 영화 처음 모르 가장 필요 시기 오만 편견 가득 엘리자베스 베넷
WF_1861,watchapedia,film,달콤 쌉싸름 원작 소설 재밌 흥미 활용
WF_1862,watchapedia,film,
WF_1863,watchapedia,film,오만 다아시 편견 가득 리지 시대극 나이틀리
WF_1864,watchapedia,film,가지 지독 편견 하도 사람 입방아 오르 오래 고전 명작 소설 되게 어렵 슬프 복잡 비극 소설 신분 격차 뛰어넘 사랑 클리셰 만들 시초 단순 신분 격차 그런 진부 영화 달달하 내내 집중 한편 단순 끝나 아쉽 그거 뛰어넘 멋지 캐스팅 연기 마음 사로잡 특히 마지막 청혼 받아들이 장면 결혼 나중 소설
WF_1865,watchapedia,film,콜린 퍼스 다아시 워낙 유명 영화 다아시 외모 적응 아쉬움 남기 관람 다시 영화 연출 영상미 드라마 감성 섬세 다아시 매력 보이 시작 손가락 연출 탈모 기운 신경 쓰이 목소리 멋있 눈빛 아련 보이 급기야 마지막 새벽 들판 걸어오 멋지 보이 다아시 외모 딸리 다아시 캐릭터 자체 가지 매력 대단하 다시 깨닫 짤린 리지 다아시 오그라들 달콤 엔딩 유튜브 검색 색다르 재미
WF_1866,watchapedia,film,
WF_1867,watchapedia,film,신데렐라 스토리 생각 가난 자매 부자 리지 해피엔딩 이유 리지 착하 성격 미모 가지 설득력 설레 영화 짠하 구하 백마 왕자 허술 완벽 리지 진심 다아시
WF_1868,watchapedia,film,사랑 진심 마주하 도달 키스
WF_1869,watchapedia,film,시집보내 프로젝트 추진 목숨 베넷 오만 편견 일등 신랑감 놓치
WF_1870,watchapedia,film,오만 편견 불식 사랑
WF_1871,watchapedia,film,사랑
WF_1872,watchapedia,film,서양화 옮기 화면 쇼팽 음악 검증 이야기 풍부 과하 색채 입히 여러 재탕 이유 나이틀리 엘리자베스 자체
WF_1873,watchapedia,film,오만 부르 편견 신념 만들 사랑
WF_1874,watchapedia,film,다르 오만 편견 오만 힘들 편견 힘들 극복 아름답 잔잔 여운 된장국 진하 매력 영화
WF_1875,watchapedia,film,그리 섬세 스케치 따뜻하 물들이 영화 리지 풍경 아름답
WF_1876,watchapedia,film,
WF_1877,watchapedia,film,다아시 오만 베넷 편견 많이
WF_1878,watchapedia,film,오만 사람
WF_1879,watchapedia,film,엘리자베스 움츠리 다아시 모습
WF_1880,watchapedia,film,몇몇 벅차오르 장면
WF_1881,watchapedia,film,사람 배경 시선 주변 킹카 매력
WF_1882,watchapedia,film,편안 영화 어쩜 이리 만들 나이틀리 중세 영화 어울리 오만 사랑 만들 편견 사랑 만들 멋지 사랑 사랑 행복 영화 아름답 보이 아빠 아빠 들어가
WF_1883,watchapedia,film,가족 오만 착각
WF_1884,watchapedia,film,이제 바라 이리 긴장 엔딩 아빠 리지 눈물 글썽이 장면
WF_1885,watchapedia,film,소설 영화 모범 영화
WF_1886,watchapedia,film,버티 따듯
WF_1887,watchapedia,film,풍경 분위기 사로잡히 열심히
WF_1888,watchapedia,film,오빠 좋아하 고전 고전 극성 사람
WF_1889,watchapedia,film,편견 사람 만들 수채화 영상미 감정 긴장감 와중 예쁘 엘리자베스 다아시 눈빛
WF_1890,watchapedia,film,안개 걷히 나오 다아시 모습 만나 점점 모습 오만 편견 걷히 사랑 명확히 보이 연출 인상 고전 작품 캐릭터 너무나 어울리 키이라 나이틀리
WF_1891,watchapedia,film,오만 편견
WF_1892,watchapedia,film,10 공감 달시 엘리자베스 10 10 투영 무어 변하
WF_1893,watchapedia,film,여성 결혼 생계 유지 인물 사고방식 당시 시대상 반영 불편 느끼 어쩌 사랑 단어 이르 느끼 감정 남발 사랑 몰입 방해
WF_1894,watchapedia,film,발랄 키티 자라 데이지
WF_1895,watchapedia,film,아무 배경 지식 없이 영화 이해 의문 분량 내용 호흡 빠르 템포 빠르 개월 걸치 내용 하룻밤 사이 일어나 마냥 빨리빨리 지나가 에피소드 끝나 에피소드 바로바로 이어지 나오 생각 정도 느낌 스크린 옮기 이거 영화 표현 호흡 드라마 적절
WF_1896,watchapedia,film,오만 편견 사랑 과정
WF_1897,watchapedia,film,
WF_1898,watchapedia,film,만족
WF_1899,watchapedia,film,오만 편견
WF_1900,watchapedia,film,인생 영화 슬며시 꺼내 영화
WF_1901,watchapedia,film,시대 어쩌 여자 남자 결혼 슬프 마지막 빗속 싸우 장면 인상
WF_1902,watchapedia,film,좋아하 배경 의상 시대 음악 감정 섬세
WF_1903,watchapedia,film,외부 요소 없이 사람 온전히 사랑 놀랍 위대 오만 사람 사랑 만들 편견 사람 사랑 만들
WF_1904,watchapedia,film,나이틀리 매력 영화
WF_1905,watchapedia,film,완벽 오만 편견 ❤️ 사랑 고전 영화 즐겁 엘리자베스 리지 부르 치우 머리 가발 남자 가발
WF_1906,watchapedia,film,불편 시대 시대 거만 남자 태도 극성 엄마 결혼 바라보 넘어가 몰입 내용 궁금 시작 마지막 이야기 흐름 마음 줄줄 뿌리 급급 그런 선호 어쩌 사람 보통 평점 피아노 선율 오해 행복 사람 기억
WF_1907,watchapedia,film,돌리 명장면 군데 로맨스 고전 세월 아무리 흐르 로맨스 반복
WF_1908,watchapedia,film,다시 새롭 디테일 소설 자신감 넘치 다시 보다 사랑 한없이 조심 스럽 영화 다시 매력 영화 작품 별개 왓챠 자막 신경 의역 오역 때문 분위기 망치 후반 자막 시대 특유 돌리 돌리 번역가 맘대로 다시 해석
WF_1909,watchapedia,film,행복
WF_1910,watchapedia,film,나이틀리 아름다움 분위기 피아노
WF_1911,watchapedia,film,카메라 워크 별로 쇼트 짤막짤막 소설 뎅강뎅강 자르 자꾸 끊기 느낌
WF_1912,watchapedia,film,잔잔 평화 진행 탄탄 스토리 영상미
WF_1913,watchapedia,film,재밌 자매 러브 스토리 남자 주인공 사랑 빠지 과정 흥미 멋있 사람 첫인상 판단 결정짓 되돌아보
WF_1914,watchapedia,film,만점 영화
WF_1915,watchapedia,film,제인 예쁘
WF_1916,watchapedia,film,생각 다아시 엘리자베스 오만 어쩌다 사랑 감정 이해 어쨌든 편견 없이 그대로 바라보 어렵 장님
WF_1917,watchapedia,film,이거 인생 영화
WF_1918,watchapedia,film,두껍 오만 편견 좋아하 지금 구체 내용 생각나 영화 처음 몰입 몽글몽글 귀엽 장면 소설 내용 단편 보이 그치 다아시 리지 감정 몰입 인물 매력 어쨌든 점수
WF_1919,watchapedia,film,호가 무섭
WF_1920,watchapedia,film,멋지
WF_1921,watchapedia,film,여주 얼굴 존예
WF_1922,watchapedia,film,정반대 남녀 서로 만나 변하 대하 이야기브금 연출 색감 어우러지 예쁘 로맨스 영화
WF_1923,watchapedia,film,내내 짜증 화장실 영화 멈추 처음 너무나 인위 전개 너무나 들어맞 억지로 끼우 맞추 어렵 전개 역겹 마무리 아깝 콜라 레이 기억 순박 매력 빙글리
WF_1924,watchapedia,film,로맨스 모르
WF_1925,watchapedia,film,오만 편견 결코 깨지 자아 해소 순간 느끼 카타르시스 사랑 무어
WF_1926,watchapedia,film,처음 느끼 감정 오만 편견 행동 하나하나 영향 미치 오해 풀리 갈등 깨끗이 해소 사랑 모르 편견 시작 101206
WF_1927,watchapedia,film,오래도록 사랑 이야기 거기 거기 생각 오만
WF_1928,watchapedia,film,감미 고전 사랑 스럽 남녀 감칠도 대사 위트 전개 감상 영상
WF_1929,watchapedia,film,마이 다아시
WF_1930,watchapedia,film,때로 편견 혜안 구분 못하 오만 무지
WF_1931,watchapedia,film,오만 사람 사랑 만들 편견 사람 사랑 못하 만들
WF_1932,watchapedia,film,주인공 감정 전혀
WF_1933,watchapedia,film,영화
WF_1934,watchapedia,film,재밌 영화 감흥
WF_1935,watchapedia,film,다아시 잘생기 보이 마법 일어나
WF_1936,watchapedia,film,드라마
WF_1937,watchapedia,film,시대극 현대극 가리 나이틀리 외모
WF_1938,watchapedia,film,진정 진심 언제나
WF_1939,watchapedia,film,
WF_1940,watchapedia,film,첫인상 사람 편견 빠지 상대 모든 파악 오만 사람 지나오 공백 가능 다아시 배우 사랑 빠지 눈빛
WF_1941,watchapedia,film,영화 빠지 이유 남녀 주인공 고집불통 매력
WF_1942,watchapedia,film,오랜만 사랑 스럽 영화
WF_1943,watchapedia,film,사랑
WF_1944,watchapedia,film,감독
WF_1945,watchapedia,film,원전 감성 구현
WF_1946,watchapedia,film,마지막 장면 최고
WF_1947,watchapedia,film,2019.12.07
WF_1948,watchapedia,film,오만 버리 편견
WF_1949,watchapedia,film,영화 최초 타이틀 가지 처음 중학교 비디오 빌리 처음 원서 처음 나이틀리 영국인 좋아하 신데렐라 스토리 오만 편견 보이 배우 나이틀리 처음 아름답
WF_1950,watchapedia,film,사랑 바보
WF_1951,watchapedia,film,오만 편견 사랑
WF_1952,watchapedia,film,마크 다아시 새벽 감성 뿜뿜 마음 편안 영화
WF_1953,watchapedia,film,자부심 오만 허영 편견 혜안 모호 경계 대하
WF_1954,watchapedia,film,갑자기 재미없 당황 키이라 나이틀리 조동혁 예쁘 나이틀리 생각 집중 개빡침 매력 전혀 느끼 사랑 영화 관람객 왕따 시키 전개 감정 그거 무어 내용 생각 엔딩 크레딧 기대 오랜만 영화 에바 시대 배경 때문 결혼 미치 그나마 매력 캐릭터
WF_1955,watchapedia,film,내내 지루 지혜 여자 대하 매력 지혜 여자 매력
WF_1956,watchapedia,film,사랑 사랑 사랑
WF_1957,watchapedia,film,잘생기
WF_1958,watchapedia,film,82
WF_1959,watchapedia,film,만들 영화 그제서야 유명 소설
WF_1960,watchapedia,film,다아시 고백 멋지
WF_1961,watchapedia,film,애매 심정 암튼
WF_1962,watchapedia,film,최고 로맨스 영화 손꼽히 영화 한동안 영화 빠지 반복 구매 정독 기억 시대 풍경 풍습 캐릭터 연기 완벽 영화 영화 키아라 나이틀리
WF_1963,watchapedia,film,편견 사람 사랑 못하 만들 오만 사람 사랑 만들
WF_1964,watchapedia,film,가장 인상 클로즈업 다아시 장면 영화 빠지
WF_1965,watchapedia,film,오만 버리 편견 사실 스토리 영상미 전개 방식 여운 영화
WF_1966,watchapedia,film,나이틀리 아름답
WF_1967,watchapedia,film,입체 여러 보이
WF_1968,watchapedia,film,진정 사랑 서로 내면 본연 모습 인정 상호 작용 그것 방해 오만 편견 사람 본질 왜곡 행위 대하 편견 시선 오만 내세우 위하 표출 오만 내면 향하 거짓 블라인드 소설 먼저 아쉽 장면 공백 느끼 인물 개개인 생각 성격 대하 비약 소설 깊이 따라가
WF_1969,watchapedia,film,진심 진실 마주 사람 비추 햇빛
WF_1970,watchapedia,film,영화
WF_1971,watchapedia,film,나이틀리 아름답 발하
WF_1972,watchapedia,film,
WF_1973,watchapedia,film,머리 영화 언제나 배신 모든 풍경 음악 아름답 영화 시대 폭력 답답
WF_1974,watchapedia,film,어리 못생기 보이 다아시 존섹 미남 보이
WF_1975,watchapedia,film,역시 오만 편견 콜린스
WF_1976,watchapedia,film,
WF_1977,watchapedia,film,장면 요약 리지 고백 다아시 펨벌리 다아시 다시 만나 새벽 광야 키스 영상 매력 감독 라이트 연출 감동 두근거리 소설 담아내 이하
WF_1978,watchapedia,film,아직 다아시 멋있 모르 이혼 평생 생각 미래 암담
WF_1979,watchapedia,film,2019.9.7 토요일
WF_1980,watchapedia,film,인생 가장 많이 영화 영화 계속 파이어 드레스
WF_1981,watchapedia,film,로맨틱하 팔리 느낌 어쩌
WF_1982,watchapedia,film,어리 기억 흐리 그것 생각나 내리 마차 다아시 서툴 외치 장면
WF_1983,watchapedia,film,제목 부정
WF_1984,watchapedia,film,나이틀리 엘리자벳 역시 다아시
WF_1985,watchapedia,film,정확히 기억 만족감 로맨스
WF_1986,watchapedia,film,처음 리지 외모 치이 다아시 눈빛 치이 전체 색감 시대 분위기 치이 달달하 장면 아쉽 유튜브 오만 편견 미국 미국 나오 마지막 장면
WF_1987,watchapedia,film,2010.08.072015.08.31
WF_1988,watchapedia,film,카메라 엥글 활용 영상미 아름 작품 라이트 뮤즈 키이라 나이틀리 아름답 나오 작품
WF_1989,watchapedia,film,전형 신데렐라 스토리
WF_1990,watchapedia,film,때로 사람 오랫동안 진가
WF_1991,watchapedia,film,워낙 재밌 기대 여주 캐스팅
WF_1992,watchapedia,film,대하 섣부르 재단 그간 가로막 음악 영상미 돋보이
WF_1993,watchapedia,film,마지막 아버지 웃음 모든 해피앤딩
WF_1994,watchapedia,film,작품 빅뱅 이론 쉘든 생각 남자 지독히 오만 여자 지독히 편견 인생 영화
WF_1995,watchapedia,film,그야말로 소설 기분
WF_1996,watchapedia,film,배경 원작 상상 비슷 표현
WF_1997,watchapedia,film,
WF_1998,watchapedia,film,고전 대하 오만 편견 부시 영화 글자 만나 영상미 멋지 스크린 음악 22.9.10 음악 찰떡 중간 중간 나이틀리 예쁘 채도 컬러 사촌 청혼 거절 뛰어가 엘리자벳 오리 오마 뒷모습 최애 킬포 다아시 손가락 킬포 뚜뚱 귀엽 장면 놓치 파티 처음 영화 아무래도 이거 앨범 아씨
WF_1999,watchapedia,film,
WF_2000,watchapedia,film,말다툼 장면 대사 연기 완벽
WF_2001,watchapedia,film,편견 사람 사랑 못하 만들 오만 사람 사랑 만들
WF_2002,watchapedia,film,
WF_2003,watchapedia,film,다아시 부인 다아시 부인 다아시 부인
WF_2004,watchapedia,film,오해 특히
WF_2005,watchapedia,film,영화 수십 아직 리뷰 영화 도입부 연출 오만 편견 사람 사람 감동 자연 스럽 전개 나가 도입부 도입부 영화 도중 리지 시선 따르 영화 다아시 시선 따르 영화 다르 새롭 시작 다아시 시선 리지 쫓아다니 나이틀리 보이 엘리자베스 다아시 반짝이 사랑 스럽 거리 로맨스 영화 마무리 미국 버전 왓챠플레이 올라오 아쉽 영국 버전 결말 사랑 미스터 베넷 마지막 대사 눈물 미국 버전 로맨스 영화 스럽 사랑 이거
WF_2006,watchapedia,film,190624
WF_2007,watchapedia,film,감정 긴장감 극대 연출 여러 수록 감정
WF_2008,watchapedia,film,키이라나이틀리랑 로자먼드파이크 예쁘 분위기 버리 언니 손민수 정도
WF_2009,watchapedia,film,사랑 언어 표현 방식
WF_2010,watchapedia,film,어렵 사랑
WF_2011,watchapedia,film,오만 사람 사랑 만들 편견 사람 사랑 못하 만들
WF_2012,watchapedia,film,두세 이해 공감 만들 생각 특히 감정 묘사 자세히 대사 구간 적절히 지금 주인공 기분 느끼 배경 음악 적절 다아시 아쉽 0.5 다아시 매너 갑자기 박차 들어오 안절부절 심하 안절부절
WF_2013,watchapedia,film,19.05.29
WF_2014,watchapedia,film,미스터 다아시 점점 잘생기 과정 내리 와중 고백 유명 개인 저택 만나 부분 가장 좋아하 엘리자베스 에스 코트 부분 가히 백미
WF_2015,watchapedia,film,오만 편견 갇히
WF_2016,watchapedia,film,
WF_2017,watchapedia,film,오만 그녀 편견 서로 부딪히 가슴 두근두근
WF_2018,watchapedia,film,인연 만나 필요 진심 어리 마음 그거 표현 용기 선정 장면 없이 긴장감 설레 작품
WF_2019,watchapedia,film,장면 하나하나 멋있 분위기 담아내
WF_2020,watchapedia,film,어리 원작 엘리자베스 대단 생각
WF_2021,watchapedia,film,다시 배우 생기 얼굴 대사 분위기 멋있 잘생기 보이
WF_2022,watchapedia,film,영화 다아시 캐릭터 괜찮 영상 아름답 마지막 부분 새벽 들판 장면 새벽 공기 마시 느낌 정도
WF_2023,watchapedia,film,세련 포장 영국 인소 예쁘 나이틀리 아름답 배경
WF_2024,watchapedia,film,메이 사랑 빠지 불현듯 영화 중얼거리
WF_2025,watchapedia,film,거제도
WF_2026,watchapedia,film,나이틀리 연기 엘리자베스 시종일관 매튜 맥퍼딘 연기 다아시 시종일관 딱히 나쁘 소설 마음 그리 캐릭터 다르 당황
WF_2027,watchapedia,film,잘생기 연기 배우
WF_2028,watchapedia,film,300 쓰이 내용 놀라 다시 영화 묘사 뛰어나
WF_2029,watchapedia,film,아름답
WF_2030,watchapedia,film,미스터 다아시 구레나룻 자꾸 보이 꽂히 깎이
WF_2031,watchapedia,film,기존 영화 재밌
WF_2032,watchapedia,film,오만 제대로 못하 편견 때문 미리 단정 버리 과거 후회 사랑 빠지 동화 이야기 그런 사랑 만들
WF_2033,watchapedia,film,사랑 오만 편견 애증 표현 욕심 부모 떠나보내 슬픔 기쁨 착각 용기 자격지심 거짓 실수 행복
WF_2034,watchapedia,film,다시 다시 거슬리
WF_2035,watchapedia,film,작품 세월 흐르 이리 새롭
WF_2036,watchapedia,film,새벽 이슬 심야 촛불 정서 위태 불안 고이
WF_2037,watchapedia,film,2006.3.24 둔산 프리머스
WF_2038,watchapedia,film,소식 새벽 걸음 터벅터벅 걸어오 남자 모든 위하 아직 지금 감정 변하 꺼내 남자 이토록 정중 매너 나라 거절 오만 불쾌 문제 아빠 사랑 사랑 빠지 아빠 남자 대하 이야기 그런 아빠 눈물 예쁘 사랑 장면 아름답
WF_2039,watchapedia,film,캐스팅 발하 예시 고전 가득 나이틀리 시대 담아내 모든 시퀀스 눈부시 아름답
WF_2040,watchapedia,film,편견 사실 받아들이 오만 깨어지 사랑 만남 관하 이야기
WF_2041,watchapedia,film,영화 나오 모든 완벽 영화 매튜 맥퍼딘 다아시 생각 나이틀리 엘리자베스 생각 불안 최고 영화
WF_2042,watchapedia,film,다아시 콜린 퍼스 이기 편협 마음 가지 오만 알라뷰
WF_2043,watchapedia,film,나이틀리 시대극 발하
WF_2044,watchapedia,film,미국판 엔딩 로맨스 영화 가장 완벽 엔딩 감히
WF_2045,watchapedia,film,전형 로맨스 갑부 가난 점수 이유 원작자 제인 오스틴 날카롭 조소 리얼리즘 묘사 그녀 계열 오리진 때문 필요 클로즈 거슬리 인물 배경 전경 사용 장면 연출 풍경화 배경 어우러지 영화 과거 당시 14 영화 세상 제일 지루 영화 생각 학교 토요일 재량 교과 수업 영화 관람 선생 도서관 영화 고르 가지 방식 진행 선생 사이 나름 경쟁 시작 도서관 한정 영상 자료 가운데 재밌 영화 경쟁 시작 영화 먼저 학생 스포일러 난무 그거 먼저 느낌 싫어하 담임 국어 여자 선생 과학 남자 담임 선생 가위바위보 이기 사람 오만과 편견 킹덤 오브 헤븐 먼저 선택 정하 남학생 학생 킹덤 오브 헤븐 원하 담임 선생 이기 기도 결과 놀랍 담임 선생 승리 솔직히 기도 기대 놀라움 감추 담임 선생 가위 바위 이기 오만 편견 고르 오만 편견 문학 가치 남자 중학생 모이 생활 사춘기 보내 과정 여성 마음 이해 연애 전쟁 이유 결과 처참 가발 영국 여성 군인 무도회 시집 주인공 엄마 재미 지루 무기 튀기 전쟁 원하 사랑 싸움 영화 끝나 감동 담임 선생 학생 포함 대다수 학생 그날 이후 오만 편견 최고 지루 시대극 생각 가지 생각 27 시나리오 전공 공부 사랑 이해 유효
WF_2046,watchapedia,film,북미버젼 엔딩 다아시 스윗
WF_2047,watchapedia,film,사랑 타이밍 반론 제기 전형 고전 문학
WF_2048,watchapedia,film,1. 간간히 나오 테이크 봐주 2. 마차 나이틀리 떨리 달시 수줍 모습 귀엽 3. 콜린스 막무가내 엄마 짜증 4. 여자 유산 상속 남자 위주 사고방식 지니 이야기 받아들이 여자 결혼 시대 사고방식 답답 벌써 14 영화 키이라 나이틀리 예쁘 6. 영화 색감 예쁘 노을 필터 입히 7. 원작
WF_2049,watchapedia,film,오롯이 사람 자체 마주하 사랑
WF_2050,watchapedia,film,음악 원작 다르 이미지 남주 당황
WF_2051,watchapedia,film,오만 편견 제목 우회 메세지 대사 오만 남자 그러 편견 나오 그대로 놀라
WF_2052,watchapedia,film,극성 엄마 정신 나가 만들 스토리
WF_2053,watchapedia,film,미세스 다시
WF_2054,watchapedia,film,원작 무척 좋아하 영화 보이 배역 훌륭 연기 기분 감상
WF_2055,watchapedia,film,다아시 사랑
WF_2056,watchapedia,film,사랑 마음 피하 직접 대면 그것 상대방 꾸밈없이 보이 보이 사랑 당연히 존재 이루
WF_2057,watchapedia,film,제목 어울리 영상미 이쁘 영국 발음 매력 다시
WF_2058,watchapedia,film,오만 편견 갇히 사랑 못하 영화
WF_2059,watchapedia,film,틀리 풋풋하
WF_2060,watchapedia,film,시대 좋아하 영화 쓰리
WF_2061,watchapedia,film,여러 돌리 마음
WF_2062,watchapedia,film,
WF_2063,watchapedia,film,오만 잘못
WF_2064,watchapedia,film,오만 사람 사랑 만들 편견 사람 사랑 못하 만들
WF_2065,watchapedia,film,시대
WF_2066,watchapedia,film,마음 박히 아무렇 언제나
WF_2067,watchapedia,film,순간
WF_2068,watchapedia,film,71 종강 80 나이틀리 예쁘 다아시 매력
WF_2069,watchapedia,film,섣부르 판단 일으키 오해 오해 나가 사랑
WF_2070,watchapedia,film,감정 다아시 눈빛
WF_2071,watchapedia,film,실망 예상 소설 영화 포기 소설 비교 몰입 소설 주요 부분 요약 전반부 가볍 느낌 강하 인물 심리 묘사 충분히 이루어지 후반부 요소 위하 원작 다르 부분 부분 몰입 구상 이미지 덕분 시대 배경 대하 이해 높이 동시 환상 제인 다아시 깨어지 원작 인물 심리 특히 중요 다루 소설 제목 오만 편견 영화 오만 편견 제대로 드러나 바람 사라지 러닝 타임
WF_2072,watchapedia,film,로맨스 정석 고답 남주여주의 클래식 버전 넘모
WF_2073,watchapedia,film,먼저 접하 하사 작품
WF_2074,watchapedia,film,모르 영화 사랑 방법 모르
WF_2075,watchapedia,film,진부 예쁘
WF_2076,watchapedia,film,평범 각색 뛰어나 연출 충분히 커버 영상미 음악 적재적소 배치 나이틀리 연기 화룡점정
WF_2077,watchapedia,film,오만 누르 편견 서로 보이
WF_2078,watchapedia,film,영어 시험 억지로 세상 별로 시청 그러 추천 별로 똑똑히
WF_2079,watchapedia,film,글쎄
WF_2080,watchapedia,film,사람 항상 변칙 영화 제목 오만 편견 사람 사랑 이야기 아름답
WF_2081,watchapedia,film,처음 영화 좋아하 폭우 엔딩 사실 영화 백미 마주 장면 영화 생기 로망 시골 한국 시골 풀밭 마침 차갑 색감 전반 따뜻 햇빛 슬슬 올라오 느끼 햇빛 세상 만물 하루 시작 알리 다가오 신선 새벽 공기 주변 가득 연인 사랑 고백
WF_2082,watchapedia,film,사람 사람 관계 오만 편견 필요
WF_2083,watchapedia,film,미쎄스 다쉬 져지 질리
WF_2084,watchapedia,film,오만 편견 가지 그것 깨트리 사랑 필요
WF_2085,watchapedia,film,사랑 만나
WF_2086,watchapedia,film,아름답 영상 주인공 관계 흥미
WF_2087,watchapedia,film,느끼 최고 영화
WF_2088,watchapedia,film,고전 문학 클래식 옮기 아름답 수작 카메라 워크 희한 느낌
WF_2089,watchapedia,film,영화 끝나 포스터 남자 주인공 외모 때문 영화 반성 마음 다아시 매튜 맥퍼딘
WF_2090,watchapedia,film,음악 2019.10.27 다시 사랑 빠지
WF_2091,watchapedia,film,4.5 한동안 연애 소리치
WF_2092,watchapedia,film,엄청나 철학 이름 가지 영화 생각 오만 편견 사랑 나이틀리 매력 집중 영화 멋있 브리짓 존스 멋있
WF_2093,watchapedia,film,2019.01.05 오만 내려놓 편견 벗어나 진실 사랑 도달 절제 배경 음악 아름답
WF_2094,watchapedia,film,긴장 영화 다아시 리지 기분
WF_2095,watchapedia,film,활자 영상
WF_2096,watchapedia,film,다아시 용기 마지막 아버지 웃음 모든 다시
WF_2097,watchapedia,film,오만 편견 극복 완성 사랑
WF_2098,watchapedia,film,다아시 새벽 걸어오 미쟝센 배경 음악 아름답 완벽
WF_2099,watchapedia,film,원작 느낌 그대로 살리 영화 소설
WF_2100,watchapedia,film,새롭 마지막 여운 많이 특히 피아노 선율 마지막 장면 장면 머리
WF_2101,watchapedia,film,인생 최고 영화
WF_2102,watchapedia,film,고전 가치관 부분 감안 미장센 재미 소품 하나하나 건지 생각 공부 리지 캐릭터 재탕 영화 다아시 역할 배우 취향 리지
WF_2103,watchapedia,film,피아노 풍경 영화
WF_2104,watchapedia,film,
WF_2105,watchapedia,film,나이틀리 눈부시 여명 영상미
WF_2106,watchapedia,film,사랑 시대 머무르 생각
WF_2107,watchapedia,film,1. 콜린스 오래 기억 자격지심 서툴 행동 상당히 거슬리 귀족 사이 자존감 평생 살아가 처량 보이 영화 통틀 가장 불쌍 인물 고르 단연 동시 가장 인물 샬롯 행복 행복 정의 나름 원작 이렇게 주제 의식 또렷 기억 아무튼 영화 제목 걸맞 구성 오만 편견 헝거 게임 주요 인물 나오 아버지 자꾸 갑자기 냉혈한 변하 리디아 갑자기 뛰어다니 서바이벌 시작 느낌
WF_2108,watchapedia,film,뿌리 오만 편견 가리 용도 2018.12.18
WF_2109,watchapedia,film,진정 사랑 모든 오만 편견
WF_2110,watchapedia,film,
WF_2111,watchapedia,film,감히 오만 생각 편견 쌓이 오만 편견 사람 진정 모습 보이
WF_2112,watchapedia,film,로코계 시조새 현실 츤데레 재수 왠지 짜릿
WF_2113,watchapedia,film,항상 새롭 대사 들어오 영화 음악 영화 색감 놀랍 영화 아름답 느끼 라이트 영화 케미 장난
WF_2114,watchapedia,film,사랑 소설 흡사 이미지 시키 기쁘 소설 모든 무리 급작스럽 전개 보이 영상미 캐스팅 리지 결혼 허락 아버지 사랑 듬뿍 느끼 부럽 테이크 인상 멈추 소설 다시
WF_2115,watchapedia,film,캐릭터
WF_2116,watchapedia,film,편견 사람 사랑 못하 만들 오만 사람 만들
WF_2117,watchapedia,film,제발 가슴 조리 영화
WF_2118,watchapedia,film,상상 리지 다아시 펨벌린
WF_2119,watchapedia,film,완벽 연출 완벽 음악 완벽 감정
WF_2120,watchapedia,film,오만 편견 상대방 그대로 가장 기본 지키 힘들 잊히 명언
WF_2121,watchapedia,film,제목 내용 떠오르 영화
WF_2122,watchapedia,film,다아시 오만 사랑 인하 사라지 엘리자베스 편견 사랑 인하 벗겨지 사랑 사람 이다지 바꾸
WF_2123,watchapedia,film,미스터 베넷 아버지
WF_2124,watchapedia,film,
WF_2125,watchapedia,film,다아시 다아시 빙의 자존감 넘치 절대로 잣대 부러지 여주 반하 버리 멀리 지키 그대
WF_2126,watchapedia,film,사랑 오래가 제인 사랑 더욱 보이 이유
WF_2127,watchapedia,film,오만 편견 흑백 세상 서로 바라보 세상 벗어나 처음 서로 아름답 색깔 만나 서로 모습 마음 아름답 오만 그녀 편견 가지 때문 서로 마음 아름답 아이러니 사랑 이야기
WF_2128,watchapedia,film,우아 카메라 워킹 사랑 대하 고전 오만 편견
WF_2129,watchapedia,film,구닥다리 시대 그녀
WF_2130,watchapedia,film,갈수록 여주인공 예쁘 보이 갈수록 주인공 멋지 보이 영화 그대로 오만 편견 완벽 조율 보이
WF_2131,watchapedia,film,사랑 작품 사랑 배우 완벽 조합 영화 장점
WF_2132,watchapedia,film,리지 다아시 사람 다아시 다아시
WF_2133,watchapedia,film,글쎄 느끼 심리 변화 느끼 러닝 타임 영화 어쩌 대신 인물 튀어나오 그림 키이라 나이틀리 이쁘
WF_2134,watchapedia,film,나드
WF_2135,watchapedia,film,개인 때문 별점 여러 질리 사랑 스럽 영화
WF_2136,watchapedia,film,가끔 문득 생각나 영화
WF_2137,watchapedia,film,영화 원작
WF_2138,watchapedia,film,나이틀리 사랑
WF_2139,watchapedia,film,지루 나이틀리 영상 화보집
WF_2140,watchapedia,film,영상미 음악 배우 연기 모든 완벽 영화 생각 오랜만 사춘기 소녀 떨리 설레 느끼 영화
WF_2141,watchapedia,film,여운 빠지
WF_2142,watchapedia,film,재밌
WF_2143,watchapedia,film,편견 사람 사랑 못하 만들 오만 사람 사랑 만들
WF_2144,watchapedia,film,그대로 오만 상대 향하 편견
WF_2145,watchapedia,film,평범 사랑 이야기 다아시 고백
WF_2146,watchapedia,film,존재
WF_2147,watchapedia,film,드라마 영화 걸치 내용 줄이 빠지 내용 때문 아쉽 부분 드라마 영화 다행 생각 전체 드라마 취향 다아시 드라마 영화 콜린 퍼스 영화 다아시 사람 빗속 고백 그러 드라마 영화 다아시 화내 리디아 도망가 드라마 스윗다아시 암튼 드라마
WF_2148,watchapedia,film,로맨스 영화 취향 편견 영화
WF_2149,watchapedia,film,미스터
WF_2150,watchapedia,film,미치 작품
WF_2151,watchapedia,film,빠지
WF_2152,watchapedia,film,나이틀리 찰떡
WF_2153,watchapedia,film,영화 재밌
WF_2154,watchapedia,film,무난 원작
WF_2155,watchapedia,film,아직 영화 이해도 떨어지
WF_2156,watchapedia,film,
WF_2157,watchapedia,film,진심 어리 사랑 오만 편견
WF_2158,watchapedia,film,소설 고스란히 옮기 유려 연출 개성 넘치 캐릭터 후반부 밋밋
WF_2159,watchapedia,film,다아시 오만 리지 편견
WF_2160,watchapedia,film,미국판 플레이 마지막 장면 잘리
WF_2161,watchapedia,film,영화 모든 사랑 스럽 줄기 햇살
WF_2162,watchapedia,film,주문
WF_2163,watchapedia,film,영화 오만 편견 제목 의미 오래 영화 배우 풍경 음악 모든 아름답 제목 의미 생각 다르 자연 스럽 녹아들
WF_2164,watchapedia,film,다아시 영화
WF_2165,watchapedia,film,츤데레 재벌남 시초
WF_2166,watchapedia,film,연출 너무나 아름답 폭풍우 서로 감정 쏫아 살짝 살짝 보이 떨리 호감 마차 오르 오만 단점 넌지시 다시 만나
WF_2167,watchapedia,film,처음 영화 평점 3.0 다시 3.5 수정 콜린 퍼스 다아시 편견 빠지 분명 원작 느낌 많이 다르 매튜 매퍼딘 다아시 매력 빠지 영화 초반 오만 사랑 빠지 다아시 눈빛 발사
WF_2168,watchapedia,film,좋아하 영화 다시
WF_2169,watchapedia,film,원작 부잣집 시집보내 성공
WF_2170,watchapedia,film,오만 편견 가지 사랑 모든 소용 그토록 대단 사랑 존재 소용
WF_2171,watchapedia,film,생각 다르 영화 영화 모르 전율 느끼 잔잔
WF_2172,watchapedia,film,다아시 눈빛
WF_2173,watchapedia,film,리지 처량 다아시 눈빛 여자 무장 해제 리지 웃음 이야기 세상 꺼내 제인 오스틴 이거 영상 영화 감독 최고
WF_2174,watchapedia,film,어제 영국 영화 꽂히 이마 살짝 아쉽 아미 해머 자꾸 떠오르 키스 사랑 영화 어서 원작
WF_2175,watchapedia,film,영국
WF_2176,watchapedia,film,서툴 부분 인정 존중 모습 아름답
WF_2177,watchapedia,film,여자 남자 서로 대하 서로 오해 생기 마련 서로 오만 편견 이해 사랑 이야기 영상미 예쁘 내내 즐겁
WF_2178,watchapedia,film,잘생기 츤데레 남자 사랑 지금 영화 영상 색감
WF_2179,watchapedia,film,엘리자베스 소설 드라마 보다 매력 다아시 매력 빠지 역부족
WF_2180,watchapedia,film,사로잡히 버리 심장
WF_2181,watchapedia,film,오만 대하 편견 편견 부르 오만
WF_2182,watchapedia,film,상상 다아시 매력 아쉽
WF_2183,watchapedia,film,시대극 어색 고전 느낌
WF_2184,watchapedia,film,계절 가을 햇살 무뚝뚝 톡톡 녹아들 설레
WF_2185,watchapedia,film,서로 증오 사랑 관계 흘러가 취향 가슴 설레 미치
WF_2186,watchapedia,film,레전드 레전드 인생 레전드 영화 영화 다이시 눈빛 두고두고 기억
WF_2187,watchapedia,film,색감 홀리 매력 정통 로맨스 엄마 거슬리
WF_2188,watchapedia,film,오만 편견 사랑 이야기 옛날 이해 원래 빠르 신기방기 키이라 나이틀리 완전 매력 넘치 반하
WF_2189,watchapedia,film,장면 변하 다아시 리지 표정
WF_2190,watchapedia,film,소설 호흡 감정 러닝 타임 한계 삭제 섬세 아쉽
WF_2191,watchapedia,film,영화 완벽
WF_2192,watchapedia,film,영국 모든 보이 영화 캐리 멀리건 발견
WF_2193,watchapedia,film,각인 편견 바꾸 힘들
WF_2194,watchapedia,film,지루 부분 영국 악센트 즐기 때문 점수 후하
WF_2195,watchapedia,film,18 세기 영국 여행 다녀오 기분 개인 작품 원작 그러 해피엔딩 다아시 연기 로맨틱 정석
WF_2196,watchapedia,film,인자 스노우 지랄 발광 조안나
WF_2197,watchapedia,film,처음 고전 제목 흥미 영화 나오 배경 눈길 사로잡 점점 영화 빠지 특유 17-18 세기 영국 모습 너무나 예쁘 무도회 위하 코르셋 조이 모습 영화 배경 보이 지나가 장면 흘러가 장면 오만 남자 편견 가지 여자 남녀 주인공 미묘 심리 다루 사랑 이야기 지루 요새 남자 드라마 주인공 성격 오만 편견 시작 경우 성직자 후원 후원자 영화 이해 어렵 배경 요새 영화 기록 남기 영화
WF_2198,watchapedia,film,유형 사랑 이해 못하 주인공 몰입 영화 배경 오래 영국 모습 영화 분위기 익숙 영화 몰입 어렵 영화 내내 답답 확실히 잔잔 영화 어울리 영화 분명 초등학교 되게 인상 기억 사실 모르 보이 영화 분위기 생각 주인공 마지막 만남 장면 아름답 장면
WF_2199,watchapedia,film,시대극 무도회 장면 콜린스 리지 청혼 장면 힘들 아무래도 시대극 여성 가지 한계 견디 지루 특히 여성 결혼 의하 보장 영상미 특히 색감 예쁘 캐리 멀리건 귀엽 비하 다아시 비주얼 부족 소설 버전 재밌
WF_2200,watchapedia,film,빠르 지나가 별로 엄마 조마조마
WF_2201,watchapedia,film,감당 불가피 감정 180826
WF_2202,watchapedia,film,스윗 슬로우 2018.8.25.
WF_2203,watchapedia,film,편견 사람 사랑 못하 오만 사람 사랑 만들
WF_2204,watchapedia,film,얼굴 여주 차이
WF_2205,watchapedia,film,
WF_2206,watchapedia,film,다아시 못생기 잔잔 고요 설레 연출
WF_2207,watchapedia,film,아름답 고백
WF_2208,watchapedia,film,1920 2018 년도 사랑 시작 오만 편견 내려놓 가능 제대로 부여잡 내내 절절 사랑 영화 연출 연기 스토리 음악 모든
WF_2209,watchapedia,film,잔잔 로맨스 영화 지루 절대 성격 영화 영상미 분위기 크으
WF_2210,watchapedia,film,버지니아 울프 최근 작가 제인 오스틴 자주 언급 자연 스럽 그쪽 호기심 발동 어제 새벽 시퍼렇 영화 울프 제인 오스틴 소설 당대 여성 일반 경험 담담하 서술 방식 다시 시대 여성 그녀 감내 차별 압제 대하 별다르 저항 흔적 없이 일관 감정 개입 상태 셰익스피어 태도 작가 도달 가장 차원 제인 오스틴 경지 오르 사람 페미니스트 느끼 분노 숨기 당대 문학 미덕 어쩌면 당연 이해 현실 면면 그대로 옮기 소설 또는 영화 고발 느낌 맥락 영화 오만과 편견 작가 여기저기 뿌리 시대정신 못나 몽타주 자주 다아시 리즈 가슴 쫄깃하 만들 로맨스 둘째 문제 전락 세상 영화 바깥 상황 관계 차치 영화 심미 재미 그것 영화 중간 중간 빡침 요소 감내 만들 다아시 콜린 퍼스 다시 연기 그런 아쉬움 철철 흐르 범람
WF_2211,watchapedia,film,머리털 남자 설레 처음 역시 다아시 캐릭터 연기 매력
WF_2212,watchapedia,film,미스터 다아시 겨론
WF_2213,watchapedia,film,1800 년대 스토리 전혀 지루 트렌디 설레 스토리 원작 배우 연기 엄청나 특히 연기 연기 하. 고백 꼼지락 귀엽 외모 귀엽 성격 존나 귀엽
WF_2214,watchapedia,film,원작 비씨 드라마 생각 이비에스 홀리 듯이 예능 재밌 부분 레더필드 무도회 장면
WF_2215,watchapedia,film,엘리자베스 바라보 다아시 보이 원작 수많 대화 아쉽 영상미 즐겁
WF_2216,watchapedia,film,미스터 다하씨
WF_2217,watchapedia,film,청각 모든 완벽 영화
WF_2218,watchapedia,film,오만 편견
WF_2219,watchapedia,film,그대로 보이 그대로 바라보
WF_2220,watchapedia,film,사랑 지켜보 설레 행복
WF_2221,watchapedia,film,사람
WF_2222,watchapedia,film,흔하 신데렐라 백마 왕자 이야기 시대 욕망 적나라 드러나 시대 반영 의도 노골적 속물 그리 궁금증 가지 중학교 졸업 영한대역 문고 접하 오만 편견 결론 이제서야
WF_2223,watchapedia,film,영혼 매료
WF_2224,watchapedia,film,스토리 시대 묘사
WF_2225,watchapedia,film,모든 아름답
WF_2226,watchapedia,film,당시 영국 여성 남자
WF_2227,watchapedia,film,감정 잔여 집합체
WF_2228,watchapedia,film,지루
WF_2229,watchapedia,film,미씌쓰다
WF_2230,watchapedia,film,마지막 터지 사랑 스럽 커플
WF_2231,watchapedia,film,영화 좋아하 유튜브 오만 편견 미국 결말 영상 바라 한국 부분 자르 완전히 기분 결말 한국 엔딩 장면 아버지 웃음 눈물 연기 달달하 맛보 무조건 너덜너덜 없이 영화 자꾸 다시 영화 개인 워킹 타이틀 숭배 시작
WF_2232,watchapedia,film,배우 감독 제대로 만나
WF_2233,watchapedia,film,영화 영국 버킷 리스트 추가
WF_2234,watchapedia,film,콜린 퍼스 다아시 불안 다아시 다아시
WF_2235,watchapedia,film,편견 사람 사랑 못하 오만 사람 사랑 만들
WF_2236,watchapedia,film,오만 편견 가득 시대 시앙 레짐 깨부수 사랑 옛날 이야기
WF_2237,watchapedia,film,나이틀리 질리
WF_2238,watchapedia,film,표현 위하 부분 생략 원작 다르 표현 부분 영상미 아름답 모르 유치
WF_2239,watchapedia,film,고전 남성 중심 사회 불편
WF_2240,watchapedia,film,오만 편견
WF_2241,watchapedia,film,미스터 다아시
WF_2242,watchapedia,film,오만 사람 편견 가지 사람 사랑 사람 이기 영화 오만 편견 가지 눈살 찌푸리 만들 간접 광고 제품 가치 사람 완벽 광고 공교 영화 제목
WF_2243,watchapedia,film,그대로 서로 바라보 그리 힘들
WF_2244,watchapedia,film,최고 로맨스
WF_2245,watchapedia,film,꾸준히 꾸준히 꾸준히 잔잔 영화
WF_2246,watchapedia,film,갑자기 사랑 갑자기 태도 바뀌 갑툭다아시
WF_2247,watchapedia,film,보이 판단 진실 바라보 기르
WF_2248,watchapedia,film,솔직히 내용 지루 재미없 영화 공감각
WF_2249,watchapedia,film,모든 완벽 부족 러닝 타임 정도 사랑 지켜보
WF_2250,watchapedia,film,인연
WF_2251,watchapedia,film,
WF_2252,watchapedia,film,
WF_2253,watchapedia,film,속살 거리 소리
WF_2254,watchapedia,film,재미 위하 오만 편견 영화 깨닫 영화 대하 오만 편견 가지 단순 멜로 영화 영화 스토리 연출 배우 영화 더더욱 몰입 영화 끝나 지루 끝나 생각 영화 영화 최고
WF_2255,watchapedia,film,키이 나이틀리 좋아하 영화 다시 그녀 작품 모르
WF_2256,watchapedia,film,엘리자베스 감정 변화 포인트 작품 생략 내용 아쉽 추천
WF_2257,watchapedia,film,사랑 스럽 고전 효과 여전
WF_2258,watchapedia,film,미스터 다아시 스타일 엄마 재미있 고백 마법 걸리
WF_2259,watchapedia,film,영국 악센트 멋지
WF_2260,watchapedia,film,로맨틱 고전 빠지
WF_2261,watchapedia,film,이제서야 모르 명작 다아시 눈빛 다시 영화
WF_2262,watchapedia,film,내용 이거 재밌 괜히 오만 편견 로코 고전 사랑 사랑
WF_2263,watchapedia,film,고전 언어 은유 향연
WF_2264,watchapedia,film,감히 영화 대하 평가 흑흑
WF_2265,watchapedia,film,감정 지나 애정 소망 변하
WF_2266,watchapedia,film,8.75 8.85 초반 나오 나이틀리 싱그럽 미소 얼굴 엄청나 비중 차지 시작 들어가 영화 시작 장대비 대화 장면 몰입 감정 소용돌이 8.5
WF_2267,watchapedia,film,다시
WF_2268,watchapedia,film,엘리자베스 디아 사랑 이유
WF_2269,watchapedia,film,나이틀리 제인에어 그리 엘리자베스 자체
WF_2270,watchapedia,film,다이시 오만 리지 편견 만들 너무나 영화 원작 소설 소설 주인공 반갑 소설 영화 캐릭터 대하 설명 부족 리지 지켜보 편견 사라지 이해 사랑 이루어지
WF_2271,watchapedia,film,인생 가슴 깊이 영화 취향 확실히 겨냥 작품
WF_2272,watchapedia,film,성공 부유 남자 아내 여자 당연 오만 편견 가지 영화 문장 압축
WF_2273,watchapedia,film,인생 로맨스 디아티 디아티 콜린 퍼스 제일 엄근진
WF_2274,watchapedia,film,키이라 나이틀리 사랑 스럽
WF_2275,watchapedia,film,소설 감정 묘사 명품 연기
WF_2276,watchapedia,film,거절 여자 처음 환상
WF_2277,watchapedia,film,사람 사람 제대로 마주 순간 사람 의미 다가오
WF_2278,watchapedia,film,여태 영화
WF_2279,watchapedia,film,예쁘 배경 아름답 배우 어울리 커플 급하 전개
WF_2280,watchapedia,film,그림 그리 섬세 간질거리 번지 사랑 이야기
WF_2281,watchapedia,film,그녀 비추 햇살 따뜻
WF_2282,watchapedia,film,잔잔 파도
WF_2283,watchapedia,film,오만 편견 재미없
WF_2284,watchapedia,film,대학 다니 어쩌다 매년 교양 과목 영화 18 세기 영국 스럽 끝판왕
WF_2285,watchapedia,film,대리 만족
WF_2286,watchapedia,film,원작 견주 손색 생각 작품 우연히 원작 분석 기회 비판 관점 소설 평가 영화 처음 떨리
WF_2287,watchapedia,film,키이나나이틀리 이쁘 평범 빠지 여배우 여주인공 너무나 짜증 유발 영화 매력
WF_2288,watchapedia,film,미스터 다알 저리 비키 파파 리지 사랑
WF_2289,watchapedia,film,내리 장면
WF_2290,watchapedia,film,별점 위하 기준
WF_2291,watchapedia,film,나이틀리 정도 반항 가장 예쁘
WF_2292,watchapedia,film,
WF_2293,watchapedia,film,소설 별로
WF_2294,watchapedia,film,원작 장르 충실 인생 최고 로맨스 영화
WF_2295,watchapedia,film,
WF_2296,watchapedia,film,오만 생각 사실 사람
WF_2297,watchapedia,film,이해 어렵 사랑
WF_2298,watchapedia,film,필요
WF_2299,watchapedia,film,예쁘
WF_2300,watchapedia,film,자막 이해 힘들 영화
WF_2301,watchapedia,film,다아시 모든
WF_2302,watchapedia,film,시절 주체 주인
WF_2303,watchapedia,film,일요일 아침 잔잔 음악
WF_2304,watchapedia,film,질리 로맨스 클래식
WF_2305,watchapedia,film,배경 옛날 상황 감정 지금 다르
WF_2306,watchapedia,film,나이틀리 매력 빠지 헤어나오 못하
WF_2307,watchapedia,film,사랑 상대 낮추 시작
WF_2308,watchapedia,film,오만 편견 깨닫 증오 사랑 바뀌
WF_2309,watchapedia,film,멋지 모르 당당 여자 매력 오만 편견 만들 아름답 사랑
WF_2310,watchapedia,film,전반 만족 특히 여주 원작
WF_2311,watchapedia,film,
WF_2312,watchapedia,film,리지 편견 사라지 버리 다아시 사랑 빠지
WF_2313,watchapedia,film,영화 예쁘 잔잔 여운 생각
WF_2314,watchapedia,film,편견 관심 정석
WF_2315,watchapedia,film,결혼 그것
WF_2316,watchapedia,film,교훈 남자 교만 멍청 귀엽 생각 어차피 얼굴 잘생기
WF_2317,watchapedia,film,
WF_2318,watchapedia,film,오만 편견 분리
WF_2319,watchapedia,film,다시 오만 리지 편견 의하 갈등 이기 진정 사랑 찾아오
WF_2320,watchapedia,film,
WF_2321,watchapedia,film,제인 언니 소설 망치 캐스팅 🙅🏻‍♀️ 🙅🏻‍♀️ 🙅🏻‍♀️ 🙅🏻‍♀️ 🙅🏻‍♀️
WF_2322,watchapedia,film,예쁘 영화 유럽 영화
WF_2323,watchapedia,film,서툴 더듬 사랑 고백 오만 편견 섞이 흐르 내리
WF_2324,watchapedia,film,
WF_2325,watchapedia,film,영화 미워하 오만 편견 형태 영상
WF_2326,watchapedia,film,초반부 메리트 무도회 오만 다아시 자존심 엘리자베스 처음 만나 편견 서로 바라보 저런 오해 극복 거치 서로 진심 마주 사람 서로 서로 사랑 빠지 분명 확인 오만 사람 사랑 만들 편견 사람 사랑 못하 만들 제인 오스틴 그나저나 리지네 아빠
WF_2327,watchapedia,film,다아시
WF_2328,watchapedia,film,영상미 예쁘 나이틀리 캐릭터 예쁘 당차 내내 오만 사람 사랑 만들 편견 사람 사랑 못하 만들 소설 구절 너무나 연상 다시 번역 없이 다시 생각 만들 영화
WF_2329,watchapedia,film,오만 편견 영화 의미 이유 오만 편견 극복 때문
WF_2330,watchapedia,film,갇히 노력 생각
WF_2331,watchapedia,film,비커밍제 영화 더욱 애절 영화 서양판츤데레 다아시 러브
WF_2332,watchapedia,film,
WF_2333,watchapedia,film,
WF_2334,watchapedia,film,사랑 대하
WF_2335,watchapedia,film,영화 명실 공히
WF_2336,watchapedia,film,2017.12.22.
WF_2337,watchapedia,film,고전 고전 만들 방법
WF_2338,watchapedia,film,콜린 퍼스 놀라 고백 장면 깨닮음
WF_2339,watchapedia,film,남자 여자
WF_2340,watchapedia,film,영화 빗속 연인 싸우 판타지 생기
WF_2341,watchapedia,film,사랑
WF_2342,watchapedia,film,연출력 대단 내내 영상 영화
WF_2343,watchapedia,film,키이라 나이틀리 아름답 아름답 영화
WF_2344,watchapedia,film,피츠윌리엄 다아시
WF_2345,watchapedia,film,후반부 점점 생기 보이 시작 달씌씌
WF_2346,watchapedia,film,꾸준히 주목 여진 주목 영화
WF_2347,watchapedia,film,
WF_2348,watchapedia,film,오만 편견 사랑 장애물 명심 오만과 편견 추천
WF_2349,watchapedia,film,
WF_2350,watchapedia,film,사랑
WF_2351,watchapedia,film,별점 올리 마음
WF_2352,watchapedia,film,인생 멜로
WF_2353,watchapedia,film,
WF_2354,watchapedia,film,고전 원작 영화 정도
WF_2355,watchapedia,film,영화 먼저 접하 스토리 이해 충분
WF_2356,watchapedia,film,사랑 스럽 영화
WF_2357,watchapedia,film,
WF_2358,watchapedia,film,진정 사랑 없이 결혼 처녀 원하 사람 가지
WF_2359,watchapedia,film,남자 오만 여자 편견 전형 신데렐라 이야기 오만 내려놓 편견 버리 서로 사랑 과정 달달하 아름답 교외 전경
WF_2360,watchapedia,film,사람 대하 함부로 생각
WF_2361,watchapedia,film,
WF_2362,watchapedia,film,영화 기대 미치
WF_2363,watchapedia,film,아름답 표현 영화
WF_2364,watchapedia,film,오만 편견 극복 보이 영아
WF_2365,watchapedia,film,제목 배우 눈빛 연기 영화
WF_2366,watchapedia,film,인생 영화
WF_2367,watchapedia,film,영국 중세 시대 배경 남녀 사이 사랑 사랑 주변 고급 유치 분위기
WF_2368,watchapedia,film,사랑 그대로 서로 바라보 시작 오만 편견 가지 사람 판단 진심 사랑 못하 사랑 못하
WF_2369,watchapedia,film,진실 재밌 해석 해석 달콤 오만
WF_2370,watchapedia,film,요새 어울리 커플 대하 연구
WF_2371,watchapedia,film,내리 장면
WF_2372,watchapedia,film,
WF_2373,watchapedia,film,대중 자극 묵직 마음 다가오 영화 장면 하나하나 이쁘 말투 발음 고결 마음 전달 눈빛 전체 분위기 요즘 영화 사뭇 다르 집중
WF_2374,watchapedia,film,키이라 웃음
WF_2375,watchapedia,film,개인
WF_2376,watchapedia,film,버전 내용 중점 매력 매력 키이라 나이틀리 별로
WF_2377,watchapedia,film,원작 편견 무너지 순간 역시 사랑 기다리 겸손 배려 받아들이 그거 원작 다이시 가슴 울렁이 영화 다이시 눈빛 분위기 흔들 사랑 빠지 남자 불안 떨리 가지 남자 소중 하루 떨어지 고백 남자
WF_2378,watchapedia,film,다아시 마주하 주장 대화 느끼 감정 다아시 엘리자베스 캐릭터 더하 나위 없이 매력 영화 영상미 더하 나위 없이 아름답
WF_2379,watchapedia,film,편견 사람 사랑 못하 만들 오만 사람 사랑 만들
WF_2380,watchapedia,film,키이라 나이틀리
WF_2381,watchapedia,film,생활 하루 종일 배경 괜찮 편안 많이 음악 풍경 의상 아름답 제일 좋아하 장면 교회 뛰어나오 싸우 장면 영화
WF_2382,watchapedia,film,클래식
WF_2383,watchapedia,film,아무리 생각 편견 엘자베스
WF_2384,watchapedia,film,원작 진부 환상 미장센 연출 휘감
WF_2385,watchapedia,film,다시 영화 장면 떠오르
WF_2386,watchapedia,film,강렬 영화
WF_2387,watchapedia,film,이거 때문 나이틀리 작품 인간 예쁘 나오
WF_2388,watchapedia,film,매료 딱히 처음 의미 영화 기억 문자 영화 집으로 영화 오만 편견 소녀 작품 통하 영화 거대 우주 오만 편견 10 생각 영화 맞추 산책 느끼 바람 느끼 영화 대로 영상 느끼 이야기 음악 느끼 인물 느끼 영화 이야기 무어 항상 어설프 다시 처음 간직 딱히 거창 붙이 사랑 영화 영화
WF_2389,watchapedia,film,나이틀리 빠져나오 매력
WF_2390,watchapedia,film,사랑 필요
WF_2391,watchapedia,film,오만 남자 편견 사로잡히 여자 편견 사로잡히 오만 드러내 오만 때문 편견 사로잡히
WF_2392,watchapedia,film,
WF_2393,watchapedia,film,로맨스 영화 제일 완벽
WF_2394,watchapedia,film,미세스 다시 엔딩 재미있 거창 제목 이만 제목
WF_2395,watchapedia,film,카메라 흐름 독특 영화 지금 편견 벗어나 못하 이해 오만
WF_2396,watchapedia,film,토요일 오전 눈물
WF_2397,watchapedia,film,지금 가지 편견 그것 오만 모습
WF_2398,watchapedia,film,가장 좋아하
WF_2399,watchapedia,film,로맨스 기원 소설 재밌
WF_2400,watchapedia,film,시절 키이라 나이틀리 너무너무
WF_2401,watchapedia,film,미국판 엔딩
WF_2402,watchapedia,film,원작 어우러지 영화 영상미 음악 배우
WF_2403,watchapedia,film,담백 잔잔 사랑 고백 대사 열정
WF_2404,watchapedia,film,드라마 이거 형편없 깨닫
WF_2405,watchapedia,film,브리티쉬 액센트 로맨틱 즐기 방법
WF_2406,watchapedia,film,속물 보이
WF_2407,watchapedia,film,로맨스 편견 영화 오만 로맨스 괄시 잘못 마지막 시퀀스 깊이 뉘우치 지금 결혼 무게 지나치 많이 다르 사랑 감정 무게 깊이 시대 중요 사실 깨닫 사랑 오만 편견 덧붙이 시대 뛰어넘
WF_2408,watchapedia,film,영화
WF_2409,watchapedia,film,사랑
WF_2410,watchapedia,film,소설 그닥
WF_2411,watchapedia,film,생각 그거 단순 편견 가지 시선 만들 오만 단순히 무지 장님 불과
WF_2412,watchapedia,film,오만 편견 인연 떠나 보내
WF_2413,watchapedia,film,인생 영화 배경 위하 영화
WF_2414,watchapedia,film,최고 용기 제일 어렵
WF_2415,watchapedia,film,따뜻 사랑
WF_2416,watchapedia,film,대사
WF_2417,watchapedia,film,편견 사람 사랑 못하 만들 오만 사람 사랑 만들
WF_2418,watchapedia,film,아직 키이라 나이틀리 찰떡 배역 오만과 편견 엘리자베스 어톤먼트의 세실리아 결정 고전 미치 당내 좋아하 영화
WF_2419,watchapedia,film,오만 편견 40 자격지심 자존심 만들 오만 편견
WF_2420,watchapedia,film,우아 딸래미 결혼 시키 대소동 카메라 워크
WF_2421,watchapedia,film,편견 사람 사이 오만 사람 장점 숨기 버리
WF_2422,watchapedia,film,편견 사람 사랑 못하 오만 사람 사랑 만들
WF_2423,watchapedia,film,나이틀리 예쁘 영상미 연출 연기 빠지 부분 중세 시대 기분
WF_2424,watchapedia,film,영국 로맨스 미치 이유
WF_2425,watchapedia,film,로맨스 원조 세상 설레이
WF_2426,watchapedia,film,2017.08.12
WF_2427,watchapedia,film,오만 사람 사랑 어렵 편견 사랑 오만 편견
WF_2428,watchapedia,film,드라마
WF_2429,watchapedia,film,티비 매일 틀어지
WF_2430,watchapedia,film,인생 영화 최고
WF_2431,watchapedia,film,간질간질 느낌 연애 시작 느낌
WF_2432,watchapedia,film,미슷터 다아씨
WF_2433,watchapedia,film,오만 편견
WF_2434,watchapedia,film,인생 영화
WF_2435,watchapedia,film,영화
WF_2436,watchapedia,film,영화 잔잔 호수 기억
WF_2437,watchapedia,film,오만 남자 편견 가득 여자
WF_2438,watchapedia,film,외모 별로 생각 후반부 외모 중요 제인 오스틴 작가 고시
WF_2439,watchapedia,film,마지막 장면 인상 서로 향하 마음 변하 따르 바뀌 향연
WF_2440,watchapedia,film,아름답 영상 담담 대사 제인 오스틴 소설 현대 세심 각색 돋보이
WF_2441,watchapedia,film,베스트 영화 드라마 배경 음악 영상미 워낙 좋아하 소설 메이킹
WF_2442,watchapedia,film,
WF_2443,watchapedia,film,빠지 영화
WF_2444,watchapedia,film,기대 버리 아쉽 사실 많이 생각 스윗
WF_2445,watchapedia,film,최고 로맨스 영화 설레
WF_2446,watchapedia,film,제인 오스틴 매력 제대로 영화
WF_2447,watchapedia,film,원작 명성 가하
WF_2448,watchapedia,film,연기 연출 적절 유머 훌륭 조화 영화 예쁘
WF_2449,watchapedia,film,미시즈 다아시 그녀 행복 전적 완벽 눈부시 정도 행복 부름 영원 영화 끝나 행복 의심
WF_2450,watchapedia,film,고독 부자 남자 평범 여자 요즘 드라마 조상
WF_2451,watchapedia,film,절절 사랑 당시 여성 아픔
WF_2452,watchapedia,film,처음 설레 느끼 로맨스 영화 못생기
WF_2453,watchapedia,film,해피엔딩
WF_2454,watchapedia,film,아름답 영화 영화 다아시 한동안 빠지
WF_2455,watchapedia,film,10 이상형 자리 내주 미스터 다아시
WF_2456,watchapedia,film,가족 속물 경쟁 생각
WF_2457,watchapedia,film,그대로 사람
WF_2458,watchapedia,film,자극 장면 없이 설레 영화 다아시 머뭇거리
WF_2459,watchapedia,film,원작 평가 가능
WF_2460,watchapedia,film,20 후반 어둡 조명 오만 편견 어리 지금 비교 아쉬움 마지막 활짝 기분
WF_2461,watchapedia,film,좋아하 채우 영화
WF_2462,watchapedia,film,세계 명작 오만 사라지 마음 사랑
WF_2463,watchapedia,film,새벽 서로 마음 확인 장면 대사 배경 햇빛 장면 철저히 준비 고스란히 전하
WF_2464,watchapedia,film,오해 풀리 짜릿 여러 겹치 우연 가지 인연 소중
WF_2465,watchapedia,film,17.07.08
WF_2466,watchapedia,film,18 세기 영국 배경 고전 소설 바탕 영화 고전 항상 영화 만들 전개 상당히 빠르 빠지 부분 많이 영상미 아름답 편조 라이트 감독 키이라 나이틀리 시대극 연출 오만 엘리자베스 편견 처음 천박 보이 베넷 부인 귀엽 보이 아마 어머니 모든 마음 시집보내 행복 마음 인생 편하 방법 당시 영국 여자 최대 목표 시집 남성 중심 사회 여자 이루 가장 자아 성취 지금 사회 많이 달라지 아직 남성 중심 사회 소외 사회 약자 불리우 여성 남자 시집가 여성 욕하 그거 사회 공평 때문 18 세기 영국 남자 예쁘 여자 관계 형성 21 세기 중반 향하 달려가 2017 유효 외모 천박 보통 요소 욕하 영화 돌아가 시집 자아 실현 완벽 전개 빠르 사실 영화 한계 어쩌 영화 자체 영상미 아름답 상당히 배역 감독 배우 시대극 전문 다아시 캐릭터 상당히 매력 왈가닥 엘리자베스 캐릭터 엘리자베스 비슷 사실 반대 매력 이끌리 사실 반대 사람 통하 마련 극좌 극우 대사 싫어하 속물 사실 사람 싫어하 너무나 환경 태어나 편하 인생 속물 편견 휩싸이 다아시 고백 사랑 사랑
WF_2467,watchapedia,film,오만 편견 그대로
WF_2468,watchapedia,film,남자 오만 여자 편견
WF_2469,watchapedia,film,남자
WF_2470,watchapedia,film,오만
WF_2471,watchapedia,film,오만 편견 사랑 시작 점차 벗겨지
WF_2472,watchapedia,film,만남 편견 가지 오만 영화 끝나
WF_2473,watchapedia,film,유일 영화
WF_2474,watchapedia,film,교훈 영화
WF_2475,watchapedia,film,오만 사랑 만들 편견 사랑 만들
WF_2476,watchapedia,film,미스터 다아시 좋아하
WF_2477,watchapedia,film,적당 로맨스 충족 결혼 조건 사랑 동감
WF_2478,watchapedia,film,연출 영상미 스토리 진행 여주인공 연기 자꾸 걸리 천재 감독 안나 카레니나 똑같 이유 매끄럽 못하
WF_2479,watchapedia,film,통속 멜로 만들 가장 우아 그림
WF_2480,watchapedia,film,오만과 편견 어톤먼트 안나 카레니나 영화 추천 키이라 좋아하 더더욱
WF_2481,watchapedia,film,
WF_2482,watchapedia,film,진자 지루 눈부시 아프 언제나 완벽 다아시
WF_2483,watchapedia,film,강렬 계속 생각나 기억 배경 음악 뷰티풀 서로 의식 미숙 남녀 얘기 잔잔 설레 해피 엔딩 버전 러브 레터 느낌 분위기 굉장히 영화
WF_2484,watchapedia,film,과거 영화 현재 다르 모습 처음 적응 남자 시집 보내 그거 자랑 속물 생각 한편 그것 솔직 모습 생각 캐서린 부인 모욕 당하 당당 엘리자베스 당당 모습 돋보이 멋지 영화 제목 오만과 편견 시대 모습 표현 영화 생각
WF_2485,watchapedia,film,오만 편견 내려놓 자리 피어나 진정 사랑
WF_2486,watchapedia,film,글쎄요 콜린 퍼스 나이틀리 생각
WF_2487,watchapedia,film,사랑 오만 편견 줄기 내려오 위하 먹구름
WF_2488,watchapedia,film,로맨스 아름다움 가장 표현 영화
WF_2489,watchapedia,film,스타일
WF_2490,watchapedia,film,다아시 리즈 모르
WF_2491,watchapedia,film,사랑 과정 탁월 보이 영화 인물 감정 이입 전개
WF_2492,watchapedia,film,집중 기억
WF_2493,watchapedia,film,영문 소설 원작 영화 다시 영화 만들 잔잔 너무나 매력 영화 미스터 다아시
WF_2494,watchapedia,film,남자 오만 너무나 순수 여자 편견 생각 똑똑 설레
WF_2495,watchapedia,film,편견 가지 사랑 오만 또는 오만 오만 편견 가지 오만
WF_2496,watchapedia,film,사람 대하 편견 오해
WF_2497,watchapedia,film,최고
WF_2498,watchapedia,film,편견 사람 사랑 못하 오만 사람 사랑 만들 제인 오스틴 오만 편견
WF_2499,watchapedia,film,기대 짹바워 주디 덴치 헝거 게임 지나 말론 007 나오 큰언니 반갑 얼굴
WF_2500,watchapedia,film,잔잔
WF_2501,watchapedia,film,오만 편견 녹이
WF_2502,watchapedia,film,미워하 슬퍼하 사랑
WF_2503,watchapedia,film,
WF_2504,watchapedia,film,그대로 매력
WF_2505,watchapedia,film,아름답 나이틀리 연기 흠뻑 빠지 이미 스토리 우아 분위기 매혹
WF_2506,watchapedia,film,제인 오스틴 원작 언제나 러닝 타임 축약 느낌 영상미 배우 비쥬얼 만회
WF_2507,watchapedia,film,원작 좋아하 객관 사랑 스럽 영화 나이틀리 완벽 캐스팅
WF_2508,watchapedia,film,인생 영화
WF_2509,watchapedia,film,온화 풍경 대지 감싸 따듯 자연광 탄성 자아내 화면 구도 색감 가식 정중 점철 언사 아슬아슬 감정 줄타기 정점 마차 오르 엘리자벳 다아시 짜릿 순간 오만 편견 얼룩지 시야 사랑 이름 벗기 보이 서로 대하 마음 여명 시리 공기 발산 떠오르 태양 공기 채우 따스 사랑
WF_2510,watchapedia,film,영국 풍경 의상 액센트 거기 배우 워킹 타이틀 보장 훈훈 엔딩 나이틀리 연기 엘리자베스 당당 다시 영화
WF_2511,watchapedia,film,츤데레갑 다아시
WF_2512,watchapedia,film,현대 드라마 모든 클리셰 만들
WF_2513,watchapedia,film,사람 대하 편견 편견 대하 오만 혼기 여성 이성 대하 마음 들이 영화
WF_2514,watchapedia,film,다아시 이기 남자 개인 선호 캐릭터 의무 영화 느낌
WF_2515,watchapedia,film,오만 사람 사랑 만들 편견 사람 사랑 만들
WF_2516,watchapedia,film,처음 키이라 나이틀리 예쁘 엔딩 크레딧 미스터 다아시
WF_2517,watchapedia,film,원작 감동 사이사이 여백 느끼 시대 영국 사회 배경 리즈 집안 분위기 인물 성격 감정 살리 설레 로맨스
WF_2518,watchapedia,film,오만 사람 사랑 만들 편견 사람 사랑 못하 만들 적절 영화
WF_2519,watchapedia,film,오만 편견 위험 단어
WF_2520,watchapedia,film,조용
WF_2521,watchapedia,film,오만 편견 가지 사람 함부로 판단 오만 진가 가리 편견 사람 진가 알아채 못하 마지막 미세스 다아시 여러 외치 따뜻 입맞춤 장면
WF_2522,watchapedia,film,조라이트 감독 키이라 나이틀리 조합 사랑 특히 영국식 억양 떨리 원작 풍성
WF_2523,watchapedia,film,다아시
WF_2524,watchapedia,film,현실 도피 지금 생각나 영화
WF_2525,watchapedia,film,마음 바람 변하 영원히 다물
WF_2526,watchapedia,film,영화 유일 원작 감명 영화
WF_2527,watchapedia,film,사회 제도 대하 생각 영화
WF_2528,watchapedia,film,스토리 로맨스 경치 건물 영상미 여주 예쁘
WF_2529,watchapedia,film,어리 어리 다아시
WF_2530,watchapedia,film,수많 로멘스 영화 드라마 소설 범람 머리 각인 각인 명작
WF_2531,watchapedia,film,소설 그리 모습 영화 충분히 영화 자체 훌륭
WF_2532,watchapedia,film,미스터 다아시 숨기 마음 고백 장면 떨리 떨리 만들
WF_2533,watchapedia,film,1. 2. 성격 3. 오만 오해
WF_2534,watchapedia,film,사람 고집
WF_2535,watchapedia,film,태어나 영화 감사 태어나 영화 존재 영화 감사
WF_2536,watchapedia,film,지루
WF_2537,watchapedia,film,다아시 머리 별로 달달하 쏘쓰 다아시쨩
WF_2538,watchapedia,film,미스터 다아시
WF_2539,watchapedia,film,영화 새롭 감정 생각 오만 편견 작가 인생 다루 영화 비커밍 제인 다시 당시 작가 슬픔 후회 실감
WF_2540,watchapedia,film,원작 능가
WF_2541,watchapedia,film,10 100 절대 질리 영화 너무너무 좋아하 영화 오늘 영화 여자 남자 오만 오만 편견 똘똘 뭉치 남자 진심 다아시 서툼 엘리자베스 미숙 왠지 영화 아아
WF_2542,watchapedia,film,고등학생 인생 영화 주륵
WF_2543,watchapedia,film,놓아주 영화 다시 영화 다아시 엘리자베스 오만 편견 깨지 진실 사랑 시작 순간 나타내 그림 나타내 언제나 아름답
WF_2544,watchapedia,film,친구 다아시 가슴 때문 몰입 힘들
WF_2545,watchapedia,film,열렬히 흠모 사랑 말씀 드리
WF_2546,watchapedia,film,오만 편견 사람 장님 만들 어둠 어둠 흩어지 상대 모습 드러나
WF_2547,watchapedia,film,인생 영화 영화 빠지
WF_2548,watchapedia,film,원작 오래 아쉽 원작 오래 덕분 설레 위선 허위 대하 일관 조롱 리지 다아시 로맨스 사이 갈팡질팡 감독 이만 수고 전하 콜린 퍼스 드라마 버전 생각
WF_2549,watchapedia,film,오만 편견
WF_2550,watchapedia,film,느낌 느낌 고전 소설 사랑 다아시 눈빛 잔잔 담백 진하 영화 곱씹
WF_2551,watchapedia,film,오만 편견 가지 진실 직접 의하 발견 깨달음 불구 그녀 당당
WF_2552,watchapedia,film,멜로 영화 배우 연기 입술 마르 대사 훌륭 편견 오만 가지 마지막 희망
WF_2553,watchapedia,film,원작 훌륭
WF_2554,watchapedia,film,아빠 다짐 현명 엘리자베스 멋지 다아시 추가 키이라 나이틀리 리즈시절
WF_2555,watchapedia,film,키이라 나이틀리 매력이 열일함 버전 이유 여배우 때문 고백 살짝 떨리 목소리 연기
WF_2556,watchapedia,film,영화 만족
WF_2557,watchapedia,film,
WF_2558,watchapedia,film,오만 편견 오해 벗어나 사랑
WF_2559,watchapedia,film,생각나 영화 다아시 리지 마차 돌아서 찌릿 장면
WF_2560,watchapedia,film,학년 교양 수업 수업 오만 편견 지루 다시 영화 오만 편견 항상 오해
WF_2561,watchapedia,film,따지 인생 영화 어리 처음 영화 매력 모르 우연히 다시 헤어나오 나이틀리 가장 아름답
WF_2562,watchapedia,film,사람 가장 주의 오만 편견 그것 가지 영화 장님 손가락 나머지 손가락 가르치
WF_2563,watchapedia,film,도달 깊이
WF_2564,watchapedia,film,사랑 절제 서로 표현 보이 모습 아름답
WF_2565,watchapedia,film,코메디 코메디 한국 드라마
WF_2566,watchapedia,film,기억
WF_2567,watchapedia,film,엄마 무척 좋아하 어리 영화 지금 나이 다시 보이 엄마 나이 다시 영화 지금 영화
WF_2568,watchapedia,film,소설 영화 자꾸
WF_2569,watchapedia,film,개인 로맨스 영화 별로 좋아하 오만과 편견 시대극 재미 영상미 이토록 인상 고백 장면 말잇못 여자 포인트 넘어가 만들 영화 원작
WF_2570,watchapedia,film,존나 이쁘
WF_2571,watchapedia,film,필름 꾸역꾸역 꾸기 느낌 드라마
WF_2572,watchapedia,film,이거 일일 드라마 이러 일일 연속극 정도 만들 고전 나이틀리 처음 나오 이쁘 엄청나 이쁘 놀라
WF_2573,watchapedia,film,영화 모든
WF_2574,watchapedia,film,예쁘 배경 아버지
WF_2575,watchapedia,film,고전 영화 좋아하 영화 이뿌
WF_2576,watchapedia,film,사회 문화 발전 오만 편견 자라 사랑 본능 가로막 진솔 고백 그만큼 어렵 사랑 분명 가치 위대
WF_2577,watchapedia,film,멜로 영화 최고 영화 잔잔하 심장 떨리 영화
WF_2578,watchapedia,film,오만 편견 가지 미안
WF_2579,watchapedia,film,드라마 모든 부드럽 취향
WF_2580,watchapedia,film,나이틀리 예쁘 개인 취향
WF_2581,watchapedia,film,편견 사람 사랑 못하 만들 오만 사람 사랑 만들
WF_2582,watchapedia,film,베넷 가문 젠트리 평민 묘사 아쉽
WF_2583,watchapedia,film,아름답 영화
WF_2584,watchapedia,film,소품 구경 영상미
WF_2585,watchapedia,film,배경 마주 기억 근데
WF_2586,watchapedia,film,다시 원래 자리 리지 마차 태우 미스터 다아시 손끝 아직 아리
WF_2587,watchapedia,film,엘리자베스 다아시 사이 긴장감
WF_2588,watchapedia,film,처음 만나 춤추 나누 속삭임 거절 햇빛 재회 아버지 기분 웃음
WF_2589,watchapedia,film,영화 계속 만들 영화
WF_2590,watchapedia,film,기억
WF_2591,watchapedia,film,어쩌면 관객 오만 편견 덩어리
WF_2592,watchapedia,film,진심 여러 최고 나이틀리 오프닝 크레딧 완벽
WF_2593,watchapedia,film,미치
WF_2594,watchapedia,film,감탄 영화
WF_2595,watchapedia,film,라이트 감독 로맨스 영화 만들
WF_2596,watchapedia,film,아름답
WF_2597,watchapedia,film,오만 편견 주제 정확히 드러나 영화 끌어당기 매력 그녀 배우 연기 영화 생각 정도 몰입
WF_2598,watchapedia,film,원작 내려놓 영화 자체 아름답 다시 감정 보이 어설프 움직임 귀엽
WF_2599,watchapedia,film,발음 분위기
WF_2600,watchapedia,film,미스터 다아시 탈모
WF_2601,watchapedia,film,
WF_2602,watchapedia,film,때우 영화 생기
WF_2603,watchapedia,film,사랑 영화 사랑 영화
WF_2604,watchapedia,film,그런 오해
WF_2605,watchapedia,film,인생 최고 영화
WF_2606,watchapedia,film,재밌
WF_2607,watchapedia,film,고전 고전 지루 담담 자극 담담 배부르 느낌 2014 106
WF_2608,watchapedia,film,고전 품격
WF_2609,watchapedia,film,항상 정직 다아시 눈빛
WF_2610,watchapedia,film,오만 편견 벗기
WF_2611,watchapedia,film,
WF_2612,watchapedia,film,연기 연출 영상미 배경 음악 조명 완벽 특히 그림자 많이 디테일 완벽 영국 발음
WF_2613,watchapedia,film,원작 영화 재생 느낌
WF_2614,watchapedia,film,오만 사랑 못하 편견 사랑 못하
WF_2615,watchapedia,film,오만 그녀 편협 버리 서로 영화 배경 그리 다아시 다아시 2016.11.202018.07.22
WF_2616,watchapedia,film,서른 영화 그런 영화
WF_2617,watchapedia,film,개봉 다시 영화 로맨스 영화 단연 최고
WF_2618,watchapedia,film,감동 다아시 다시 웃기 마지막 계속 다아시 부인 부르 키스 오만 편견 원서 실패 지금 다시 도전 성공 나중 남친 남편 생기 다시 감회 새롭 음악 영상미 촬영 기법 모든 마음 계속 새드엔딩 어떡하 생각 마지막 첫째 둘째 결혼 해피엔딩 영화 계속 제목 오만 편견 생각 생각 여주 오만 편견 때문 여주 성격 다르 사람 사람 편견 진정 사랑 사람 결혼 오만 여주 집안 자매 성격 대하 편견 부잣집 오만 오만 부분 대충 생각 결론 나이틀리 존예고 영화 졸잼
WF_2619,watchapedia,film,영혼 매료
WF_2620,watchapedia,film,인생 영화
WF_2621,watchapedia,film,편견 사람 사랑 못하 오만 사람 사랑 만들 인생 영화
WF_2622,watchapedia,film,나이틀리 현대식 당차 엘리자베스 베넷 표현 다시역 배우 카리스마 아쉽 콜린 퍼스 어쩌 없이 비교
WF_2623,watchapedia,film,
WF_2624,watchapedia,film,영화 감동 표현력 턱없이 부족
WF_2625,watchapedia,film,원작 영상 작품 인물 대하 환상 와장창 영상미 예쁘 감정 전달
WF_2626,watchapedia,film,편견 사람 사랑 못하 만들 오만 사람 사랑 만들
WF_2627,watchapedia,film,풍자 85 신데렐라 로맨스 15 남자 움직이 사회 콜린 퍼스 배우 움직이 다시 대체 가능 분위기 영상미 감탄 타입 영화 영국 스럽 멋지
WF_2628,watchapedia,film,첫인상 함부로 재단 모든
WF_2629,watchapedia,film,평온 따뜻 느낌
WF_2630,watchapedia,film,마차 오르 리즈 긴장 풀어내 다아시 마음 기대 사랑 여러 이제야 눈치 무도회 테이크
WF_2631,watchapedia,film,물속 남자 마음속 어렵
WF_2632,watchapedia,film,질리 영화 마지막 미세스 다아시 맞추 장면 세상 제일 아찔
WF_2633,watchapedia,film,훌륭 만들 원작 사랑
WF_2634,watchapedia,film,2016.10.24 새롭 보이 어쩌면 흔하 흔하 내용 흔하 키스 스킨십 없이 온갖 사랑 감정 표현 10 지나 지금 영상 없이 죽음 새롭 느끼
WF_2635,watchapedia,film,원작 이해 부분 그거 채우 영화 배경 예쁘 멋있 영국 악센트
WF_2636,watchapedia,film,며칠 빠지 영화 느끼 영화 리지 다아시 200 싱크 때문 과언 상상 제인 산산조각
WF_2637,watchapedia,film,옛날 느낌 한국 조선 시대 개연 부족 아쉽
WF_2638,watchapedia,film,단어 영화 예시
WF_2639,watchapedia,film,제인 인상 배경 아름답 마지막 아버지 눈물 어리 웃음 너무나 기억
WF_2640,watchapedia,film,피아노 소리 나무 만들 탁자 놓이 와인 소리 바람 소리 공기 영화 들어가 느끼 낭만 순간
WF_2641,watchapedia,film,어리 남자 다아시
WF_2642,watchapedia,film,중독 100 18 명곡 느낌
WF_2643,watchapedia,film,소나기 내리 배우 영상 음악 중학 마음 찌릿 로맨스 명작 담아내
WF_2644,watchapedia,film,아름답 배경 대사
WF_2645,watchapedia,film,처음 다아시 외모 별로 콜린 퍼스 때문 세상 편견 사죄 드리 무릎 하여간 다아시 멋있 미세스 다아시 미세스 다아시 계속 맴돌 영화 풍경 분위기 빗속 대화 영화 인생 로맨스 영화
WF_2646,watchapedia,film,별로 취향
WF_2647,watchapedia,film,질투 영화
WF_2648,watchapedia,film,고전
WF_2649,watchapedia,film,오만 사람 사랑 편견 사람 사랑
WF_2650,watchapedia,film,사람 바라보 가지 오만 편견 생각나 만점 제인 오스틴 천재 천재
WF_2651,watchapedia,film,햇살 눈부시
WF_2652,watchapedia,film,사람
WF_2653,watchapedia,film,오만 편견 도리어 아름답
WF_2654,watchapedia,film,단추 잘못 잘나 유유상종 서사
WF_2655,watchapedia,film,배경 음악 캐릭터 삼박자 떨어지 영화 벅차 가슴 부여잡 흐르 아깝 정도 인생 영화 리스트 고민 없이 추가
WF_2656,watchapedia,film,원작 소설 영화 소설
WF_2657,watchapedia,film,언제나 영화 생각 영화 느낌 살리 첫째 언니 나오 나이틀리 엘리자베스 캐릭터
WF_2658,watchapedia,film,미스 다아시 인생 편견 가지
WF_2659,watchapedia,film,오만 편견 사랑 감정 무너지 메세지 처녀 우아 귀엽 가식 품위 영상미 영화
WF_2660,watchapedia,film,대사 연출 인물 표정 내면 묘사 보이 수많 사람 명장면 마차 에스 코트 추천 영화 복잡 흥미 인물 생각 내면 묘사 충실히
WF_2661,watchapedia,film,의상 배경 추가
WF_2662,watchapedia,film,내용 멋지 담아내
WF_2663,watchapedia,film,고풍 스럽 영국 발음 진정 기다리
WF_2664,watchapedia,film,오만 편견 주체 대상 그것 억지로 벗어나 힘쓰 필요
WF_2665,watchapedia,film,사운드 오브 뮤직 떠올리 만들 막히 아름답 배경 예쁘 피아노 소품
WF_2666,watchapedia,film,영상미 취하 키이라 분위기 취하 리지 마차 오르 살짝 떨리 장면 설레 포인트 부분 모르 설레
WF_2667,watchapedia,film,제목 비디오 빌리 개인 오만 편견 제일 좋아하 영화 버전
WF_2668,watchapedia,film,좋아하 영화 원전 드라마 영화 여러 좋아하
WF_2669,watchapedia,film,스토리 연출 연기 영상미 메세지
WF_2670,watchapedia,film,오만 취하 편견 감옥 갇히 버리 온전히 오해 십상 용서 기회
WF_2671,watchapedia,film,영화 미스터 다아시 영화 끝나 문득 다아시 생각 정도 다아시 다아씌 ❤️ 키티 나위
WF_2672,watchapedia,film,
WF_2673,watchapedia,film,판단 버리 나날 되돌아보
WF_2674,watchapedia,film,인생 영화
WF_2675,watchapedia,film,최고 영화
WF_2676,watchapedia,film,아쉽 영화 특히 화면 흐름
WF_2677,watchapedia,film,우아 생동감 연출
WF_2678,watchapedia,film,아름답 좋아하 소설책 아름답 표현 영화
WF_2679,watchapedia,film,제인 오스틴 원작 접하 재미 제대로 느끼
WF_2680,watchapedia,film,사랑 시작 오만 편견 가득 시작 서로 쌓이 오해 사랑 확인 과정 가운데 성찰 사랑 확인 이후 필요 용기 타이밍 사랑 고민 필요 사람 사람 역사
WF_2681,watchapedia,film,원작 소설 영화 아쉽 필요 요소 가지 원작 느낌 전개 영화
WF_2682,watchapedia,film,힘들 생각나
WF_2683,watchapedia,film,영상 예쁘 다빈치 리졸브 배우 만들 영화
WF_2684,watchapedia,film,설레
WF_2685,watchapedia,film,영상미 음악 배우 제인오스틴 라이트 완벽 ❤️ 중학 영화관 반하 공부 지치 영화 대사 아끼 영화 쓰리
WF_2686,watchapedia,film,원작 유명 작품 영화 만들 만족 스럽 편견 부서지
WF_2687,watchapedia,film,원작 가지 영화
WF_2688,watchapedia,film,마음 따뜻 영상미 21 세기 찾아보 힘들 격식 존중 사랑
WF_2689,watchapedia,film,간단 주제 아름답 꾸미 그림 미술 감독 영화
WF_2690,watchapedia,film,콜린 퍼스 다아시
WF_2691,watchapedia,film,다아시
WF_2692,watchapedia,film,영화 두근거리 역시 소설 따라가 만들 영화
WF_2693,watchapedia,film,분위기 앵글 배우 스토리 모든 영화 가슴 졸이 점점 마음 따뜻 영화 오늘 기분
WF_2694,watchapedia,film,엘리자베스 키이라 나이틀리 어울리 기품 이거 돌리 중간 원작 중추 다아시 리지 러브 라인 대하 설명 부족 생각 다아시 엘리자베스 사랑 빠지 과정 보충 필요 생각
WF_2695,watchapedia,film,런던 귀족 새벽 시골 마당 만나
WF_2696,watchapedia,film,교양
WF_2697,watchapedia,film,나이틀리 예쁘 돌리 대사 멋있 이해 돌리 다아시 돌리 마지막 장면 소름 끼치 멋있 돌리 고즈넉 영화 분위기 배경 음악 어울리 돌리 줄줄 영화
WF_2698,watchapedia,film,키스 영화 가볍
WF_2699,watchapedia,film,수백 돌리 로맨틱 판타지
WF_2700,watchapedia,film,제목
WF_2701,watchapedia,film,영화 아직 부족
WF_2702,watchapedia,film,그대로 떠올리 거기 영상미 추가 바람직하
WF_2703,watchapedia,film,오만 편견
WF_2704,watchapedia,film,부분 없이 질리 새롭 포인트 발견
WF_2705,watchapedia,film,십수 원작 살리 영화
WF_2706,watchapedia,film,인간 마음속 그리 진실 미완 타협 세계 설정 에드윈 뮤어 곱씹 원작 영화 감정 추스르 빠르 전개 아쉽 생각 매끄럽 장면 오만 편견 충돌
WF_2707,watchapedia,film,오만 편견 가지 친구 결혼 리지 던지 가슴 깊이 박히 진실 사실 편견 둘러싸이 놓치 영화 돌아보 아직 오만 사람
WF_2708,watchapedia,film,사랑 고백 감동 최고
WF_2709,watchapedia,film,행복 잔잔 여운 덕분 디자인 영감 획득 까칠 다정 남자 다시 편견 사람 사랑 만들 오만 사람 사랑 만들
WF_2710,watchapedia,film,오만 편협 존재 비단 사랑
WF_2711,watchapedia,film,영화 무트 야자 영화관 중간 화장실 정작 돌이키 떠오르 장면 영화 콜라 마시 교훈
WF_2712,watchapedia,film,제인 오스틴 원작 가장 완벽히 그리 영화
WF_2713,watchapedia,film,오만 편견
WF_2714,watchapedia,film,모든 아름답 영국 영화
WF_2715,watchapedia,film,여주인공 예쁘 성격 감정 보이 보이 간질간질 느낌 영상미
WF_2716,watchapedia,film,제인 오스틴 오만 편견 좋아하 독특 영국식 억양 배경 사람 이해
WF_2717,watchapedia,film,분위기 연출 감정 표현 배우 연기 특히 키이라 나이틀리 연기 만점 영국 발음 엘리자베스 그네 흐르 연출 장면 엔딩 장면 제일 기억 영화
WF_2718,watchapedia,film,배경 인물 조화 영상미 어우러지 기분 영화
WF_2719,watchapedia,film,아름답
WF_2720,watchapedia,film,남자 사실 로맨스 영화
WF_2721,watchapedia,film,아름답 배경 이유 다시 찾아보 유일 영화
WF_2722,watchapedia,film,심장 설레 결혼 아버지 기뻐하
WF_2723,watchapedia,film,소설 연기
WF_2724,watchapedia,film,오만 편견 사랑 이유 버리 자체 이미 서로 관심 가지 이후
WF_2725,watchapedia,film,오만 편견 대하 영화
WF_2726,watchapedia,film,엘리자베스 사랑 남자 생기 아버지 반응 많이 부모 저런 마음 사랑 사람 생기 저런 마음
WF_2727,watchapedia,film,먼저 불구 실망 캐스팅
WF_2728,watchapedia,film,원래 소설 여주 가족 발암 연기 풍경 멋있 0.5 풍경
WF_2729,watchapedia,film,편견 사람 사랑 못하 만들 오만 사람 사랑 만들 원작 명대사 절실히 느끼 영화 창가 비추 햇살 분위기 영화
WF_2730,watchapedia,film,영어 공부
WF_2731,watchapedia,film,오만 편견 제목 그대로
WF_2732,watchapedia,film,나중 다시 소재 영화 영화 느낌 어렵
WF_2733,watchapedia,film,남자 진심 사람 생기 모든 집중 모든 사람 떠오르 때문 남자 스스로 변하 모습 여자 사랑 확신
WF_2734,watchapedia,film,매튜 맥퍼딘 눈빛 반하
WF_2735,watchapedia,film,
WF_2736,watchapedia,film,오만과 편견 다아시 엘리자벳
WF_2737,watchapedia,film,문학 사랑 수업 과제 제일 재밌
WF_2738,watchapedia,film,이토록 사랑 스럽 작품 어른 위하 동화 즐겁
WF_2739,watchapedia,film,여운 원래 영화 드라마 여주인공 아슬아슬 재밌 막상 서로 마음 연인 흥미 버리 다르 행복 꽁냥 거리 모습
WF_2740,watchapedia,film,처음 순간 사랑 빠지 근데 그것 오만 편견 가리
WF_2741,watchapedia,film,이거 진리 영화 드라마 찾아보 작품
WF_2742,watchapedia,film,나이틀리 고전 어울리
WF_2743,watchapedia,film,미치 영화 분위기 좋아하
WF_2744,watchapedia,film,미스터 다아시 이마 나이틀리 로자먼드 파이크 반하 영화
WF_2745,watchapedia,film,속물 사랑 아름답 보이 특별
WF_2746,watchapedia,film,고전 소설 영화 영화 사랑 특유 거리 낭만 대사 단순 열정 내용 의상 보이 풍경 오만 편견 주인공 다아시 상상 모습 다르 슬프 영화 오만과 편견 역시 매력 영화 따르 힘들 상상력 대단 가지 타임머신 개발 과감 현재 버리 18 세기
WF_2747,watchapedia,film,그림 배경 멋지 대사
WF_2748,watchapedia,film,따뜻 연출 키이라 나이틀리 사랑 스럽 웃음 기분 영화
WF_2749,watchapedia,film,처음 별로 인상 근데 점점 생각나 영화 특히 마지막 서로 마음 확인 장면 배경 사람 연기 키이라 꼬불 머리 전체 느낌 흔하 신데렐라 스토리 만들
WF_2750,watchapedia,film,나중 그리스 신화 영화 만들 데메테르 키이라 나이틀리 영화
WF_2751,watchapedia,film,영원 여자 명작 풀어내
WF_2752,watchapedia,film,오만 남자 편견 가지 여자 그러나저러나 금수저 최고
WF_2753,watchapedia,film,따스 햇살 안기 기분 언제나 영화
WF_2754,watchapedia,film,이쁘
WF_2755,watchapedia,film,라이트 풍부 감성 주연 배우 케미 한없이 아름답 영화 너무나 로맨틱하 그립 느낌
WF_2756,watchapedia,film,잔잔 러브 스토리 고전 생각 명작
WF_2757,watchapedia,film,밋밋
WF_2758,watchapedia,film,기쁨 주체 부르 엘리자베스 마지막 장면
WF_2759,watchapedia,film,잡히 평생 두고두고 영화
WF_2760,watchapedia,film,영상미 스토리 연출 배우 연기 나이틀리 예쁘
WF_2761,watchapedia,film,외롭 영화
WF_2762,watchapedia,film,미안 명작
WF_2763,watchapedia,film,
WF_2764,watchapedia,film,
WF_2765,watchapedia,film,순간 갑자기 멋있 보이
WF_2766,watchapedia,film,소설 필수 다시
WF_2767,watchapedia,film,편견 사람 사랑 못하 오만 사람 사랑 못하
WF_2768,watchapedia,film,순정 만화 영화 인생 목표 결혼 시대 여성상 간접
WF_2769,watchapedia,film,영화 최고 단언 다아시 영원 매튜맥퍼딘 기억 여러 돌리 눈빛 시선 처리 제스처 모든 다아시 자체
WF_2770,watchapedia,film,영화 전채 관통 피아노 선율 인상
WF_2771,watchapedia,film,사랑 스럽 배우 사랑 스럽 이야기 영상미 아름답 팔방미인
WF_2772,watchapedia,film,모든 배우 멋지 마지막 쿠키 영상 계속 부르 심장 폭행
WF_2773,watchapedia,film,개봉 당시 영화 그것 쑥스럽 드라마 시리즈 찾아보 만들 영화 키다리 아저씨 좋아하 사춘기 취향 연장선 신데렐라 스토리 때문 모르 기억 그녀 에스 코트 저릿저릿 힘주 펼치 장면 장면 오버랩 처음 마음 흠뻑 들어오 그이 선물 저릿 순간 거칠 숨결 들판 가로지르 만나 사람 떠오르 햇살 비치 장면 되돌리 벅차오르
WF_2774,watchapedia,film,아직 다아시 못하 마차 태우 기쁨 부끄러움 나타내
WF_2775,watchapedia,film,신데렐라 스토리 영상 이쁘 유명 영화
WF_2776,watchapedia,film,주인공 싸우 버리 친구 영화 얘기
WF_2777,watchapedia,film,되풀이 새롭 영화 스토리 영상 가슴 울컥 섬세 감정 최고
WF_2778,watchapedia,film,감정 변화 중간 중간 끊기 느낌
WF_2779,watchapedia,film,어쩌면 비슷 서로 모습 모르 서로 이끌리 서로 이끌
WF_2780,watchapedia,film,마지막 아버지 눈물 섞이 웃음 영화 모든 느끼
WF_2781,watchapedia,film,엘리자베스 다아시 치열 두뇌 싸움
WF_2782,watchapedia,film,
WF_2783,watchapedia,film,오해
WF_2784,watchapedia,film,아련 다가오 완벽 가깝 미장 시퀸스 아름답
WF_2785,watchapedia,film,나이틀리
WF_2786,watchapedia,film,사람 사랑 절대 쉬이 판단 인물 섬세 감정 표현 심리 묘사 두근두근
WF_2787,watchapedia,film,상당히 베리
WF_2788,watchapedia,film,사랑
WF_2789,watchapedia,film,설레 안기 햇빛 어우러지 푸르 배경 엘리자베스 초록색 드레스 편하 아늑 느낌 편견 다가오 인연 알아보 지나치 모르
WF_2790,watchapedia,film,오만 버리 편견 사랑 이루어지
WF_2791,watchapedia,film,대사 배경 아름답
WF_2792,watchapedia,film,먼저 영화 중간 옮기 글쎄
WF_2793,watchapedia,film,역시 최고 영화
WF_2794,watchapedia,film,좋아하 영화
WF_2795,watchapedia,film,19 세기 영국 남동부 하트퍼드셔 위치 베넷 결혼 적령기 들어서 첫째 둘째 중심 사랑 스럽 에피소드 그리 작품 등장 대부분 미장센 영화 고증 모범 답안 후기 중세 시대 말엽 영국인 모습 감독 모래알 재현 기세 공들이 준비 만족 스럽 중간 중간 흐르 웅장하 관현악 현란 섬세 피아노 솔로 사로잡 나이틀리 상대역 매튜 맥퍼든 신비 눈빛 매력 다가오 내내 머리 왁스 욕구 샘솟 기억 시대 반영 헤어스타일 견디 힘들 베넷 자매 모습 사랑 스럽 자체 특히 막내 셋째 어리 친구 보이 귀염 대사 행동 미소 만들 원작 영화 각색 모르 충분히 현대 영화 언어 풀어내 보이 고리타분 지루 느끼
WF_2796,watchapedia,film,섣부르 판단 거기 이유
WF_2797,watchapedia,film,예쁘 예쁘
WF_2798,watchapedia,film,영국 귀족 18 세기 배경 충분 점잖 기품 영화 나이틀리 최고
WF_2799,watchapedia,film,인생 영화
WF_2800,watchapedia,film,감동 문어 머리
WF_2801,watchapedia,film,다시 영화 다시
WF_2802,watchapedia,film,다시
WF_2803,watchapedia,film,오만 사랑 편견 사랑 만들
WF_2804,watchapedia,film,오만 편견 충실 비쥬얼 아름답
WF_2805,watchapedia,film,중학 생각 키스 나오 로맨스 영화 주인공 스킨쉽 사실 그것 엄청 젠틀 부리 맞추 당시 새롭 충격 자극
WF_2806,watchapedia,film,다아시 킬링 파트
WF_2807,watchapedia,film,자연 건축 사람 감정 영화 처음 촬영지 여행 저런 장면 촬영 카메라 감독 행복
WF_2808,watchapedia,film,
WF_2809,watchapedia,film,다시 제인 오스틴
WF_2810,watchapedia,film,연기 남자 배역 찰떡 연기 섹시
WF_2811,watchapedia,film,영상 느낌 느낌
WF_2812,watchapedia,film,로맨스 영화 따스 기품 고전 물들
WF_2813,watchapedia,film,제목 뻔하 영화
WF_2814,watchapedia,film,제목
WF_2815,watchapedia,film,대화
WF_2816,watchapedia,film,10 영화 100 사랑 스럽 영화
WF_2817,watchapedia,film,리지 부러지 여자 만나
WF_2818,watchapedia,film,모든 사랑 얘기 원조 느낌
WF_2819,watchapedia,film,원작 미묘 감정 변화 보이 모든 대사 당연히 예쁘 아름답 풍경 아쉽
WF_2820,watchapedia,film,
WF_2821,watchapedia,film,영화
WF_2822,watchapedia,film,사람 온전히 이해 시행착오
WF_2823,watchapedia,film,엘리자베스 매력 감싸
WF_2824,watchapedia,film,제인 오스틴 만들 소설
WF_2825,watchapedia,film,아름답 메리 나머지 자매 지금 헐리웃 열심히 작품 활동 모든 등장인물 사랑 스럽 미소 만들 저런 자연
WF_2826,watchapedia,film,사랑 영화
WF_2827,watchapedia,film,다아시 남자 편견 가지 색감 이쁘 시대
WF_2828,watchapedia,film,감독판 엔딩 미세스 다아시 미세스 다아시 미세스 다아시 새벽 이슬 풀밭 가로지르 다아시 여한 나이틀리 연기 좋아하
WF_2829,watchapedia,film,함부로 판단 오만 편견
WF_2830,watchapedia,film,완벽 명작
WF_2831,watchapedia,film,다아시 엘리자베스 언쟁 눈빛 분위기 설레 키스 부분 영화 부분 영화
WF_2832,watchapedia,film,재미없
WF_2833,watchapedia,film,현존 로맨스 영화 최고
WF_2834,watchapedia,film,소설 배경 이쁘 키이라 나이틀리 나오
WF_2835,watchapedia,film,나이틀리 매력
WF_2836,watchapedia,film,완벽 로맨틱 영화 ❤️
WF_2837,watchapedia,film,오만 편견 원작 그대로 영상 옮기 작품 섬세 부드럽
WF_2838,watchapedia,film,영화 실망 마련 영화 내내 계속 행복 고등학생 시절 설레 감정 성인 다시 일깨우 영화
WF_2839,watchapedia,film,사랑 넘어서 모든 인간 관계 오만 편견 저지르 사랑 이야기 그것 일삼 깨달음 잔잔 스토리 음악 아름답 영상 고요 새벽 걸맞 영화
WF_2840,watchapedia,film,소설 원작 바람직하 영화
WF_2841,watchapedia,film,흔하 입맞춤 감동 영화다아시 수줍 행동 하나하나 기억
WF_2842,watchapedia,film,영화 부제 붙이 완벽 다아시 풍경 아름답 영화
WF_2843,watchapedia,film,그대로 아름답 영화
WF_2844,watchapedia,film,다루 감독 스킬 놀랍 소설 영화 만들 모범 사례
WF_2845,watchapedia,film,햇살 섬세 작품 우아
WF_2846,watchapedia,film,22 다시 생각나 여운 구입 영화 작품 괜히 명작
WF_2847,watchapedia,film,원작 느낌 그대로 되살리
WF_2848,watchapedia,film,내용 급하 꾹꾹 담아내 느낌 키이라 나이틀리 엘리자베스 자체 영국식 발음 호강
WF_2849,watchapedia,film,사랑 영화
WF_2850,watchapedia,film,원작
WF_2851,watchapedia,film,전개 시원시원 마지막 아빠 듯이
WF_2852,watchapedia,film,영화 배경 다아시 부르 악센트 마주치 설레
WF_2853,watchapedia,film,빠지 영화
WF_2854,watchapedia,film,원작 충실 따르 어쩌 영화 배경 예쁘 호갱 나오 실망 리지 다아시 배역 제대로
WF_2855,watchapedia,film,영화 빠지 매력 자극 스릴 넘치 부분 없이 심장 두근두근 영화 현실 나오 못하 엔딩 크레딧 멍하 바라보 영화
WF_2856,watchapedia,film,편견 사람 사랑 못하 오만 사람 사랑 만들
WF_2857,watchapedia,film,전혀 빠지 생각 어느새 아버지 사랑 버리 서늘 가을 찾아오 다시 생각 영화
WF_2858,watchapedia,film,담백 담백
WF_2859,watchapedia,film,사랑
WF_2860,watchapedia,film,미스터 다아시
WF_2861,watchapedia,film,편견 사람 사랑 못하 오만 사람 사랑 만들
WF_2862,watchapedia,film,오만 편견 많이 영화 먼저 접하 작품 제목 영화 배경 너무나 예쁘 더욱 예쁘 다아시 갈수록 멋있 보이 마지막 아빠 리지 대화 장면 너무나 예쁘 장면 오랜만 로맨스 영화 최고 영화 역시 명작 다르
WF_2863,watchapedia,film,
WF_2864,watchapedia,film,
WF_2865,watchapedia,film,장님
WF_2866,watchapedia,film,화면 내용 따뜻 힐링 영화 섬세 동작 표현 인물 감정 집중 재밌 음악 화면 따뜻 노동요 잉여 멍하 힐링 자체
WF_2867,watchapedia,film,영국 귀족 18 세기 배경 충분 점잖 기품 영화 나이틀리 최고
WF_2868,watchapedia,film,다아시 멋지 남자 처음 느끼 다시 등장인물 미묘 감정 섬세 표현 작품
WF_2869,watchapedia,film,오만 편견 불구 사랑
WF_2870,watchapedia,film,헤어리
WF_2871,watchapedia,film,아름답
WF_2872,watchapedia,film,역시 명작
WF_2873,watchapedia,film,원작 인물 미묘 감정 살리 감정 살리 연출 카메라 워크 소품 공간 훌륭 해내 영화 원작 헤치 적절 각색 아쉽 러닝 타임 제약 때문 장면 전환 빠르 원작 사람 가볍 느끼 지루 영화 그치 영화 평점
WF_2874,watchapedia,film,
WF_2875,watchapedia,film,나이틀리 사랑
WF_2876,watchapedia,film,오만 편견 오해 사라지 사람 진심
WF_2877,watchapedia,film,키스 없이 담아내 절절 감정
WF_2878,watchapedia,film,여심 저격
WF_2879,watchapedia,film,이리 떨리
WF_2880,watchapedia,film,스트레스 설레 필요 영화 사소 하나하나 설레 가득 영화 다아시 남자
WF_2881,watchapedia,film,츤데레
WF_2882,watchapedia,film,지루 이해 흐름 괜찮
WF_2883,watchapedia,film,떨리 허영심 허영심 나오 오만 오만 나오 편견
WF_2884,watchapedia,film,사랑 스킨쉽 표현 오만 생각 안일 편견 통쾌 깨뜨리 영화
WF_2885,watchapedia,film,오스틴 소설 오만과 편견 10 재탕 제본 떨어지 정도 영화 소설 감동 영상 연출 음악 연기 개성 넘치 캐릭터 튀어나오 영화 통하 제인 오스틴 작품 키아라 나이틀리 여배우 관심
WF_2886,watchapedia,film,17 09 30
WF_2887,watchapedia,film,현대 드라마 영화 흔히 막장 드라마 차원 다르 느낌 인상 가져다주 조용 피아노 소리
WF_2888,watchapedia,film,라이트 영상미 섬세하 연출 여자 상기
WF_2889,watchapedia,film,역시 영화 따라오 워낙 좋아하
WF_2890,watchapedia,film,세상 푸르 하늘 따듯 구렛나룻 완벽
WF_2891,watchapedia,film,평범하 영상미
WF_2892,watchapedia,film,여러 질리 영화 새롭 아름답 멋지 영국 자연 풍경 저택 영국식 악센트 영화 사용 등장인물 매력 영화 사랑 이유
WF_2893,watchapedia,film,여배우 때문 내용 지루 어쩌
WF_2894,watchapedia,film,인생 영화
WF_2895,watchapedia,film,미묘 드러나 감정 엘리자베스 다아시 처음 장면
WF_2896,watchapedia,film,진정 사랑 정석 기분 크리스마스 홀로 외롭
WF_2897,watchapedia,film,고전 이토록 재치 충실 눈앞 그리 영화 돌아서 다아시 감독 바람직 변태 덕후 감사
WF_2898,watchapedia,film,
WF_2899,watchapedia,film,아쉽
WF_2900,watchapedia,film,영어 문학 공부 도움
WF_2901,watchapedia,film,나이틀리 캐리비안 시리즈 행복
WF_2902,watchapedia,film,원조 제인 오스틴
WF_2903,watchapedia,film,진하 녹차 연하 고급 녹차
WF_2904,watchapedia,film,영화 통하 오만 편견 문학 작품 대하 매력 다시 느끼
WF_2905,watchapedia,film,처음 재미 주인공 배역 전혀 어울리 특유 어수선 밍밍 분위기 배우 유지 캐릭터 표현 독특 해석 마음
WF_2906,watchapedia,film,전개 빠르 버겁 영상미 최고
WF_2907,watchapedia,film,당시 유럽 시대극 빠지 만들 영화 풍경 손끝 고풍 스럽 대화 감정 표현 영상미 돋보이
WF_2908,watchapedia,film,다아시 진리
WF_2909,watchapedia,film,원작 자체 아름답 배경 구현 영화
WF_2910,watchapedia,film,울적 목가 풍경 치유 영화 고백 설레
WF_2911,watchapedia,film,이해 만들 어느새 공감
WF_2912,watchapedia,film,보이
WF_2913,watchapedia,film,취향 죄송 영화
WF_2914,watchapedia,film,다아시 귀엽 뒷이야기
WF_2915,watchapedia,film,영화 시대극
WF_2916,watchapedia,film,오만 편견 사랑
WF_2917,watchapedia,film,햇빛 장대 풍광 설레 빠지 만들
WF_2918,watchapedia,film,특별 상영 다시 아름답 작품 마크 다아시 클로즈업 웬만 키스 강렬 느끼
WF_2919,watchapedia,film,선책 영화 노래 선율 영화 장면 장면 어우러지 깔끔 영화
WF_2920,watchapedia,film,버전
WF_2921,watchapedia,film,새벽 고백
WF_2922,watchapedia,film,원작 탁월 묘사 미치 충분히 아름답 매력
WF_2923,watchapedia,film,
WF_2924,watchapedia,film,무도회 연출
WF_2925,watchapedia,film,영화 영화 분위기 아름답 인물 러브 라인 옛날 사랑 생각 넘기 설득력 당황 스럽
WF_2926,watchapedia,film,의외로 유머러스 담기 영화
WF_2927,watchapedia,film,영화 지루 오만 때문
WF_2928,watchapedia,film,다아시
WF_2929,watchapedia,film,수록
WF_2930,watchapedia,film,어리숙하 어리석
WF_2931,watchapedia,film,사심 듬뿍 별점 라이트 다리오 마리넬리 조합 최고 새벽녘 다아시 리지 만나 위하 안개 장면 수백
WF_2932,watchapedia,film,말투 어색 담백 진심 담기
WF_2933,watchapedia,film,리지 언덕 바람 장면 그야말로 압권 오브 압권
WF_2934,watchapedia,film,나이틀리 현대극 고전 어울리
WF_2935,watchapedia,film,계속 지겹 최고 영화 모르
WF_2936,watchapedia,film,오해 사랑 영상미
WF_2937,watchapedia,film,클래식
WF_2938,watchapedia,film,고전 클라쓰
WF_2939,watchapedia,film,로코물 기본 공식 담기 원작 막장 드라마 키아라 나이틀리 음악 영상 과하 정도 매튜맥퍼딘
WF_2940,watchapedia,film,장면 아름답 넘치
WF_2941,watchapedia,film,라이트 감독 영상미 훌륭 모르 어톤먼트와 다르 비슷 매력 나이틀리 미스터 다시 케미 은근히 어울리
WF_2942,watchapedia,film,제목 아직 마음 여운 부분 자극 직접 등장 모든 인물 공감 영화 원작 영화 서로 드물 영화
WF_2943,watchapedia,film,어리 미스터 다아시 유명 모르
WF_2944,watchapedia,film,베스트 들어가 영화 시대 배경 배우 연기 작품 제인 오스틴 정서 좋아하 사람 빠지 작품 잔잔 아름답
WF_2945,watchapedia,film,풍경 인물 대사 완벽 손짓 깜빡이 엄청 다가오
WF_2946,watchapedia,film,엘리자베스 베넷 미스터 다아시 인생 최고 멜로 영화
WF_2947,watchapedia,film,인생 영화 거만 생기 낙타 미남 변하 마법
WF_2948,watchapedia,film,오버레이 예쁘 영화 인물 상상 그대로 캐스팅 생각 재밌 집중
WF_2949,watchapedia,film,생각 엘리자베스 베넷 그대로
WF_2950,watchapedia,film,마음 남자 서로 오만 편견 떨리 만들 사랑 영상 음악 손끝 저릿
WF_2951,watchapedia,film,두근두근 두근두근 다아시 주먹 장면 찌릿
WF_2952,watchapedia,film,배우 연기 기본 워킹 타이틀 연출력 역시 단어 어울리
WF_2953,watchapedia,film,가장 사랑 영화 사랑 영화
WF_2954,watchapedia,film,영상 훌륭 가지 가치 충분
WF_2955,watchapedia,film,오만 그녀 편협 근데 남자 레알 부자
WF_2956,watchapedia,film,제인 오스틴 당연히 소설 느낌 방해
WF_2957,watchapedia,film,햇살 키스 마디 영원히 침묵
WF_2958,watchapedia,film,뻔하 내용 뻔하 내용 오랫동안 사랑 이유
WF_2959,watchapedia,film,인생 영화
WF_2960,watchapedia,film,생각 다아시 외양 어쩌 장광설 포함 원작 충실 부분 도리어 후지
WF_2961,watchapedia,film,영상 예쁘
WF_2962,watchapedia,film,오만 편견 제목 내용 조화 최고
WF_2963,watchapedia,film,영화 아름답 가슴 떨리 부족
WF_2964,watchapedia,film,
WF_2965,watchapedia,film,나이틀리 연기 기억 영화
WF_2966,watchapedia,film,감정 세세 묘사 감독 감독 배우 몰입 장난
WF_2967,watchapedia,film,새벽 안개 걸어오
WF_2968,watchapedia,film,나이틀리
WF_2969,watchapedia,film,지루 이기 감동
WF_2970,watchapedia,film,다리오마리아넬
WF_2971,watchapedia,film,영화 나오 원작 필요
WF_2972,watchapedia,film,교훈
WF_2973,watchapedia,film,고전 영화 만나 즐거움 2015. 8. 31. 감상
WF_2974,watchapedia,film,사람 장면 자꾸 떠오르 스토리 감상 거듭 다시 영상미 또다시 흐뭇
WF_2975,watchapedia,film,인생 영화 영상미 끝장 섬세하 섬세 즐겁 분위기 작살
WF_2976,watchapedia,film,가장 사랑 이미지 비슷 만들 영화 사랑 빠지
WF_2977,watchapedia,film,편견 오해 만들 깨지 순간 사람 보이
WF_2978,watchapedia,film,좋아하 영화 사랑 오해 이별 오해 순간 모든 편견 피하 평가 오만 시작
WF_2979,watchapedia,film,제인 오스틴
WF_2980,watchapedia,film,원작 스토리 몰입 사랑 빠지 키아라 나이틀리 연기
WF_2981,watchapedia,film,인생 최고 영화 사랑 못하 편견 사랑 못하
WF_2982,watchapedia,film,인생 영화
WF_2983,watchapedia,film,다아시 남자 이상형 버리
WF_2984,watchapedia,film,설레 100 미스 다아시 미스 다아시 미스 다아시
WF_2985,watchapedia,film,최고 최고
WF_2986,watchapedia,film,편견 사람 사랑 못하 오만 사람 사랑 만들
WF_2987,watchapedia,film,제인 오스틴 후광
WF_2988,watchapedia,film,리메이크 영화 로맨스 영화 언제나 환영 키이라 리즈시절 예쁘 나오
WF_2989,watchapedia,film,
WF_2990,watchapedia,film,세세 표현 예쁘 영화
WF_2991,watchapedia,film,라이트 살리 제인 오스틴 우아 감정 수려 고전
WF_2992,watchapedia,film,신선 러브 스토리
WF_2993,watchapedia,film,배경 내용 잔잔
WF_2994,watchapedia,film,오만 상대 사랑 만들 편견 상대 사랑 만들 원서
WF_2995,watchapedia,film,원작 감정 표현
WF_2996,watchapedia,film,편견 버리 진실 본질
WF_2997,watchapedia,film,재밌
WF_2998,watchapedia,film,키이라 나이틀리 평생
WF_2999,watchapedia,film,미스터 다시 엘리자베스 미안 콜린 퍼스
WF_3000,watchapedia,film,감정 연기 내용 마음 지나치 축약 일부분 너무나 아쉽 느끼 영화
WF_3001,watchapedia,film,영화 구성 대부분 모든 아름답
WF_3002,watchapedia,film,남자 역시 능력
WF_3003,watchapedia,film,영국 밀당
WF_3004,watchapedia,film,사랑 변하 그것 잘못
WF_3005,watchapedia,film,스마트 시대 결코 누리 진수
WF_3006,watchapedia,film,사랑 스럽
WF_3007,watchapedia,film,영화 어울리
WF_3008,watchapedia,film,다아시 첫인상 불행 보이 다아시 인상 찡그리 다니 대하 설명 없이 사실 겸손 인성 반전 위하 억지로 끼우 맞추 느낌
WF_3009,watchapedia,film,비포 선라이즈 셀린느 어쩌면 사랑 위하 살아가 모르
WF_3010,watchapedia,film,눈부시 영상미 영원불멸 고전 앙상블 미스터 다아시 매력 떨어지 아쉽
WF_3011,watchapedia,film,아름답 영화
WF_3012,watchapedia,film,최고 영화 영화 감정 하나하나 섬세하 신기 영화 감정 표현 도구 강조 마음
WF_3013,watchapedia,film,설레
WF_3014,watchapedia,film,이러
WF_3015,watchapedia,film,
WF_3016,watchapedia,film,감탄 만들 영상미 거기 풍미 드라마 영화 설레 만들 작품
WF_3017,watchapedia,film,소설 그대로 옮기 나이틀리 상상 엘리자베스 자체
WF_3018,watchapedia,film,콜린 퍼스
WF_3019,watchapedia,film,사랑 영화 없이 클로즈업 다아시 느끼 감정 리지 다아시 서로 바라보 눈빛 영화 풍경 음악 사랑
WF_3020,watchapedia,film,영상미 다아시 설레 포인트 언제나 만들
WF_3021,watchapedia,film,파트너 더더욱 사람 모르 더욱 관심 마련
WF_3022,watchapedia,film,질리 소설 그러 제인 오스틴 영원 나이틀리 예쁘
WF_3023,watchapedia,film,
WF_3024,watchapedia,film,재밌 애틋 아련 사랑
WF_3025,watchapedia,film,사랑
WF_3026,watchapedia,film,여성 잔혹 세상 살아남 강하 여성 세심 연출 품격 배경
WF_3027,watchapedia,film,꾸밈없 클래식 시대 변하 없이 관객 마음 적시
WF_3028,watchapedia,film,다르시 남자 반하
WF_3029,watchapedia,film,키이라 나이틀리 엘리자베스 행복 사랑 흘리 아버지 기쁨 눈물 가장 기억
WF_3030,watchapedia,film,최고 최고
WF_3031,watchapedia,film,오만 그녀 편견 편견 그녀 오만
WF_3032,watchapedia,film,다르 영화 매력
WF_3033,watchapedia,film,초반부 지루 내용
WF_3034,watchapedia,film,배경 음악 조화 배우 연기 마음 움직이 절벽 리지 음악 최고 장면
WF_3035,watchapedia,film,곱씹 곱씹 마음 따뜻
WF_3036,watchapedia,film,아름답 영상미 아름답 커플 마지막 장면 로맨틱하 사랑 영화
WF_3037,watchapedia,film,그녀 예쁘
WF_3038,watchapedia,film,가장 사랑 영화 필요
WF_3039,watchapedia,film,나이틀리 매력
WF_3040,watchapedia,film,영국 고전 재미 영화
WF_3041,watchapedia,film,로맨스 정석
WF_3042,watchapedia,film,재밌 원작 따라가
WF_3043,watchapedia,film,로맨스 시대극 영화 최고 존엄 작품
WF_3044,watchapedia,film,인생 영화 고백 필요
WF_3045,watchapedia,film,영화 근데 영화
WF_3046,watchapedia,film,미스터 다아시 사랑
WF_3047,watchapedia,film,좋아하 원작 퀄리티 영화 무척 기쁘 키이라 미모 취하 화면 취하 영화
WF_3048,watchapedia,film,나이틀리
WF_3049,watchapedia,film,괜히 고전 명작 나이틀리 배우 빠지 영화
WF_3050,watchapedia,film,영상미 음악 깡패 분위기 성숙 사랑 스럽 느낌
WF_3051,watchapedia,film,영화 주역 영화 색감 원작 파워 배우 연기 동생 존트 얄밉 목사 분명 별로 생기 마지막 다아시 가지
WF_3052,watchapedia,film,나이틀리 엘리자베스 상상 버리
WF_3053,watchapedia,film,문학 빌리 신데렐라 스토리 중학교 학년 아직 다아시 빗속 달려오 영국 악센트 엘리자베스 사랑 고백 장면
WF_3054,watchapedia,film,사랑 영화
WF_3055,watchapedia,film,아름답 사랑 스럽 섹시 두근두근 거리 라이트 최고 이거 만들 감사
WF_3056,watchapedia,film,상대 부재 두렵 오만 편견 사라지 사랑 영화
WF_3057,watchapedia,film,오만 남자 편견 빠지 여자 세심 끌어올리 터트리 와중 나이틀리 엘리자베스 순간순간 보이 감정 사랑 스럽
WF_3058,watchapedia,film,영화 먼저 접하 영화 돌리 모르 오만 편견 단어 대하 생각 영화
WF_3059,watchapedia,film,대화 중요 대화 방법 대상 따르 편견 오만 느끼 원문 다시 정도 언어 아름답 복잡 느끼
WF_3060,watchapedia,film,영화 완벽
WF_3061,watchapedia,film,연애 영화 일부러 우연히 완전
WF_3062,watchapedia,film,지역 어울리
WF_3063,watchapedia,film,결혼 안달 여인 지금 이해 아름답 음악 배경 마음 사로잡
WF_3064,watchapedia,film,사랑 대하 가만히 생각 영화 한번 천천히 새벽 정도 잘근잘근 영화
WF_3065,watchapedia,film,계속 매력 영화 원작 추천
WF_3066,watchapedia,film,로맨스 영화 추천 영화 이거 나이틀리 리즈시절 찌질 못생기 다아시 잘생기 보이 마술 다아시 손짓 심장 쿵덕쿵덕 풍경 이쁘
WF_3067,watchapedia,film,로맨스 밀당 고전
WF_3068,watchapedia,film,
WF_3069,watchapedia,film,클래식 클래식 이유
WF_3070,watchapedia,film,배경 주연 아름답
WF_3071,watchapedia,film,맥튜 맥퍼틴 다아시 참으로 매력 원작 훼손 칭찬 부분
WF_3072,watchapedia,film,원작 창의 해석
WF_3073,watchapedia,film,첫사랑 다아시
WF_3074,watchapedia,film,영화 잔잔 멜로디 정도 배경 훌륭 아니하
WF_3075,watchapedia,film,처음 관계 대하 파악 답답 마지막 장면 사랑 확실히 확인 장면 아버지 웃음 영화 다시 생각 만들
WF_3076,watchapedia,film,클래식 영화 디테일
WF_3077,watchapedia,film,
WF_3078,watchapedia,film,함부로 평가 단정 오만 편견 바보 만들
WF_3079,watchapedia,film,미스터 다아시 시대 국적 뛰어넘
WF_3080,watchapedia,film,진정 사랑 대하 영화
WF_3081,watchapedia,film,라이트 영화 영화 클로즈업 감각 연출 몰입 긴장 만들
WF_3082,watchapedia,film,아름답 표현
WF_3083,watchapedia,film,
WF_3084,watchapedia,film,근래 로맨스 최고
WF_3085,watchapedia,film,좋아하 작품
WF_3086,watchapedia,film,설레
WF_3087,watchapedia,film,영화 키이라 나이틀리 사랑
WF_3088,watchapedia,film,살아가 영화
WF_3089,watchapedia,film,고딩 학교 영화 유일 기억나 처음 나라 생각
WF_3090,watchapedia,film,배우 영국식 발음 다아시 리즈 귀엽
WF_3091,watchapedia,film,요약 근데 아쉽
WF_3092,watchapedia,film,필수 영화
WF_3093,watchapedia,film,제일 많이
WF_3094,watchapedia,film,전형 무조건 나쁘 엘리자베스 다아시 전형 키이라 나이틀리 다아시 배우 존내 어울리
WF_3095,watchapedia,film,원작 좋아하 다아시 가장 이해 인물
WF_3096,watchapedia,film,
WF_3097,watchapedia,film,영상 반짝반짝 예쁘
WF_3098,watchapedia,film,키이리 나이틀리 조우
WF_3099,watchapedia,film,중학교 오만 편견 재미없 떠들 다니 반성 원작 빌리 마지막 미세스 다아시 틀어막
WF_3100,watchapedia,film,만드
WF_3101,watchapedia,film,사랑 여자 친구 보이 영화
WF_3102,watchapedia,film,제인 오스틴 고맙 세상에 인물 만들
WF_3103,watchapedia,film,원작 마지막 장면 그치만 드라마 다아시 콜린 퍼스
WF_3104,watchapedia,film,인생 영화
WF_3105,watchapedia,film,사람 사람
WF_3106,watchapedia,film,아시
WF_3107,watchapedia,film,원작 워낙 명작 영화 덩달 명작 키이라 나이틀리 엘리자베스 베넷 연기 돋보이 영화
WF_3108,watchapedia,film,영국 자연 풍광 어우르 로맨스 마음 감추 리지 다아시 표정
WF_3109,watchapedia,film,미스터 다아시
WF_3110,watchapedia,film,도날드 서덜랜드 가장 재미있
WF_3111,watchapedia,film,상상 엘리자베스 모습 그대로
WF_3112,watchapedia,film,인생 영화
WF_3113,watchapedia,film,고백 장면 이쁘
WF_3114,watchapedia,film,영화 모르 남자 주인공 생기 새벽 영화
WF_3115,watchapedia,film,청순 나이틀리 외모 영화 분위기 일조
WF_3116,watchapedia,film,오만 편견 서로 부르
WF_3117,watchapedia,film,티비 상영 힐링 영화
WF_3118,watchapedia,film,진정 로맨스 영화
WF_3119,watchapedia,film,
WF_3120,watchapedia,film,명작 의아 부분 훌륭 영화 먼저 무난
WF_3121,watchapedia,film,오만 편견 사랑 시작
WF_3122,watchapedia,film,시대 배경 아직 호감 음악 영상 고백 새벽 다아시 걸어오 멋있
WF_3123,watchapedia,film,편견 사람 사랑 못하 오만 사람 사랑 만들
WF_3124,watchapedia,film,원작 소설 충실히 반영
WF_3125,watchapedia,film,먼저 접하 영화 접하 명작
WF_3126,watchapedia,film,영상 만나 영문학 걸작
WF_3127,watchapedia,film,재밌
WF_3128,watchapedia,film,미세스
WF_3129,watchapedia,film,아름답 영화 영화 원작
WF_3130,watchapedia,film,서로 대하 사랑 숨기 숨기 이야기 끝내 이루어지 사랑 운명 스토리
WF_3131,watchapedia,film,배경 인물 스토리 아름답 나이틀리 아름답 사랑 스럽 나오
WF_3132,watchapedia,film,비커밍 제인 감명 영화 해피 엔딩 왠지 아련 느끼
WF_3133,watchapedia,film,멜로 교과서 작품 만들
WF_3134,watchapedia,film,나이틀리 연기 경이
WF_3135,watchapedia,film,편견 사랑 못하 오만 사랑 못하
WF_3136,watchapedia,film,19 세기 영국 사회 엘리자베스 장난 넘치 웃음 사랑 스럽 원작 과하 정도 충실 만족 스럽 작품
WF_3137,watchapedia,film,다아시 매력 빠지 영화 영화 중간 중간 흐르 음악 영국 시골 풍경 여운 오래
WF_3138,watchapedia,film,냐인생 영화 따라잡 노력 보이
WF_3139,watchapedia,film,산뜻 따뜻
WF_3140,watchapedia,film,오만 지니 남자 편견 지니 여자 지니 인정 이해 영화 제목 인생 영화 추가
WF_3141,watchapedia,film,대하
WF_3142,watchapedia,film,오만 사람 사랑 만들 편견 사람 사랑 만들
WF_3143,watchapedia,film,호강 제대로 원작 모자라 더하 나위
WF_3144,watchapedia,film,가장 소극 애정 표현
WF_3145,watchapedia,film,원전 격하 로맨스
WF_3146,watchapedia,film,생각 없이 편협 깨닫 따뜻하 멜로 영화
WF_3147,watchapedia,film,키아라 나이틀리 엘리자베스 분위기 소품 배경
WF_3148,watchapedia,film,오만 편견
WF_3149,watchapedia,film,자극 애정 손동작 가슴 설레 만들 영화
WF_3150,watchapedia,film,두근두근두근
WF_3151,watchapedia,film,아름답 아름답 영화 도대체 이제야 후회 영화 영화
WF_3152,watchapedia,film,계속 질리 영화 가장 좋아하 영화 인상 영화
WF_3153,watchapedia,film,다아시
WF_3154,watchapedia,film,
WF_3155,watchapedia,film,영화 사람 생각
WF_3156,watchapedia,film,절제 사랑
WF_3157,watchapedia,film,사랑 시작 언제나 어렵
WF_3158,watchapedia,film,배경 빠짐없이 훌륭 키이라 나이틀리 싱글벙글 모습 이쁘
WF_3159,watchapedia,film,오만 편견 버리 사랑 피어나
WF_3160,watchapedia,film,툭툭 끊어지 키이라 나이틀리 발음
WF_3161,watchapedia,film,편견 사람 사랑 못하 오만 사람 사랑 만들
WF_3162,watchapedia,film,애기
WF_3163,watchapedia,film,엘리자베스 처음 돌아서 다아시 활짝 움츠러들 그것 영화 모든
WF_3164,watchapedia,film,오만 다아시 편견 엘리자베스
WF_3165,watchapedia,film,흔하 키스 없이 어쩜 달달하 다시 다시 영화
WF_3166,watchapedia,film,최고 좋아하 영화
WF_3167,watchapedia,film,다아시 지금 모든 여자 로망 리지 그런 다아시 살펴보
WF_3168,watchapedia,film,미스터 다아시
WF_3169,watchapedia,film,사람 대하 편견 만들
WF_3170,watchapedia,film,오만 그녀 편견 가지 비교 손색없 아름답 영화 분위기 성공 아름답 감성 빠지
WF_3171,watchapedia,film,평점 영화
WF_3172,watchapedia,film,도널드 서덜랜드 웃음 피아노 선율 어우러지 오래도록
WF_3173,watchapedia,film,복장 세트 쏠쏠 스토리
WF_3174,watchapedia,film,강단 엘리자베스 영화 먼저 재밌 친구 철학 풍경 이쁘 마지막 키스
WF_3175,watchapedia,film,오만 편견 그대로 오만 편견
WF_3176,watchapedia,film,
WF_3177,watchapedia,film,스타일 영화 음악 영상 서정
WF_3178,watchapedia,film,모르 최고 최고 배경 예쁘 배우 매력 대박
WF_3179,watchapedia,film,감동 끊이 영화
WF_3180,watchapedia,film,다아시 리지 마차 태우 장면 레알 명장면
WF_3181,watchapedia,film,그대로 옮기 더욱 멋지 영화
WF_3182,watchapedia,film,편견 부수 영화
WF_3183,watchapedia,film,다시 주먹 장면 설레
WF_3184,watchapedia,film,
WF_3185,watchapedia,film,설레이 사람 알리 해피엔딩 가슴 졸이 길거리 실실 거리 만들 마술 영화 다아시 눈빛 왜케 절절
WF_3186,watchapedia,film,
WF_3187,watchapedia,film,메마르
WF_3188,watchapedia,film,다아시 점점 잘생기 보이 효과
WF_3189,watchapedia,film,
WF_3190,watchapedia,film,로맨스 영화 설레 처음 로맨스 싫어하 이거 원작 소설
WF_3191,watchapedia,film,영화 제인 오스틴 소설 오만 편견 사랑
WF_3192,watchapedia,film,영국식 영어 느낌
WF_3193,watchapedia,film,
WF_3194,watchapedia,film,오만 사람 사랑 만들 편견 사람 사랑핳 만들
WF_3195,watchapedia,film,이거 느므즈트
WF_3196,watchapedia,film,매튜 맥퍼딘 모든
WF_3197,watchapedia,film,다아시
WF_3198,watchapedia,film,남자 억양
WF_3199,watchapedia,film,장면 우오아아어넝 심장 어택
WF_3200,watchapedia,film,원작 다시
WF_3201,watchapedia,film,원작 살리
WF_3202,watchapedia,film,노랗 영상 흐드러지 그네 엘리자베스 소설 견주 부족 소설 원작 영화 스미 화면 맞추 사랑 스럽 연인
WF_3203,watchapedia,film,존예
WF_3204,watchapedia,film,초등학생 현실 재현 모습 상상 그리 생각 나이틀리 미모 가장 드러나 작품
WF_3205,watchapedia,film,자극 장면 너무나
WF_3206,watchapedia,film,다시 남자
WF_3207,watchapedia,film,원작 느끼 감정 영상 통하 곱씹 영화 원작 어리 이후 여러 사랑 지금 영화 접하 사랑
WF_3208,watchapedia,film,오만
WF_3209,watchapedia,film,오만 가지 그녀 편견 그녀 오만
WF_3210,watchapedia,film,대사 소설 많이 가져오 소설 빠르 압축 전개 대사 깊이 베넷 부부 특이 많이 드러나 아쉽
WF_3211,watchapedia,film,인생 최고 영화 배우 연기 아름답 풍경 빠짐없이 최고 영화 처음 흐르 예쁘 사랑 이야기 깨닫
WF_3212,watchapedia,film,제목 들어맞 영화 사랑 변하 영화
WF_3213,watchapedia,film,원작 비하 구멍 영상미 영화 아름답 이견
WF_3214,watchapedia,film,영화 오만 편견 영화 원작 절반 기대 감동 여운 처음 다아시 남자 영화 관람 흐리 줄거리 다시 생생 지난번 관람 놓치 많이 이모부 내외 여행 리지 편지 슬퍼하 다아시 안절부절 귀엽 리지 샬롯 방문 갑자기 들어오 아무 나가 다아시 순수 귀엽 따뜻 포근 느끼
WF_3215,watchapedia,film,이제 생각 영화 감정 연기 받치
WF_3216,watchapedia,film,나이틀리
WF_3217,watchapedia,film,여자 주인공 아름답
WF_3218,watchapedia,film,비커밍제 영화 영화 처음 비커밍 제인 제인 아른거리 영화 아름답 슬프
WF_3219,watchapedia,film,엘리자베스 다아시 오만 생각 오만 편견 가지 서로 바라보 그것 영화 오만 편견
WF_3220,watchapedia,film,페티예 보트 투어 감상 영화 최고
WF_3221,watchapedia,film,멜로 영화 100
WF_3222,watchapedia,film,무뚝뚝 오만 가족 이미지 편견 순수 사랑 베넷 부인 장모 만나 걸리
WF_3223,watchapedia,film,최고 장면 대박
WF_3224,watchapedia,film,만나 다시 엘리자베스 머릿속 살아나 영화
WF_3225,watchapedia,film,오만 편견 분위기 표현 섬세 많이 생략 느낌 비쥬얼 영화 커플 개인 드라마
WF_3226,watchapedia,film,다아시 매튜 맥퍼딘 다아시 멋있 영화 분위기 생각 그대로
WF_3227,watchapedia,film,영화 평가 보이 모든 예술 때문
WF_3228,watchapedia,film,여주 마음 따르 마음 따라가
WF_3229,watchapedia,film,고백 걸어오 다아시 배경 음악 압권
WF_3230,watchapedia,film,지키 운명 사랑 이야기 진정 사랑 고백 만들 영화
WF_3231,watchapedia,film,남자 오만 여자 편견 집안 시집가 키우 보람 인생 최종 목표 시대 남자 오만 여자 편견 이러 시대 관념 깨뜨리
WF_3232,watchapedia,film,영화 계속 남자 주인공 가장 로맨틱하
WF_3233,watchapedia,film,편견 인하 틀어지 관계 극복 사랑 이야기
WF_3234,watchapedia,film,영화 감상 담당 대체 머리 마르 영화 이해 보이 잡히 졸라 별로 다시 영화
WF_3235,watchapedia,film,자극 영화 두근거리
WF_3236,watchapedia,film,영화 후반 피어오르 미장 대단
WF_3237,watchapedia,film,심하 오만 편견 해피엔딩
WF_3238,watchapedia,film,엘리자베스 오만과 편견 자체
WF_3239,watchapedia,film,소설 영화
WF_3240,watchapedia,film,어마 무시 영국식 발음 풍경 복장 시대 맞추 디아시 사실 불쌍 눈빛
WF_3241,watchapedia,film,서로 대하 오만 편견 사랑 가로막 그것 서로 대하 순수 사랑 영화 감상 비커밍 제인 색다르
WF_3242,watchapedia,film,나이틀리 생각 뛰어나 연기
WF_3243,watchapedia,film,라이트만 예술 화면 전환 연출 다시 감격
WF_3244,watchapedia,film,압구정 본관
WF_3245,watchapedia,film,실망 영화
WF_3246,watchapedia,film,영화 지금 오만
WF_3247,watchapedia,film,원작 영화 예쁘
WF_3248,watchapedia,film,재밌 영화
WF_3249,watchapedia,film,최고
WF_3250,watchapedia,film,신데렐라 스토리 원작 씌이 시대 생각 주인공 재기 발랄 당차 나이틀리 소녀 연기 그러
WF_3251,watchapedia,film,사랑 스럽 엘리자베스
WF_3252,watchapedia,film,내용 훼손 영화 그대로 녹이 영화
WF_3253,watchapedia,film,사랑한다면 다아시 오만 엘리자베스 편견 지우 사랑 시선 편견 가지
WF_3254,watchapedia,film,굉장히 심리 배경 묘사 영화 때때로 마디 무뚝뚝 눈빛 침묵 아름답
WF_3255,watchapedia,film,자기중심 마음 내려가 소설 만들 그림
WF_3256,watchapedia,film,보이 편견 만들 마음 서로 바라보 사람 다가가 스토리 영상 음악 배역 완벽 걸작
WF_3257,watchapedia,film,영상미
WF_3258,watchapedia,film,드라마 이토록 압축 놀랍 미스터 스타일
WF_3259,watchapedia,film,항상 경계 오만 편견
WF_3260,watchapedia,film,원작 영상 드러내 배우 연기 나오 느낌
WF_3261,watchapedia,film,가족 집안 결혼 사랑 대하 자만심 대하 오만
WF_3262,watchapedia,film,
WF_3263,watchapedia,film,아름답 영화 나오 모든
WF_3264,watchapedia,film,어이쿠 자꾸
WF_3265,watchapedia,film,엘리자베스 아버지 고이 눈물 사랑 울음 터지 나오 엘리자베스 다시 사랑 아버지 사랑 감동
WF_3266,watchapedia,film,최고 영화 최고 영화 엘리자베스 너무나 표현 배우
WF_3267,watchapedia,film,나이틀리 귀엽
WF_3268,watchapedia,film,영화 영어 원서 배경 음악 배우 감동
WF_3269,watchapedia,film,오만 대하 편견
WF_3270,watchapedia,film,드라마 생각나
WF_3271,watchapedia,film,오해 갈등 풀리 과정 재미있 가슴 졸이 이야기
WF_3272,watchapedia,film,비교 나쁘 나이틀리 역대 최고 미모 의외로
WF_3273,watchapedia,film,닮은꼴 오만 편견 그것 뛰어넘 만들 사랑
WF_3274,watchapedia,film,색체 무척 아름답 나오 영화 원작 영화
WF_3275,watchapedia,film,교회 다아시 마주치 고개 돌리 버리 엘리자베스 이어지 장대비 매혹
WF_3276,watchapedia,film,라이트 섬세 나이틀리 호흡 원작 감동 재미없 작품
WF_3277,watchapedia,film,
WF_3278,watchapedia,film,전체 흐름 잔잔 흘러가 고백 장면 잔잔 여운 멋지 장면 여운 느끼 추천 영화
WF_3279,watchapedia,film,소설 말투 그대로 영화 아쉽
WF_3280,watchapedia,film,꺼내 고전 멋지 영국 배우 재미 쏠쏠
WF_3281,watchapedia,film,설레 떨리
WF_3282,watchapedia,film,아름답 배경 제목 그대로 곱씹 영화 키이라 나이틀리 시대극 발하
WF_3283,watchapedia,film,원작 힘들 원작 따뜻 영화
WF_3284,watchapedia,film,오만 편견 사랑 아름답
WF_3285,watchapedia,film,아름답 영상미 아름답 사랑
WF_3286,watchapedia,film,원작 떨리 세련 러브 스토리
WF_3287,watchapedia,film,원작 비교 실망 스럽
WF_3288,watchapedia,film,풍부 내용 원작 전개 급하 그거 영화 차이점 영화 매력 살리
WF_3289,watchapedia,film,사랑 고백 받아들이 버티
WF_3290,watchapedia,film,사랑 스럽 여주인공 웃음
WF_3291,watchapedia,film,오만 편견 사라지 신데렐라 버리
WF_3292,watchapedia,film,원작 대하 애정 모양
WF_3293,watchapedia,film,오만 편견
WF_3294,watchapedia,film,다아시 나오 심장 울렁이
WF_3295,watchapedia,film,나이틀리 연기 영화
WF_3296,watchapedia,film,아름답 서정 오만 로맨스 영화 여자 로망 이토록 캐치 제인 오스틴 작가
WF_3297,watchapedia,film,예쁘 팸플릿 독서 붙이 만들 영화
WF_3298,watchapedia,film,오만 편견 대명사 오해 이야기 멋지 장면 연출
WF_3299,watchapedia,film,미세스
WF_3300,watchapedia,film,나이틀리 배우 끌리 영화 순간 아름답 배경 음악 감동 발견 그런 영화
WF_3301,watchapedia,film,손끝 손끝 손끝
WF_3302,watchapedia,film,영화 가지 고유 분위기 작품 비교
WF_3303,watchapedia,film,한없이 사랑 가꾸 아름답 고귀 사랑 그곳 기다리 오만 편견 없이 사랑
WF_3304,watchapedia,film,여자 설레 포인트 영화
WF_3305,watchapedia,film,편견 치장 제인 오스틴 덕담
WF_3306,watchapedia,film,다아시 키이라나이
WF_3307,watchapedia,film,생각 말미암 감정 사람 힘들
WF_3308,watchapedia,film,영상미 영화
WF_3309,watchapedia,film,영화 따라가 흐름 빠르 주인공 감정 급하 바뀌 주연 배우 캐스팅 포커스 부족 감동
WF_3310,watchapedia,film,사랑 스럽 설레이 사랑
WF_3311,watchapedia,film,로맨스 최고 생각 로맨스 영화 그런 영화
WF_3312,watchapedia,film,남자 환상 좌절 작품
WF_3313,watchapedia,film,모습 설레이
WF_3314,watchapedia,film,
WF_3315,watchapedia,film,원작
WF_3316,watchapedia,film,개월 10 영화 원작 감독 연출 배경 영상 음악 완벽
WF_3317,watchapedia,film,영화 원작 보기
WF_3318,watchapedia,film,영화판
WF_3319,watchapedia,film,그녀 에스코트 미스터 다아시
WF_3320,watchapedia,film,생각 간혹 이해 영화
WF_3321,watchapedia,film,내일
WF_3322,watchapedia,film,영화
WF_3323,watchapedia,film,영화
WF_3324,watchapedia,film,원작 영화 아름답
WF_3325,watchapedia,film,클래식 음악 잔잔 느낌
WF_3326,watchapedia,film,설레
WF_3327,watchapedia,film,원작 모르 감동
WF_3328,watchapedia,film,영화 원작 최대한 살리 개인 지겹
WF_3329,watchapedia,film,지금 영화 제일 설레 배우 얼굴 행동 보이 미묘 감정 영상 아름답
WF_3330,watchapedia,film,백마 왕자 백마 귀족 남자 교만 멍청 여자 이쁘 부모 영화 재밌
WF_3331,watchapedia,film,맥어보이
WF_3332,watchapedia,film,예상 평점 예상 평점 그대로 지새우 영화 음악 풍경 스토리 배우 나무라 메이드 사랑 이야기 사랑
WF_3333,watchapedia,film,감탄 만들 영화
WF_3334,watchapedia,film,가장 영화 이야기 원형 심심 다루 어떡하
WF_3335,watchapedia,film,다아시 오만 엘리자베스 편견 벗어나 진정 서로 다가가
WF_3336,watchapedia,film,아름답 엘리자베스 사랑 아버지 미소 감동 자체
WF_3337,watchapedia,film,풍광 주인공 섬세 감정 충분 영화
WF_3338,watchapedia,film,색감 영화 영화 추천
WF_3339,watchapedia,film,원작 적절히 담아내 재현
WF_3340,watchapedia,film,원작 새침 애절 강화 미스터 다아시 눈빛 내리
WF_3341,watchapedia,film,필요 현대 먹히 매력남 매력녀
WF_3342,watchapedia,film,그대로 옮기 영화 얼굴 왠지 이름 캐스팅 다아시 멋있
WF_3343,watchapedia,film,영화 배경 캐릭터 대사 로맨틱 자체
WF_3344,watchapedia,film,
WF_3345,watchapedia,film,수많 오만 편견 과히 최고
WF_3346,watchapedia,film,영화 장면 사이 인물 사이 들어차 감정 여백 보이
WF_3347,watchapedia,film,오만 편견 사랑 방해 요소 아름답 잔잔 웃기 영화 다시 만나 힘들
WF_3348,watchapedia,film,오만 편견 그닥 다르
WF_3349,watchapedia,film,원작 영화 시대 풍경 의상 남자 주인공 연기 취향저격 로맨스 들이 고맙
WF_3350,watchapedia,film,감동 그대로 옮기 영화 배우 연기 영상미
WF_3351,watchapedia,film,교양 품격 감추 위선 서로 피곤 만들
WF_3352,watchapedia,film,영화 후회 영화 영화 훌륭
WF_3353,watchapedia,film,특색 각색 캐릭터
WF_3354,watchapedia,film,엘리자베스 다아시 제인 오스틴 감성 사랑 스럽
WF_3355,watchapedia,film,나이틀리 엘리자벳 투정 부리 어린애 보이 반면 영화 다아시 해석 주먹 장면
WF_3356,watchapedia,film,사랑 그대로 옮기 이미지 잔잔히 흐르 감정
WF_3357,watchapedia,film,원작 훌륭하
WF_3358,watchapedia,film,원작 이거 어느새 다시 원작 재밌
WF_3359,watchapedia,film,로맨스 교과서
WF_3360,watchapedia,film,진정 사랑 세상 제일 위대 진정 사랑 세상 모든 초월 진정 사랑
WF_3361,watchapedia,film,새벽 걸어오 다아시 섹시
WF_3362,watchapedia,film,처음 다아시 못생기 영화 그런대로 이해 영화 색감 예쁘 키아라 나이틀리 엘리자벳 어울리 좋아하 영화
WF_3363,watchapedia,film,오만 편견 항상 관계 엉망 몰아가 가지 원작 느낌 따뜻
WF_3364,watchapedia,film,소통 아름다움
WF_3365,watchapedia,film,다시 다시 질리 영화 미국 마지막 부분
WF_3366,watchapedia,film,서정 드라마
WF_3367,watchapedia,film,다시 만들 영화
WF_3368,watchapedia,film,새롭 만족
WF_3369,watchapedia,film,낭만 감성 충만
WF_3370,watchapedia,film,잔잔 지루 영화 자존감 엘리자베스 오만 다아시 캐릭터 원작 그만큼 따라오 영화
WF_3371,watchapedia,film,
WF_3372,watchapedia,film,마음 뭉클 첫사랑 생각나 영화
WF_3373,watchapedia,film,단연 사랑 영화
WF_3374,watchapedia,film,
WF_3375,watchapedia,film,아름답 영화 영화 영화 오만 편견
WF_3376,watchapedia,film,주연 배우 상상 모습 거리
WF_3377,watchapedia,film,영화 명작 소설 명작 아깝
WF_3378,watchapedia,film,쵝오
WF_3379,watchapedia,film,사랑 스럽 다시 고백 애절
WF_3380,watchapedia,film,디아시 멋지
WF_3381,watchapedia,film,남녀 사랑 이러 교양 그리
WF_3382,watchapedia,film,조라이트 감독 제인 오스틴 적절 조화 아름답 영상미 서정 작품
WF_3383,watchapedia,film,엘리자베스 손등 키스 장면 제일 멋지 장면 생각
WF_3384,watchapedia,film,마지막 현실 로맨틱
WF_3385,watchapedia,film,
WF_3386,watchapedia,film,영화 배경 대사 사랑 아름답 영화 비커밍제 감상 더욱 감동
WF_3387,watchapedia,film,원작 건드리 영화 먼저 후회 영화
WF_3388,watchapedia,film,배경 아름답 엔딩 부분 나이틀리 예쁘
WF_3389,watchapedia,film,마차 엘리자베스 에스 코트 다아시 여명 물들 들판 마주하 다아시 엘리자베스
WF_3390,watchapedia,film,사람 그대로 느끼 대로 두루 판단 판단 개입 최소한 제한
WF_3391,watchapedia,film,아름답 빗속 고백 잊히
WF_3392,watchapedia,film,이후 오만 편견 나이틀리 표정 계속 떠오르
WF_3393,watchapedia,film,헠헠 지대
WF_3394,watchapedia,film,재밋
WF_3395,watchapedia,film,다시 영화
WF_3396,watchapedia,film,사랑 오만 편견 사랑 이성 감성 산물 명예 전제 사랑 실패
WF_3397,watchapedia,film,미세스 다아시
WF_3398,watchapedia,film,나이틀리 고전 제대로 바라 영화 그녀 음악 영상 완벽 느낌 그림 표현 다아시 흩날리 가슴
WF_3399,watchapedia,film,제일 좋아하 영화 강추 최고 100
WF_3400,watchapedia,film,감정 맘대로
WF_3401,watchapedia,film,질리 설레 가지 기준 로맨스 영화 베스트
WF_3402,watchapedia,film,솔직히 영화 이해 내용
WF_3403,watchapedia,film,초반부 지루 중반 빠지
WF_3404,watchapedia,film,진리
WF_3405,watchapedia,film,감미 채우 화면 통하 들리 영국 발음 매력
WF_3406,watchapedia,film,편견 가지 사람
WF_3407,watchapedia,film,
WF_3408,watchapedia,film,마지막 다아시 엘리자베스 베란다 속닥 거리 장면 설레
WF_3409,watchapedia,film,떨리 눈빛 들판 손길 눈짓
WF_3410,watchapedia,film,생각 영화 오만 편견 망치 인간 생각 만들
WF_3411,watchapedia,film,원작 많이 아쉽
WF_3412,watchapedia,film,최고 영화
WF_3413,watchapedia,film,오랜만 서정 멜로 가장 감명 리자 다아시 사랑 도리 아버지
WF_3414,watchapedia,film,원작 모자르 영상미 캐스팅 훌륭 떠올리 기분 떨리 그런 영화
WF_3415,watchapedia,film,별점 아깝 영화 내내 배경 아름답 배우 탄탄 연기 몰입도 작품
WF_3416,watchapedia,film,나이틀리 매력 느끼 영화 흔하 키스 충분히 설레 사랑 스럽 중세 시대 의상 화면 색다르 재미
WF_3417,watchapedia,film,영화 옮기 원작 파괴 소설 상상 내용 눈앞 그리 영화 작품 감상 소설
WF_3418,watchapedia,film,키이라 나이틀리 예쁘 헐리우드 여배우 정도 근데 영화 배우
WF_3419,watchapedia,film,너무너무 아름답 배경
WF_3420,watchapedia,film,영화 원작 살리 최대 실현 나이틀리 예쁘 배경 음악 어울리
WF_3421,watchapedia,film,미세스 다아시 마음 영원 다아시 콜린 퍼스 남자 주인공 연기 콩깍 단단히 쓰이 열렬히 사랑 가슴 터지 예쁘 처음
WF_3422,watchapedia,film,꺼내
WF_3423,watchapedia,film,남자 오만 여자 편견 허물어지 떠오르 일출 입맞춤 사랑 따스
WF_3424,watchapedia,film,10 돌리 영화 섬세 내면 연출 훌륭 오에스티 다시
WF_3425,watchapedia,film,색다르 영화 그야말로 동화 원작 보다 낭만 그리 편하 개인 제인 오스틴 작품 좋아하 작품
WF_3426,watchapedia,film,지금 영화 최고 영화 오만과 편견 비커밍 제인 어톤먼트순서
WF_3427,watchapedia,film,지금 두어 다시
WF_3428,watchapedia,film,연기 훌륭 눈빛 대박
WF_3429,watchapedia,film,오만 그녀 편견 사랑 점점 허물어지
WF_3430,watchapedia,film,질리 영화 아름답 배경 연기 아름답 작가 생애 다루 영화 비커밍 제인 내용 비슷 결말 다르 슬프 비교
WF_3431,watchapedia,film,그대로 오만 편견
WF_3432,watchapedia,film,개인 생각 나이틀리 리즈시절 매력 사랑 스럽
WF_3433,watchapedia,film,드라마 영화 설레이
WF_3434,watchapedia,film,새벽녘 만남 흐르 멜로디 두고두고 잊히
WF_3435,watchapedia,film,영화
WF_3436,watchapedia,film,결혼 가난 유일 탈출구 시대 여성 애환 보이 영화 배우 연기 대사 하나하나
WF_3437,watchapedia,film,원작 벗어나 추가 빗속 환상 연출 찬사
WF_3438,watchapedia,film,아름답 음악 영상 영화 따라잡 느낌 시대 사람 모습 표현 주인공 연기력 감정 표현
WF_3439,watchapedia,film,어리 다시 다시 느끼
WF_3440,watchapedia,film,지수 독서 발표회 때문 영화 베스트셀러
WF_3441,watchapedia,film,잔잔 은근 아마도 먼저
WF_3442,watchapedia,film,두근거리 영화
WF_3443,watchapedia,film,아직 마지막 장면 설레
WF_3444,watchapedia,film,인생 최고 영화
WF_3445,watchapedia,film,남녀 사이 화성인 금성인 사이 다이스 엘리자베쓰 진심 표현 위하 행동 노력 오만 편견 바꾸 많이 배우
WF_3446,watchapedia,film,키아라 나이틀리 돋보이 영화
WF_3447,watchapedia,film,사실 다아시 멋있 어쩌
WF_3448,watchapedia,film,아름답 감성 넘치 영화 미스터 귀욤
WF_3449,watchapedia,film,가슴 설레 눈빛
WF_3450,watchapedia,film,그리움 아련 노을 번지 영화
WF_3451,watchapedia,film,나쁘
WF_3452,watchapedia,film,예쁘 영화
WF_3453,watchapedia,film,제일 좋아하 소설 다아시 역활 남자 최고 서로 오해 다아시 솔직히 다가서 모습 엘리자베스 방어 서로 대하 모습 이쁘 남자 능력
WF_3454,watchapedia,film,기대 떨리
WF_3455,watchapedia,film,조아
WF_3456,watchapedia,film,
WF_3457,watchapedia,film,음악 달달하 오만과 편견 제목 비하 오만 편견 관하 얘기 모르
WF_3458,watchapedia,film,워킹 타이틀
WF_3459,watchapedia,film,재미
WF_3460,watchapedia,film,재미있 기대 영화 실망 스럽
WF_3461,watchapedia,film,최고
WF_3462,watchapedia,film,원작 마지막 장면 이어지 결말 맘에듬 영상미 나름 근데 다시 엄청 젠틀맨 생기 미스 캐스팅
WF_3463,watchapedia,film,영화 소설 윈윈 영화 소설 다시 원작 각색 느끼 영상미 캐스팅 나무라
WF_3464,watchapedia,film,그것 처음 마지막 깔깔깔 참으로 재밌 대사
WF_3465,watchapedia,film,원작 각색 사람 개인 감독 새롭 해석 영화
WF_3466,watchapedia,film,미스터 다아시
WF_3467,watchapedia,film,
WF_3468,watchapedia,film,가슴 절절 사랑
WF_3469,watchapedia,film,오만 편견 무조건
WF_3470,watchapedia,film,금싱첨화 아름답 원작 곁들이 멋지 연출 매력 배우
WF_3471,watchapedia,film,제인 오스틴 대표작 오만 편견 사랑 과정 힘들 지금 갈아엎 때문 고텅 스럽 값지 사랑
WF_3472,watchapedia,film,재밌 영화
WF_3473,watchapedia,film,서로 엔딩 이야기
WF_3474,watchapedia,film,다리 엄마 웃기
WF_3475,watchapedia,film,잔잔 애잔 영화 영상 예쁘 음악 어울리 빗소리 마차 소리 발자국 소리 적절 원작 정도
WF_3476,watchapedia,film,특유 여운 영화 질리
WF_3477,watchapedia,film,황량 고독 빛나 숭고 담기 자연 자연 어우러지 주인공 러브 스토리 완벽 콜라 이루 아름답 영화
WF_3478,watchapedia,film,
WF_3479,watchapedia,film,라이트 섬세 아름답 자연 경관 잔잔하 영화 방해 음악 모든 영화 아름답 만들
WF_3480,watchapedia,film,영화 결혼 나쁘 생각 영화
WF_3481,watchapedia,film,여자 백설공주 만들 영화
WF_3482,watchapedia,film,
WF_3483,watchapedia,film,나이틀리 예쁘
WF_3484,watchapedia,film,다아시 근데 개인 콜린 퍼스 다아시
WF_3485,watchapedia,film,
WF_3486,watchapedia,film,이성 감성 환희 절망 진실 모순 인간 느끼 모든 감정 표현 사랑 영화
WF_3487,watchapedia,film,역시 영상미 키이라 나이틀리 풋풋 모습 괜찮 다아시 상상 모습
WF_3488,watchapedia,film,영상미 들어가 영화
WF_3489,watchapedia,film,아직 설레 영화 때문 구입
WF_3490,watchapedia,film,아쉬움 영화 장점 다아시 굉장히 매력 캐릭터 느끼
WF_3491,watchapedia,film,어머니 처음 극장 영화 캐스팅 괜찮
WF_3492,watchapedia,film,생애 최고 영화 섬세하 연출 연기 발하
WF_3493,watchapedia,film,짱짱
WF_3494,watchapedia,film,제일 사랑 영화 캐스팅 음악 앵글 모든 완벽
WF_3495,watchapedia,film,원작 나무
WF_3496,watchapedia,film,빠지
WF_3497,watchapedia,film,원작 영화 나름 괜찮
WF_3498,watchapedia,film,이거
WF_3499,watchapedia,film,사랑 스럽 영국 영화 즐겁
WF_3500,watchapedia,film,잔잔 멜로 영화
WF_3501,watchapedia,film,재밌
WF_3502,watchapedia,film,원작 단편 영화 만들 힘들 감안 여주 이쁘
WF_3503,watchapedia,film,솔직히 콜린 퍼스 비하 미스터 다아시 매력 전혀 라이트 감독 영상미
WF_3504,watchapedia,film,재미나
WF_3505,watchapedia,film,대화 필요
WF_3506,watchapedia,film,최고 멜로 영화 잔잔 인연 간절
WF_3507,watchapedia,film,최고 멜로 영화
WF_3508,watchapedia,film,아름답 영화 그림 음악
WF_3509,watchapedia,film,첫인상 오만 가득 남자 그런 남자 편견 바라보 여자 서로 오묘 로맨스 제목
WF_3510,watchapedia,film,풍경 배우 분위기 최고
WF_3511,watchapedia,film,아름답 영화
WF_3512,watchapedia,film,잔잔 아름다움 영화 다아시 엘리자베스 손잡 장면 멋있
WF_3513,watchapedia,film,맥퍼딘
WF_3514,watchapedia,film,자꾸 생각나 영화 이르 아침 안개 만나 사람 자꾸
WF_3515,watchapedia,film,영국 영화 분위기 자체 즐기 오만과 편견 제인 오스틴 소설 감정 이입 재밌
WF_3516,watchapedia,film,계절 느끼 깨알 사랑 스럽 넘치 영화
WF_3517,watchapedia,film,완전 반하
WF_3518,watchapedia,film,오만과 편견 많이 비교 매력 영화 영화 나름 아름답 영상미 자랑 다아시 멋있
WF_3519,watchapedia,film,즐거움 느끼 기분 영화
WF_3520,watchapedia,film,재밌
WF_3521,watchapedia,film,스토리 진리 단어 들어가 영화
WF_3522,watchapedia,film,그냥저냥
WF_3523,watchapedia,film,감각 영상 나이틀리 매력 호감 영화
WF_3524,watchapedia,film,10000000000 영화 최고
WF_3525,watchapedia,film,배우
WF_3526,watchapedia,film,사랑 영화 지겹
